{"type":"FeatureCollection","source":"OpenStreetMap contributors","licence":"ODbL 1.0","retrieved":"2026-08-06","features":[{"type":"Feature","properties":{"kind":"road","class":"trunk","name":null,"ref":null},"geometry":{"type":"LineString","coordinates":[[14.073486328125,58.971782319851826],[14.065589904785156,58.96691532319849],[14.060611724853516,58.961959129582596],[14.050827026367188,58.948237377976284],[14.03778076171875,58.93575026773334],[14.034347534179688,58.931232540469864],[14.031944274902344,58.922638368476754],[14.027824401855469,58.91696681552355],[14.022159576416016,58.90765990628964],[14.020614624023438,58.90411375750193],[14.020099639892578,58.898882523748085],[14.017353057861328,58.89489206740447],[14.01580810546875,58.89161068041423],[14.011001586914062,58.87883691193258],[14.008598327636719,58.874311737435335],[14.008598327636719,58.86880974768968],[14.006023406982422,58.86082143154914],[14.003791809082031,58.85806947351463],[13.996238708496094,58.8523873197023],[13.992805480957031,58.849190698379175],[13.991260528564453,58.84714825805034],[13.989887237548828,58.843684714382135],[13.989028930664062,58.82947167910464],[13.98782730102539,58.82458460162795],[13.977012634277344,58.8080522883846]]}},{"type":"Feature","properties":{"kind":"road","class":"trunk","name":null,"ref":null},"geometry":{"type":"LineString","coordinates":[[13.47799301147461,58.46587303910903],[13.479194641113281,58.468656108529444]]}},{"type":"Feature","properties":{"kind":"road","class":"trunk","name":null,"ref":null},"geometry":{"type":"LineString","coordinates":[[13.477649688720703,58.46874588129421],[13.477821350097656,58.46587303910903]]}},{"type":"Feature","properties":{"kind":"road","class":"trunk","name":null,"ref":null},"geometry":{"type":"LineString","coordinates":[[13.797626495361328,58.595097600139184],[13.798484802246094,58.59554484611658]]}},{"type":"Feature","properties":{"kind":"road","class":"trunk","name":null,"ref":null},"geometry":{"type":"LineString","coordinates":[[13.847064971923828,58.45967767425961],[13.846893310546875,58.459318489199006],[13.847236633300781,58.459228692360625]]}},{"type":"Feature","properties":{"kind":"road","class":"trunk","name":null,"ref":null},"geometry":{"type":"LineString","coordinates":[[13.816165924072266,58.676223742089405],[13.81479263305664,58.67604525718099],[13.813934326171875,58.67497432854458],[13.811702728271484,58.67426035784766]]}},{"type":"Feature","properties":{"kind":"road","class":"trunk","name":null,"ref":null},"geometry":{"type":"LineString","coordinates":[[13.813247680664062,58.67443885189235],[13.81805419921875,58.67506357385386],[13.81856918334961,58.67470659124632],[13.818397521972656,58.6743496049842],[13.817024230957031,58.67417111048269]]}},{"type":"Feature","properties":{"kind":"road","class":"trunk","name":null,"ref":null},"geometry":{"type":"LineString","coordinates":[[13.720378875732422,58.64783316379939],[13.719863891601562,58.64765453358922]]}},{"type":"Feature","properties":{"kind":"road","class":"trunk","name":null,"ref":null},"geometry":{"type":"LineString","coordinates":[[13.841056823730469,58.68238091197617],[13.8427734375,58.683005491649],[13.84552001953125,58.68327316522601]]}},{"type":"Feature","properties":{"kind":"road","class":"trunk","name":null,"ref":null},"geometry":{"type":"LineString","coordinates":[[13.856163024902344,58.69094560048535],[13.858051300048828,58.69237284396672]]}},{"type":"Feature","properties":{"kind":"road","class":"trunk","name":null,"ref":null},"geometry":{"type":"LineString","coordinates":[[13.843975067138672,58.685592916797475],[13.842945098876953,58.68478994333907],[13.8427734375,58.68363006013146],[13.841571807861328,58.68273781601661]]}},{"type":"Feature","properties":{"kind":"road","class":"trunk","name":null,"ref":null},"geometry":{"type":"LineString","coordinates":[[13.84603500366211,58.68336238929493],[13.847064971923828,58.6838977289126],[13.847579956054688,58.68514682271535],[13.848953247070312,58.68603900517047]]}},{"type":"Feature","properties":{"kind":"road","class":"trunk","name":null,"ref":null},"geometry":{"type":"LineString","coordinates":[[13.84552001953125,58.684611502280745],[13.844146728515625,58.684076173624845],[13.84328842163086,58.68434383898045],[13.843116760253906,58.68496838348398],[13.844146728515625,58.68550369843777]]}},{"type":"Feature","properties":{"kind":"road","class":"trunk","name":null,"ref":null},"geometry":{"type":"LineString","coordinates":[[13.955726623535156,58.75048330848537],[13.957271575927734,58.750928566103596]]}},{"type":"Feature","properties":{"kind":"road","class":"trunk","name":null,"ref":null},"geometry":{"type":"LineString","coordinates":[[13.981990814208984,58.765618868761806],[13.980789184570312,58.76552985532487]]}},{"type":"Feature","properties":{"kind":"road","class":"trunk","name":null,"ref":null},"geometry":{"type":"LineString","coordinates":[[14.0570068359375,58.79880497838326],[14.055461883544922,58.79880497838326],[14.055118560791016,58.79898283451189]]}},{"type":"Feature","properties":{"kind":"road","class":"motorway","name":null,"ref":null},"geometry":{"type":"LineString","coordinates":[[13.477649688720703,58.4742215864444],[13.477821350097656,58.472157076483995],[13.477134704589844,58.47179801889473]]}},{"type":"Feature","properties":{"kind":"road","class":"motorway","name":null,"ref":null},"geometry":{"type":"LineString","coordinates":[[13.479194641113281,58.46892542613608],[13.47799301147461,58.47323422724503]]}},{"type":"Feature","properties":{"kind":"road","class":"motorway","name":null,"ref":null},"geometry":{"type":"LineString","coordinates":[[13.520393371582031,58.533233182042466],[13.52142333984375,58.53386043181558],[13.523139953613281,58.53395003801006],[13.523483276367188,58.53439806554772]]}},{"type":"Feature","properties":{"kind":"road","class":"motorway","name":null,"ref":null},"geometry":{"type":"LineString","coordinates":[[13.523139953613281,58.53395003801006],[13.522281646728516,58.53395003801006],[13.521766662597656,58.53421885521962],[13.52193832397461,58.53475648345611]]}},{"type":"Feature","properties":{"kind":"road","class":"motorway","name":null,"ref":null},"geometry":{"type":"LineString","coordinates":[[13.523998260498047,58.53645891848845],[13.522968292236328,58.536010917283704],[13.52142333984375,58.53610051798262],[13.520565032958984,58.535742113813114]]}},{"type":"Feature","properties":{"kind":"road","class":"motorway","name":null,"ref":null},"geometry":{"type":"LineString","coordinates":[[13.52090835571289,58.53565251219828],[13.521251678466797,58.536010917283704],[13.522109985351562,58.5359213163558],[13.522109985351562,58.535114897700794]]}},{"type":"Feature","properties":{"kind":"road","class":"primary","name":null,"ref":null},"geometry":{"type":"LineString","coordinates":[[13.348388671875,58.51145169776146],[13.366584777832031,58.51091371223444],[13.387012481689453,58.50840300406469],[13.396453857421875,58.50903069794501],[13.405380249023438,58.51037571846058],[13.430442810058594,58.51530701937506],[13.438854217529297,58.517906880854554],[13.456363677978516,58.525884563368464],[13.458080291748047,58.52642231938802],[13.458938598632812,58.52669119430601],[13.460311889648438,58.527587429146706]]}},{"type":"Feature","properties":{"kind":"road","class":"primary","name":null,"ref":null},"geometry":{"type":"LineString","coordinates":[[13.457565307617188,58.52669119430601],[13.456363677978516,58.525884563368464]]}},{"type":"Feature","properties":{"kind":"road","class":"primary","name":null,"ref":null},"geometry":{"type":"LineString","coordinates":[[13.458938598632812,58.52669119430601],[13.458423614501953,58.52696006716286],[13.45773696899414,58.52678081882064],[13.458080291748047,58.52642231938802]]}},{"type":"Feature","properties":{"kind":"road","class":"primary","name":null,"ref":null},"geometry":{"type":"LineString","coordinates":[[13.521251678466797,58.53538370597994],[13.52090835571289,58.535562910354486]]}},{"type":"Feature","properties":{"kind":"road","class":"primary","name":null,"ref":null},"geometry":{"type":"LineString","coordinates":[[13.520565032958984,58.53547330828172],[13.521251678466797,58.53538370597994],[13.522796630859375,58.534935691036424],[13.523483276367188,58.53439806554772]]}},{"type":"Feature","properties":{"kind":"road","class":"primary","name":null,"ref":null},"geometry":{"type":"LineString","coordinates":[[13.520393371582031,58.535562910354486],[13.520736694335938,58.535742113813114],[13.520393371582031,58.535562910354486]]}},{"type":"Feature","properties":{"kind":"road","class":"primary","name":null,"ref":null},"geometry":{"type":"LineString","coordinates":[[13.520565032958984,58.535742113813114],[13.520050048828125,58.53583171519895]]}},{"type":"Feature","properties":{"kind":"road","class":"primary","name":null,"ref":null},"geometry":{"type":"LineString","coordinates":[[13.51593017578125,58.53735490372475],[13.515758514404297,58.537713291407954],[13.515071868896484,58.537623694830614],[13.515243530273438,58.53726530623146],[13.51593017578125,58.53735490372475]]}},{"type":"Feature","properties":{"kind":"road","class":"primary","name":null,"ref":null},"geometry":{"type":"LineString","coordinates":[[13.516616821289062,58.5369965123779],[13.516101837158203,58.53744450098898]]}},{"type":"Feature","properties":{"kind":"road","class":"primary","name":null,"ref":null},"geometry":{"type":"LineString","coordinates":[[13.515586853027344,58.53717570850927],[13.516616821289062,58.5369965123779],[13.520050048828125,58.53583171519895],[13.520393371582031,58.53565251219828]]}},{"type":"Feature","properties":{"kind":"road","class":"primary","name":null,"ref":null},"geometry":{"type":"LineString","coordinates":[[13.51318359375,58.53798207976618],[13.514900207519531,58.53753409802428]]}},{"type":"Feature","properties":{"kind":"road","class":"primary","name":null,"ref":null},"geometry":{"type":"LineString","coordinates":[[13.51541519165039,58.53780288775633],[13.51318359375,58.53798207976618],[13.479194641113281,58.53430846049818],[13.473358154296875,58.53296435727631],[13.469066619873047,58.53153059038317],[13.460311889648438,58.527587429146706],[13.458595275878906,58.52696006716286]]}},{"type":"Feature","properties":{"kind":"rail","class":"rail","name":null,"ref":null},"geometry":{"type":"LineString","coordinates":[[13.960533142089844,58.51297594530325],[13.987312316894531,58.5450594315941]]}},{"type":"Feature","properties":{"kind":"rail","class":"rail","name":null,"ref":null},"geometry":{"type":"LineString","coordinates":[[13.928089141845703,58.4742215864444],[13.96036148071289,58.51270696525353],[13.928260803222656,58.47413182766337]]}},{"type":"Feature","properties":{"kind":"rail","class":"rail","name":null,"ref":null},"geometry":{"type":"LineString","coordinates":[[13.915042877197266,58.45877970472935],[13.917617797851562,58.46174291716437],[13.915214538574219,58.45877970472935]]}},{"type":"Feature","properties":{"kind":"rail","class":"rail","name":null,"ref":null},"geometry":{"type":"LineString","coordinates":[[13.914356231689453,58.45770211102632],[13.901309967041016,58.4419834506503]]}},{"type":"Feature","properties":{"kind":"rail","class":"rail","name":null,"ref":null},"geometry":{"type":"LineString","coordinates":[[13.917789459228516,58.46192249777181],[13.92791748046875,58.47386254994481]]}},{"type":"Feature","properties":{"kind":"rail","class":"rail","name":null,"ref":null},"geometry":{"type":"LineString","coordinates":[[14.008426666259766,58.56995318352642],[14.012889862060547,58.57514461392509]]}},{"type":"Feature","properties":{"kind":"rail","class":"rail","name":null,"ref":null},"geometry":{"type":"LineString","coordinates":[[14.008255004882812,58.56968464032619],[13.989543914794922,58.54747794573356]]}},{"type":"Feature","properties":{"kind":"rail","class":"rail","name":null,"ref":null},"geometry":{"type":"LineString","coordinates":[[14.01357650756836,58.576129108713616],[14.046707153320312,58.61459221480689],[14.073486328125,58.6446176801592]]}},{"type":"Feature","properties":{"kind":"rail","class":"rail","name":null,"ref":null},"geometry":{"type":"LineString","coordinates":[[13.987483978271484,58.54514900916803],[13.989372253417969,58.547298802261395],[13.987655639648438,58.54514900916803]]}},{"type":"Feature","properties":{"kind":"rail","class":"rail","name":null,"ref":null},"geometry":{"type":"LineString","coordinates":[[13.987483978271484,58.5449698537912],[13.960704803466797,58.51297594530325]]}},{"type":"Feature","properties":{"kind":"rail","class":"rail","name":null,"ref":null},"geometry":{"type":"LineString","coordinates":[[13.989372253417969,58.54747794573356],[14.008255004882812,58.5697741549551]]}},{"type":"Feature","properties":{"kind":"rail","class":"rail","name":null,"ref":null},"geometry":{"type":"LineString","coordinates":[[14.073486328125,58.64452835694141],[14.047393798828125,58.6153074067814],[14.01357650756836,58.57603961033149]]}},{"type":"Feature","properties":{"kind":"rail","class":"rail","name":null,"ref":null},"geometry":{"type":"LineString","coordinates":[[13.901138305664062,58.4419834506503],[13.9141845703125,58.45770211102632]]}},{"type":"Feature","properties":{"kind":"road","class":"trunk","name":null,"ref":null},"geometry":{"type":"LineString","coordinates":[[13.478507995605469,58.46775836827237],[13.47799301147461,58.46587303910903],[13.474559783935547,58.45967767425961],[13.474044799804688,58.45877970472935],[13.469924926757812,58.4419834506503]]}},{"type":"Feature","properties":{"kind":"road","class":"trunk","name":null,"ref":null},"geometry":{"type":"LineString","coordinates":[[13.478164672851562,58.46775836827237],[13.477821350097656,58.46587303910903],[13.474559783935547,58.45967767425961],[13.470439910888672,58.444139568203894],[13.470268249511719,58.4419834506503]]}},{"type":"Feature","properties":{"kind":"road","class":"trunk","name":null,"ref":null},"geometry":{"type":"LineString","coordinates":[[13.547515869140625,58.54703008533619],[13.555755615234375,58.554105610471225]]}},{"type":"Feature","properties":{"kind":"road","class":"trunk","name":null,"ref":null},"geometry":{"type":"LineString","coordinates":[[13.554210662841797,58.55285182409776],[13.555755615234375,58.554105610471225],[13.55987548828125,58.55535935197943],[13.56313705444336,58.55750851875871],[13.569145202636719,58.560194791831975],[13.578758239746094,58.5638656985663],[13.583393096923828,58.56637243817809],[13.588027954101562,58.567446700229084],[13.59334945678711,58.56968464032619],[13.626823425292969,58.59196671817912],[13.631973266601562,58.59491870014705],[13.63729476928711,58.599748678796374],[13.640556335449219,58.60117965549688],[13.64175796508789,58.6021634180147],[13.642959594726562,58.60448856486744],[13.64776611328125,58.60860190750219],[13.668365478515625,58.62388856908993],[13.68398666381836,58.63362920957198],[13.712654113769531,58.64568954094722],[13.746814727783203,58.65435254092094],[13.759002685546875,58.65819215209402],[13.780975341796875,58.66703058120132],[13.785781860351562,58.667744699917336],[13.789558410644531,58.66890511164917],[13.796768188476562,58.66997622667506],[13.813247680664062,58.67443885189235],[13.822517395019531,58.67577752810536]]}},{"type":"Feature","properties":{"kind":"road","class":"trunk","name":null,"ref":null},"geometry":{"type":"LineString","coordinates":[[13.81856918334961,58.67051177185283],[13.821487426757812,58.66310266692173],[13.822517395019531,58.657924285953726],[13.822345733642578,58.65176279716616],[13.820972442626953,58.64577886119409],[13.818397521972656,58.64024057372515],[13.814964294433594,58.634790756063865],[13.810672760009766,58.62665911936753],[13.806896209716797,58.61584379115885],[13.798656463623047,58.599480364146615],[13.797626495361328,58.59554484611658],[13.79831314086914,58.59134050816144],[13.80208969116211,58.583019797037366],[13.80208969116211,58.580335274578374],[13.799171447753906,58.571922437397745],[13.798656463623047,58.56905803151619],[13.79934310913086,58.566103867516176],[13.808784484863281,58.551866674757804],[13.809986114501953,58.54909019577539],[13.813591003417969,58.5359213163558],[13.817367553710938,58.53018638067911],[13.82131576538086,58.52606381629107],[13.832988739013672,58.51602424178273],[13.836936950683594,58.51145169776146],[13.838481903076172,58.50813398896534],[13.840885162353516,58.50239450898894],[13.842945098876953,58.49925533393997],[13.849468231201172,58.49118188064256],[13.85152816772461,58.48696500615222],[13.852214813232422,58.48220919993361],[13.852043151855469,58.479337458058126],[13.847064971923828,58.466052598623406],[13.846721649169922,58.46416717798371],[13.847236633300781,58.459228692360625],[13.849124908447266,58.451864571301456],[13.85049819946289,58.44836158240926],[13.85427474975586,58.4419834506503]]}},{"type":"Feature","properties":{"kind":"road","class":"trunk","name":null,"ref":null},"geometry":{"type":"LineString","coordinates":[[13.817195892333984,58.673903367017374],[13.817024230957031,58.67417111048269],[13.816680908203125,58.67443885189235]]}},{"type":"Feature","properties":{"kind":"road","class":"trunk","name":null,"ref":null},"geometry":{"type":"LineString","coordinates":[[13.816680908203125,58.673903367017374],[13.817024230957031,58.673903367017374],[13.817195892333984,58.673903367017374],[13.81856918334961,58.67426035784766],[13.819942474365234,58.67533130841122],[13.822517395019531,58.67577752810536],[13.827323913574219,58.67675919133296],[13.829898834228516,58.67765158846683],[13.848953247070312,58.68603900517047],[13.852558135986328,58.688090938154204],[13.856163024902344,58.69094560048535],[13.863372802734375,58.69781367350441],[13.867321014404297,58.70084589828488],[13.869209289550781,58.70147014709559],[13.87247085571289,58.70369951581523],[13.87350082397461,58.704947899974826],[13.874874114990234,58.707979503798526],[13.875045776367188,58.7113674546203],[13.876590728759766,58.71243726534885],[13.877449035644531,58.71439849965151],[13.877620697021484,58.71457678820104],[13.883113861083984,58.720548927042415],[13.885860443115234,58.72464860832045],[13.887748718261719,58.72598535650653],[13.890323638916016,58.727054718087345],[13.8922119140625,58.72750027571442],[13.901481628417969,58.728747806721],[13.925342559814453,58.735430246996145],[13.939590454101562,58.74041896550813],[13.94439697265625,58.743358411035445],[13.944568634033203,58.74398189784566],[13.946113586425781,58.745585098315956],[13.945770263671875,58.746921042249],[13.946113586425781,58.747455405451205],[13.946285247802734,58.7476335246937],[13.94662857055664,58.74781164302382]]}},{"type":"Feature","properties":{"kind":"road","class":"trunk","name":null,"ref":null},"geometry":{"type":"LineString","coordinates":[[13.819255828857422,58.6755097969741],[13.814964294433594,58.67533130841122],[13.81479263305664,58.67595601438421],[13.816165924072266,58.67604525718099],[13.816337585449219,58.67604525718099],[13.816680908203125,58.67604525718099]]}},{"type":"Feature","properties":{"kind":"road","class":"trunk","name":null,"ref":null},"geometry":{"type":"LineString","coordinates":[[13.816337585449219,58.67604525718099],[13.816509246826172,58.675688284623334],[13.816680908203125,58.67443885189235],[13.816680908203125,58.674081862889324],[13.816680908203125,58.673903367017374],[13.817195892333984,58.67336787391952]]}},{"type":"Feature","properties":{"kind":"road","class":"trunk","name":null,"ref":null},"geometry":{"type":"LineString","coordinates":[[13.816509246826172,58.675688284623334],[13.816680908203125,58.67604525718099],[13.816680908203125,58.67631298420099],[13.816165924072266,58.67604525718099]]}},{"type":"Feature","properties":{"kind":"road","class":"trunk","name":null,"ref":null},"geometry":{"type":"LineString","coordinates":[[13.817024230957031,58.67417111048269],[13.816680908203125,58.674081862889324]]}},{"type":"Feature","properties":{"kind":"road","class":"trunk","name":null,"ref":null},"geometry":{"type":"LineString","coordinates":[[13.852558135986328,58.688090938154204],[13.841571807861328,58.68273781601661],[13.82955551147461,58.67765158846683],[13.82406234741211,58.676134499749395],[13.819255828857422,58.6755097969741],[13.811702728271484,58.67426035784766],[13.796768188476562,58.66997622667506]]}},{"type":"Feature","properties":{"kind":"road","class":"trunk","name":null,"ref":null},"geometry":{"type":"LineString","coordinates":[[13.877620697021484,58.71457678820104],[13.877105712890625,58.71448764404039],[13.877449035644531,58.71439849965151]]}},{"type":"Feature","properties":{"kind":"road","class":"trunk","name":null,"ref":null},"geometry":{"type":"LineString","coordinates":[[13.945255279541016,58.74398189784566],[13.944568634033203,58.74398189784566]]}},{"type":"Feature","properties":{"kind":"road","class":"trunk","name":null,"ref":null},"geometry":{"type":"LineString","coordinates":[[13.947830200195312,58.74736634548776],[13.946971893310547,58.7476335246937],[13.94662857055664,58.74781164302382],[13.945941925048828,58.748256934857125]]}},{"type":"Feature","properties":{"kind":"road","class":"trunk","name":null,"ref":null},"geometry":{"type":"LineString","coordinates":[[13.946113586425781,58.747455405451205],[13.946456909179688,58.747455405451205]]}},{"type":"Feature","properties":{"kind":"road","class":"trunk","name":null,"ref":null},"geometry":{"type":"LineString","coordinates":[[13.946800231933594,58.747455405451205],[13.947830200195312,58.74736634548776],[13.949203491210938,58.747277285296235],[13.950748443603516,58.74754446518651],[13.951778411865234,58.747900701846675],[13.967399597167969,58.757428677969955],[13.97186279296875,58.7619691308565],[13.97512435913086,58.76357150201943],[13.980445861816406,58.764995769914634],[13.982677459716797,58.76588590770439],[13.986797332763672,58.76802214536332],[13.995208740234375,58.773095183421106],[14.003448486328125,58.77727765756168],[14.009113311767578,58.7806588642014],[14.01632308959961,58.78830985319314],[14.02456283569336,58.796048091819074],[14.02679443359375,58.79729316448447],[14.030399322509766,58.79844926339126],[14.033489227294922,58.79907176223438],[14.036235809326172,58.79924961699567],[14.049797058105469,58.798716049977116],[14.055118560791016,58.798716049977116],[14.058208465576172,58.79889390656152],[14.060783386230469,58.79933854403444],[14.073486328125,58.801205959206385]]}},{"type":"Feature","properties":{"kind":"road","class":"trunk","name":null,"ref":null},"geometry":{"type":"LineString","coordinates":[[13.984565734863281,58.819430209826066],[13.968429565429688,58.79533660166885],[13.96636962890625,58.791334197785886],[13.965682983398438,58.78777611797156],[13.965682983398438,58.78377284224172],[13.964653015136719,58.78110373530461],[13.962249755859375,58.7783454425915],[13.957271575927734,58.77487502120948],[13.954696655273438,58.76962423741452],[13.950920104980469,58.76659800151782],[13.949031829833984,58.76463970841377],[13.948001861572266,58.76294836645803],[13.94388198852539,58.75110666755427],[13.94439697265625,58.7499489918163],[13.945941925048828,58.748256934857125],[13.946285247802734,58.7476335246937],[13.94662857055664,58.747455405451205],[13.946971893310547,58.7476335246937]]}},{"type":"Feature","properties":{"kind":"road","class":"trunk","name":null,"ref":null},"geometry":{"type":"LineString","coordinates":[[14.060783386230469,58.79933854403444],[14.073486328125,58.80111703695326]]}},{"type":"Feature","properties":{"kind":"road","class":"trunk","name":null,"ref":null},"geometry":{"type":"LineString","coordinates":[[14.055118560791016,58.798716049977116],[14.03451919555664,58.79924961699567],[14.029369354248047,58.79827140452787],[14.02679443359375,58.79738209653701],[14.024734497070312,58.79622596207756],[14.016151428222656,58.78839880826564],[14.008426666259766,58.780125011354556],[14.003448486328125,58.77727765756168],[13.993492126464844,58.77220523032676],[13.982505798339844,58.76588590770439],[13.97512435913086,58.763660520473195],[13.972892761230469,58.76268130493963],[13.97134780883789,58.76161303834181],[13.967227935791016,58.757428677969955],[13.950748443603516,58.74754446518651]]}},{"type":"Feature","properties":{"kind":"road","class":"trunk","name":null,"ref":null},"geometry":{"type":"LineString","coordinates":[[13.854446411132812,58.4419834506503],[13.849983215332031,58.449888569169815],[13.847236633300781,58.459228692360625],[13.846893310546875,58.463359109615254],[13.847579956054688,58.4675788174699],[13.851184844970703,58.47646548147196],[13.852214813232422,58.48005541553064],[13.852214813232422,58.4842731194382],[13.851356506347656,58.487862255887336],[13.849811553955078,58.49082301741561],[13.840713500976562,58.50275325398036],[13.838481903076172,58.50813398896534],[13.835735321044922,58.51297594530325],[13.832988739013672,58.51602424178273],[13.821830749511719,58.52579493656367],[13.81753921508789,58.53018638067911],[13.814964294433594,58.533591611858185],[13.812732696533203,58.53887802607724],[13.809642791748047,58.550523244656006],[13.807239532470703,58.55491159230536],[13.799514770507812,58.566103867516176],[13.798828125,58.56905803151619],[13.799171447753906,58.571922437397745],[13.80208969116211,58.57908242696192],[13.802261352539062,58.583019797037366],[13.79831314086914,58.591877260291454],[13.797626495361328,58.59554484611658],[13.798484802246094,58.59876484835027],[13.805351257324219,58.61199952122357],[13.809986114501953,58.62469294502904],[13.813934326171875,58.63300374546051],[13.81856918334961,58.64024057372515],[13.821487426757812,58.647297270426634],[13.822345733642578,58.65176279716616],[13.822689056396484,58.65667421677654],[13.822345733642578,58.66051357250842],[13.820629119873047,58.666048644094644],[13.81856918334961,58.67051177185283],[13.817195892333984,58.67336787391952],[13.817024230957031,58.673903367017374]]}},{"type":"Feature","properties":{"kind":"road","class":"trunk","name":null,"ref":null},"geometry":{"type":"LineString","coordinates":[[13.56313705444336,58.55750851875871],[13.556098937988281,58.5542847191478]]}},{"type":"Feature","properties":{"kind":"road","class":"motorway","name":null,"ref":null},"geometry":{"type":"LineString","coordinates":[[13.478507995605469,58.46775836827237],[13.477821350097656,58.47538842973836],[13.479194641113281,58.48041438876595],[13.481254577636719,58.483375778029426],[13.484001159667969,58.48633691770152],[13.49395751953125,58.49297614177894],[13.497390747070312,58.49566736161884],[13.502025604248047,58.500331654147146],[13.505115509033203,58.50472628590711],[13.511466979980469,58.52041690915422],[13.517303466796875,58.529738299327704],[13.519706726074219,58.53269553044922],[13.525028228759766,58.5369965123779],[13.52914810180664,58.53887802607724],[13.54116439819336,58.543446996113545],[13.547515869140625,58.54703008533619]]}},{"type":"Feature","properties":{"kind":"road","class":"motorway","name":null,"ref":null},"geometry":{"type":"LineString","coordinates":[[13.554210662841797,58.55285182409776],[13.548202514648438,58.54765708828995],[13.541336059570312,58.54362615927451],[13.527946472167969,58.538609244588116],[13.52468490600586,58.53690691396878],[13.52142333984375,58.53448767036832],[13.516273498535156,58.52875250020219],[13.511466979980469,58.52068583010714],[13.50494384765625,58.50481596654177],[13.501853942871094,58.500331654147146],[13.497390747070312,58.495757065395054],[13.484001159667969,58.48633691770152],[13.481597900390625,58.48409365298997],[13.479881286621094,58.48167076620976],[13.478336334228516,58.47852973836697],[13.477821350097656,58.47538842973836],[13.478164672851562,58.46775836827237]]}},{"type":"Feature","properties":{"kind":"rail","class":"rail","name":null,"ref":null},"geometry":{"type":"LineString","coordinates":[[13.960704803466797,58.51297594530325],[13.96036148071289,58.51270696525353],[13.960533142089844,58.51297594530325]]}},{"type":"Feature","properties":{"kind":"rail","class":"rail","name":null,"ref":null},"geometry":{"type":"LineString","coordinates":[[13.928260803222656,58.47413182766337],[13.92791748046875,58.47386254994481],[13.928089141845703,58.4742215864444]]}},{"type":"Feature","properties":{"kind":"rail","class":"rail","name":null,"ref":null},"geometry":{"type":"LineString","coordinates":[[13.915214538574219,58.45877970472935],[13.914356231689453,58.45770211102632]]}},{"type":"Feature","properties":{"kind":"rail","class":"rail","name":null,"ref":null},"geometry":{"type":"LineString","coordinates":[[13.9141845703125,58.45770211102632],[13.915042877197266,58.45877970472935]]}},{"type":"Feature","properties":{"kind":"rail","class":"rail","name":null,"ref":null},"geometry":{"type":"LineString","coordinates":[[13.917789459228516,58.46192249777181],[13.917617797851562,58.46174291716437]]}},{"type":"Feature","properties":{"kind":"rail","class":"rail","name":null,"ref":null},"geometry":{"type":"LineString","coordinates":[[14.008255004882812,58.5697741549551],[14.008426666259766,58.56995318352642],[14.008255004882812,58.56968464032619]]}},{"type":"Feature","properties":{"kind":"rail","class":"rail","name":null,"ref":null},"geometry":{"type":"LineString","coordinates":[[14.01357650756836,58.57603961033149],[14.012889862060547,58.57514461392509],[14.01357650756836,58.576129108713616]]}},{"type":"Feature","properties":{"kind":"rail","class":"rail","name":null,"ref":null},"geometry":{"type":"LineString","coordinates":[[13.987312316894531,58.5450594315941],[13.987483978271484,58.54514900916803]]}},{"type":"Feature","properties":{"kind":"rail","class":"rail","name":null,"ref":null},"geometry":{"type":"LineString","coordinates":[[13.987655639648438,58.54514900916803],[13.987483978271484,58.5449698537912]]}},{"type":"Feature","properties":{"kind":"rail","class":"rail","name":null,"ref":null},"geometry":{"type":"LineString","coordinates":[[13.989543914794922,58.54747794573356],[13.989372253417969,58.547298802261395],[13.989372253417969,58.54747794573356]]}},{"type":"Feature","properties":{"kind":"road","class":"trunk","name":null,"ref":null},"geometry":{"type":"LineString","coordinates":[[13.348388671875,58.3634648299622],[13.352336883544922,58.365625756337124],[13.357486724853516,58.36787658063787],[13.361434936523438,58.36904695254751],[13.381004333496094,58.37255783540763],[13.385124206542969,58.37309794022997],[13.393020629882812,58.3735480212668],[13.40057373046875,58.37462819233218],[13.406925201416016,58.37525827684959],[13.426837921142578,58.375348288005],[13.437652587890625,58.37606836898138],[13.443832397460938,58.37687844251326],[13.449153900146484,58.37840853065987],[13.45602035522461,58.38074853711598],[13.458251953125,58.38209847023532],[13.46048355102539,58.38452821966547],[13.462028503417969,58.38668785642483],[13.4637451171875,58.39253620858648],[13.462371826171875,58.40117200083125],[13.463401794433594,58.40764745681861],[13.465118408203125,58.41106457892471],[13.46649169921875,58.41403181085653],[13.46597671508789,58.42005542211251],[13.468036651611328,58.42338145253052],[13.469409942626953,58.42904397079627],[13.46975326538086,58.434435998796175],[13.470439910888672,58.444139568203894],[13.472843170166016,58.45348121776237]]}},{"type":"Feature","properties":{"kind":"road","class":"trunk","name":null,"ref":null},"geometry":{"type":"LineString","coordinates":[[13.449153900146484,58.37840853065987],[13.443660736083984,58.37687844251326],[13.436965942382812,58.37606836898138],[13.428211212158203,58.37543829893076],[13.406925201416016,58.37525827684959],[13.402633666992188,58.37498824200566],[13.39284896850586,58.3735480212668],[13.38409423828125,58.37309794022997],[13.364696502685547,58.369767162123736],[13.358688354492188,58.36832672827322],[13.3538818359375,58.36643606962136],[13.348388671875,58.36355487120244]]}},{"type":"Feature","properties":{"kind":"road","class":"trunk","name":null,"ref":null},"geometry":{"type":"LineString","coordinates":[[13.465118408203125,58.41106457892471],[13.46323013305664,58.40773738533025],[13.462371826171875,58.40117200083125],[13.4637451171875,58.391906432648796],[13.463401794433594,58.38992706361313],[13.462028503417969,58.38650789174585],[13.46048355102539,58.38452821966547],[13.459453582763672,58.3832683704841],[13.45602035522461,58.38074853711598]]}},{"type":"Feature","properties":{"kind":"road","class":"trunk","name":null,"ref":null},"geometry":{"type":"LineString","coordinates":[[13.472671508789062,58.45348121776237],[13.470096588134766,58.44360055120072],[13.46975326538086,58.434435998796175],[13.469581604003906,58.42967308328437],[13.468208312988281,58.42454998324462],[13.466320037841797,58.42131395704902],[13.465805053710938,58.41942613777968],[13.46649169921875,58.41403181085653]]}},{"type":"Feature","properties":{"kind":"road","class":"trunk","name":null,"ref":null},"geometry":{"type":"LineString","coordinates":[[13.896675109863281,58.13918320037098],[13.89719009399414,58.140814192803504]]}},{"type":"Feature","properties":{"kind":"road","class":"trunk","name":null,"ref":null},"geometry":{"type":"LineString","coordinates":[[13.896160125732422,58.139364425441556],[13.89719009399414,58.140814192803504],[13.901824951171875,58.149783315885685],[13.903884887695312,58.15503690400024],[13.904571533203125,58.15974635820831],[13.904743194580078,58.16780532399957],[13.904056549072266,58.17215097473493],[13.90268325805664,58.17604350264892],[13.897361755371094,58.18627067296654],[13.890838623046875,58.196494901431095],[13.888263702392578,58.199570642293196],[13.88448715209961,58.202827018863815],[13.8812255859375,58.20499777074312],[13.87624740600586,58.20771102403722],[13.864917755126953,58.212684783412925],[13.853759765625,58.218471553765966],[13.847408294677734,58.222178207879125],[13.832988739013672,58.23347659390785],[13.819770812988281,58.24287410981168],[13.816680908203125,58.24684923248702],[13.813591003417969,58.25344333954726],[13.809986114501953,58.26491235676366],[13.810157775878906,58.276197135838004],[13.80929946899414,58.27863417607111],[13.806037902832031,58.28450043703208],[13.805179595947266,58.28720761433894],[13.805351257324219,58.29126799220029],[13.807926177978516,58.29722237069271],[13.807411193847656,58.29875591201261],[13.806209564208984,58.30001877849668],[13.806037902832031,58.30019918431543],[13.805694580078125,58.30046979131902]]}},{"type":"Feature","properties":{"kind":"road","class":"trunk","name":null,"ref":null},"geometry":{"type":"LineString","coordinates":[[13.895816802978516,58.13873013365935],[13.896846771240234,58.13882074746283],[13.896503448486328,58.13927381302159],[13.895645141601562,58.13918320037098],[13.895816802978516,58.13873013365935]]}},{"type":"Feature","properties":{"kind":"road","class":"trunk","name":null,"ref":null},"geometry":{"type":"LineString","coordinates":[[13.895645141601562,58.13882074746283],[13.895816802978516,58.13664595253866],[13.89495849609375,58.124410256163884],[13.893585205078125,58.11897081971611],[13.89169692993164,58.11480002276616],[13.885688781738281,58.10409878980445],[13.880882263183594,58.09157971311768],[13.87796401977539,58.086861239937576],[13.874530792236328,58.08295895420039],[13.863029479980469,58.0729744205245],[13.862342834472656,58.07206659714794]]}},{"type":"Feature","properties":{"kind":"road","class":"trunk","name":null,"ref":null},"geometry":{"type":"LineString","coordinates":[[13.895816802978516,58.13664595253866],[13.896331787109375,58.138639519625286]]}},{"type":"Feature","properties":{"kind":"road","class":"trunk","name":null,"ref":null},"geometry":{"type":"LineString","coordinates":[[13.805522918701172,58.300289386879854],[13.805694580078125,58.30055999319367],[13.805866241455078,58.30092079839304],[13.80758285522461,58.30407768696182],[13.809642791748047,58.310661148227325],[13.811016082763672,58.31327615583507],[13.813247680664062,58.3152598257459],[13.816852569580078,58.31769417766637],[13.819427490234375,58.31904652299244],[13.82354736328125,58.32021851377405],[13.833675384521484,58.32211164759471],[13.836250305175781,58.32301310426391],[13.857192993164062,58.334189257546115],[13.861656188964844,58.33734317749912],[13.864059448242188,58.340046313418185],[13.865089416503906,58.34247895893418],[13.86526107788086,58.34761399386608],[13.86526107788086,58.35959283935074],[13.864059448242188,58.36130377129197],[13.859424591064453,58.36391503386656]]}},{"type":"Feature","properties":{"kind":"road","class":"trunk","name":null,"ref":null},"geometry":{"type":"LineString","coordinates":[[13.806037902832031,58.30019918431543],[13.805866241455078,58.30092079839304]]}},{"type":"Feature","properties":{"kind":"road","class":"trunk","name":null,"ref":null},"geometry":{"type":"LineString","coordinates":[[13.805694580078125,58.30055999319367],[13.805179595947266,58.3006501948384],[13.805522918701172,58.300289386879854],[13.806209564208984,58.30001877849668]]}},{"type":"Feature","properties":{"kind":"road","class":"trunk","name":null,"ref":null},"geometry":{"type":"LineString","coordinates":[[13.857364654541016,58.3650855371458],[13.863201141357422,58.36175400275829],[13.865089416503906,58.35959283935074],[13.86526107788086,58.34761399386608],[13.865089416503906,58.343469988715896],[13.864402770996094,58.34103741144065],[13.86148452758789,58.33734317749912],[13.858222961425781,58.334820064056345],[13.835220336914062,58.32265252435437],[13.831615447998047,58.3216609106409],[13.822345733642578,58.3200382100284],[13.81856918334961,58.318776058064685],[13.811874389648438,58.31426800469808],[13.810672760009766,58.31291547662482],[13.809642791748047,58.310661148227325],[13.807411193847656,58.30407768696182],[13.805351257324219,58.3006501948384]]}},{"type":"Feature","properties":{"kind":"road","class":"trunk","name":null,"ref":null},"geometry":{"type":"LineString","coordinates":[[13.854618072509766,58.37030730966046],[13.854618072509766,58.36994721222126]]}},{"type":"Feature","properties":{"kind":"road","class":"trunk","name":null,"ref":null},"geometry":{"type":"LineString","coordinates":[[13.854789733886719,58.36994721222126],[13.854789733886719,58.37030730966046]]}},{"type":"Feature","properties":{"kind":"road","class":"trunk","name":null,"ref":null},"geometry":{"type":"LineString","coordinates":[[13.856334686279297,58.37471820509501],[13.856334686279297,58.374358152665934],[13.854789733886719,58.37129755867207]]}},{"type":"Feature","properties":{"kind":"road","class":"trunk","name":null,"ref":null},"geometry":{"type":"LineString","coordinates":[[13.85599136352539,58.3734580055187],[13.85702133178711,58.37417812507357],[13.856334686279297,58.374358152665934]]}},{"type":"Feature","properties":{"kind":"road","class":"trunk","name":null,"ref":null},"geometry":{"type":"LineString","coordinates":[[13.861141204833984,58.376968449535326],[13.86148452758789,58.37714846289063]]}},{"type":"Feature","properties":{"kind":"road","class":"trunk","name":null,"ref":null},"geometry":{"type":"LineString","coordinates":[[13.857536315917969,58.43758096709337],[13.853931427001953,58.44270217118037],[13.850669860839844,58.44836158240926],[13.84878158569336,58.45348121776237]]}},{"type":"Feature","properties":{"kind":"road","class":"trunk","name":null,"ref":null},"geometry":{"type":"LineString","coordinates":[[13.848609924316406,58.45348121776237],[13.85049819946289,58.44836158240926],[13.852386474609375,58.444858244697684],[13.857536315917969,58.43758096709337],[13.865604400634766,58.42661728875433],[13.865947723388672,58.42607800336563]]}},{"type":"Feature","properties":{"kind":"road","class":"trunk","name":null,"ref":null},"geometry":{"type":"LineString","coordinates":[[13.409843444824219,58.375348288005],[13.408985137939453,58.37570833033024]]}},{"type":"Feature","properties":{"kind":"road","class":"trunk","name":null,"ref":null},"geometry":{"type":"LineString","coordinates":[[13.410530090332031,58.37525827684959],[13.411731719970703,58.37462819233218],[13.412418365478516,58.374268138984576],[13.413963317871094,58.374448166117645]]}},{"type":"Feature","properties":{"kind":"road","class":"trunk","name":null,"ref":null},"geometry":{"type":"LineString","coordinates":[[13.41379165649414,58.37453817933974],[13.413105010986328,58.374448166117645],[13.412418365478516,58.374268138984576]]}},{"type":"Feature","properties":{"kind":"road","class":"trunk","name":null,"ref":null},"geometry":{"type":"LineString","coordinates":[[13.413448333740234,58.37498824200566],[13.413105010986328,58.374448166117645]]}},{"type":"Feature","properties":{"kind":"road","class":"trunk","name":null,"ref":null},"geometry":{"type":"LineString","coordinates":[[13.411731719970703,58.37462819233218],[13.411903381347656,58.37525827684959]]}},{"type":"Feature","properties":{"kind":"road","class":"trunk","name":null,"ref":null},"geometry":{"type":"LineString","coordinates":[[13.411731719970703,58.37687844251326],[13.412246704101562,58.376968449535326],[13.411388397216797,58.37669842778024],[13.408985137939453,58.37570833033024],[13.407611846923828,58.375348288005]]}},{"type":"Feature","properties":{"kind":"road","class":"trunk","name":null,"ref":null},"geometry":{"type":"LineString","coordinates":[[13.411903381347656,58.3773284753274],[13.411388397216797,58.37669842778024]]}},{"type":"Feature","properties":{"kind":"road","class":"trunk","name":null,"ref":null},"geometry":{"type":"LineString","coordinates":[[13.463573455810547,58.394065617604724],[13.46323013305664,58.39352583376194],[13.462371826171875,58.39334590397789],[13.461685180664062,58.393165973275615],[13.460826873779297,58.39271614250262],[13.461341857910156,58.39298604165509],[13.461685180664062,58.393165973275615]]}},{"type":"Feature","properties":{"kind":"road","class":"trunk","name":null,"ref":null},"geometry":{"type":"LineString","coordinates":[[13.462371826171875,58.39334590397789],[13.463401794433594,58.393165973275615],[13.4637451171875,58.39253620858648]]}},{"type":"Feature","properties":{"kind":"road","class":"trunk","name":null,"ref":null},"geometry":{"type":"LineString","coordinates":[[13.463573455810547,58.39046690255125],[13.463916778564453,58.390916762019856],[13.46597671508789,58.391456585806424],[13.46649169921875,58.39199640132861]]}},{"type":"Feature","properties":{"kind":"road","class":"trunk","name":null,"ref":null},"geometry":{"type":"LineString","coordinates":[[13.461341857910156,58.39244624128409],[13.461341857910156,58.39298604165509]]}},{"type":"Feature","properties":{"kind":"road","class":"trunk","name":null,"ref":null},"geometry":{"type":"LineString","coordinates":[[13.466320037841797,58.39262617565933],[13.466320037841797,58.39244624128409]]}},{"type":"Feature","properties":{"kind":"road","class":"trunk","name":null,"ref":null},"geometry":{"type":"LineString","coordinates":[[13.466663360595703,58.39244624128409],[13.466320037841797,58.39262617565933],[13.4637451171875,58.39352583376194]]}},{"type":"Feature","properties":{"kind":"road","class":"trunk","name":null,"ref":null},"geometry":{"type":"LineString","coordinates":[[13.462371826171875,58.384258255772096],[13.462200164794922,58.38515812738092],[13.46151351928711,58.38560805457561],[13.461685180664062,58.385967992198744]]}},{"type":"Feature","properties":{"kind":"road","class":"trunk","name":null,"ref":null},"geometry":{"type":"LineString","coordinates":[[13.461341857910156,58.38560805457561],[13.459796905517578,58.385068141253186]]}},{"type":"Feature","properties":{"kind":"road","class":"trunk","name":null,"ref":null},"geometry":{"type":"LineString","coordinates":[[13.460655212402344,58.384708194446404],[13.46151351928711,58.38515812738092],[13.462200164794922,58.38515812738092]]}},{"type":"Feature","properties":{"kind":"road","class":"trunk","name":null,"ref":null},"geometry":{"type":"LineString","coordinates":[[13.458251953125,58.384708194446404],[13.458595275878906,58.385068141253186],[13.459796905517578,58.385068141253186],[13.46048355102539,58.384888168308976],[13.46048355102539,58.38452821966547]]}},{"type":"Feature","properties":{"kind":"road","class":"trunk","name":null,"ref":null},"geometry":{"type":"LineString","coordinates":[[13.449840545654297,58.37858853666728],[13.449153900146484,58.37858853666728],[13.449153900146484,58.37840853065987]]}},{"type":"Feature","properties":{"kind":"road","class":"trunk","name":null,"ref":null},"geometry":{"type":"LineString","coordinates":[[13.469409942626953,58.43461571884009],[13.470268249511719,58.43452585893286],[13.469409942626953,58.43461571884009],[13.46923828125,58.43461571884009]]}},{"type":"Feature","properties":{"kind":"road","class":"trunk","name":null,"ref":null},"geometry":{"type":"LineString","coordinates":[[13.808612823486328,58.307324478511134],[13.81032943725586,58.31039061916428],[13.81032943725586,58.312103934953626]]}},{"type":"Feature","properties":{"kind":"road","class":"trunk","name":null,"ref":null},"geometry":{"type":"LineString","coordinates":[[13.808269500732422,58.310661148227325],[13.808269500732422,58.30984955483103],[13.809127807617188,58.30930848222155]]}},{"type":"Feature","properties":{"kind":"road","class":"trunk","name":null,"ref":null},"geometry":{"type":"LineString","coordinates":[[13.80929946899414,58.31002991052836],[13.808956146240234,58.309669198214124],[13.808269500732422,58.30984955483103]]}},{"type":"Feature","properties":{"kind":"road","class":"trunk","name":null,"ref":null},"geometry":{"type":"LineString","coordinates":[[13.83453369140625,58.322472233020534],[13.834705352783203,58.3227426696765],[13.834362030029297,58.32319339283964],[13.834877014160156,58.32355396723298]]}},{"type":"Feature","properties":{"kind":"road","class":"trunk","name":null,"ref":null},"geometry":{"type":"LineString","coordinates":[[13.83453369140625,58.32238208700883],[13.83504867553711,58.322291940767315],[13.836078643798828,58.3216609106409],[13.837108612060547,58.321751058491344]]}},{"type":"Feature","properties":{"kind":"road","class":"trunk","name":null,"ref":null},"geometry":{"type":"LineString","coordinates":[[13.83504867553711,58.322291940767315],[13.835220336914062,58.32265252435437],[13.834705352783203,58.3227426696765]]}},{"type":"Feature","properties":{"kind":"road","class":"trunk","name":null,"ref":null},"geometry":{"type":"LineString","coordinates":[[13.862857818603516,58.338604666663315],[13.865604400634766,58.340136414387274],[13.864917755126953,58.34130770607618],[13.865089416503906,58.34247895893418]]}},{"type":"Feature","properties":{"kind":"road","class":"trunk","name":null,"ref":null},"geometry":{"type":"LineString","coordinates":[[13.864059448242188,58.340496815965906],[13.863029479980469,58.3396859072441],[13.862342834472656,58.33959580512612],[13.861656188964844,58.339956212219306],[13.862857818603516,58.33869477130878]]}},{"type":"Feature","properties":{"kind":"road","class":"trunk","name":null,"ref":null},"geometry":{"type":"LineString","coordinates":[[13.854618072509766,58.37030730966046],[13.854446411132812,58.36994721222126]]}},{"type":"Feature","properties":{"kind":"road","class":"trunk","name":null,"ref":null},"geometry":{"type":"LineString","coordinates":[[13.850841522216797,58.3676064893007],[13.852386474609375,58.3676064893007]]}},{"type":"Feature","properties":{"kind":"road","class":"trunk","name":null,"ref":null},"geometry":{"type":"LineString","coordinates":[[13.867149353027344,58.42643752787578],[13.864402770996094,58.428145219170176]]}},{"type":"Feature","properties":{"kind":"road","class":"trunk","name":null,"ref":null},"geometry":{"type":"LineString","coordinates":[[13.864574432373047,58.427875589208725],[13.864917755126953,58.426257766079544]]}},{"type":"Feature","properties":{"kind":"road","class":"trunk","name":null,"ref":null},"geometry":{"type":"LineString","coordinates":[[13.85976791381836,58.43461571884009],[13.85873794555664,58.43749111475586],[13.85650634765625,58.43919826994559]]}},{"type":"Feature","properties":{"kind":"road","class":"trunk","name":null,"ref":null},"geometry":{"type":"LineString","coordinates":[[13.855648040771484,58.44009673941784],[13.856163024902344,58.438030225340384],[13.856849670410156,58.4371317031119],[13.858909606933594,58.43560416268022]]}},{"type":"Feature","properties":{"kind":"road","class":"trunk","name":null,"ref":null},"geometry":{"type":"LineString","coordinates":[[13.861656188964844,58.339956212219306],[13.861656188964844,58.340496815965906]]}},{"type":"Feature","properties":{"kind":"road","class":"trunk","name":null,"ref":null},"geometry":{"type":"LineString","coordinates":[[13.875560760498047,58.39496523897827],[13.873157501220703,58.39541504105679]]}},{"type":"Feature","properties":{"kind":"road","class":"trunk","name":null,"ref":null},"geometry":{"type":"LineString","coordinates":[[13.87350082397461,58.394695354976506],[13.874187469482422,58.39523512091404]]}},{"type":"Feature","properties":{"kind":"road","class":"trunk","name":null,"ref":null},"geometry":{"type":"LineString","coordinates":[[13.873844146728516,58.39379572671635],[13.873672485351562,58.39343586898468]]}},{"type":"Feature","properties":{"kind":"road","class":"trunk","name":null,"ref":null},"geometry":{"type":"LineString","coordinates":[[13.872642517089844,58.39325593874153],[13.872299194335938,58.39370576262775]]}},{"type":"Feature","properties":{"kind":"road","class":"trunk","name":null,"ref":null},"geometry":{"type":"LineString","coordinates":[[13.871784210205078,58.39361579830964],[13.872814178466797,58.393165973275615],[13.87350082397461,58.393165973275615]]}},{"type":"Feature","properties":{"kind":"road","class":"trunk","name":null,"ref":null},"geometry":{"type":"LineString","coordinates":[[13.880538940429688,58.41142425671126],[13.8812255859375,58.41223351830618],[13.882255554199219,58.41241335169181],[13.882770538330078,58.412952846341284]]}},{"type":"Feature","properties":{"kind":"road","class":"trunk","name":null,"ref":null},"geometry":{"type":"LineString","coordinates":[[13.879165649414062,58.413132676055255],[13.879337310791016,58.41286293114007],[13.879852294921875,58.41250326804044],[13.880538940429688,58.41214360126912],[13.880367279052734,58.41106457892471]]}},{"type":"Feature","properties":{"kind":"road","class":"trunk","name":null,"ref":null},"geometry":{"type":"LineString","coordinates":[[13.879337310791016,58.41286293114007],[13.879508972167969,58.413132676055255]]}},{"type":"Feature","properties":{"kind":"road","class":"trunk","name":null,"ref":null},"geometry":{"type":"LineString","coordinates":[[13.882255554199219,58.41241335169181],[13.881568908691406,58.41250326804044],[13.881397247314453,58.413941898409036]]}},{"type":"Feature","properties":{"kind":"road","class":"trunk","name":null,"ref":null},"geometry":{"type":"LineString","coordinates":[[13.8812255859375,58.413941898409036],[13.88071060180664,58.41259318415956],[13.879852294921875,58.41250326804044]]}},{"type":"Feature","properties":{"kind":"road","class":"trunk","name":null,"ref":null},"geometry":{"type":"LineString","coordinates":[[13.87521743774414,58.4196958324419],[13.875904083251953,58.419246340190966],[13.876590728759766,58.4196958324419]]}},{"type":"Feature","properties":{"kind":"road","class":"trunk","name":null,"ref":null},"geometry":{"type":"LineString","coordinates":[[13.859424591064453,58.36391503386656],[13.857707977294922,58.36499549981005],[13.85702133178711,58.36598589787127],[13.857364654541016,58.36751645839567],[13.85650634765625,58.36796661062428],[13.854789733886719,58.36796661062428],[13.850154876708984,58.36769651997608],[13.852214813232422,58.36787658063787],[13.853588104248047,58.36850678571972],[13.854446411132812,58.36994721222126]]}},{"type":"Feature","properties":{"kind":"road","class":"trunk","name":null,"ref":null},"geometry":{"type":"LineString","coordinates":[[13.854789733886719,58.37129755867207],[13.854618072509766,58.37030730966046]]}},{"type":"Feature","properties":{"kind":"road","class":"trunk","name":null,"ref":null},"geometry":{"type":"LineString","coordinates":[[13.852386474609375,58.3676064893007],[13.855133056640625,58.36697626814251],[13.857364654541016,58.3650855371458]]}},{"type":"Feature","properties":{"kind":"road","class":"trunk","name":null,"ref":null},"geometry":{"type":"LineString","coordinates":[[13.850841522216797,58.3676064893007],[13.854789733886719,58.36796661062428],[13.855476379394531,58.36805664038101],[13.85702133178711,58.36769651997608],[13.857364654541016,58.366886235629835],[13.856849670410156,58.36661613671376],[13.856163024902344,58.36679620288746],[13.854961395263672,58.368416757111305]]}},{"type":"Feature","properties":{"kind":"road","class":"motorway","name":null,"ref":null},"geometry":{"type":"LineString","coordinates":[[13.46597671508789,58.391456585806424],[13.469066619873047,58.39262617565933]]}},{"type":"Feature","properties":{"kind":"road","class":"motorway","name":null,"ref":null},"geometry":{"type":"LineString","coordinates":[[13.52640151977539,58.395684919549325],[13.528804779052734,58.395325081100225],[13.531208038330078,58.394425468908764]]}},{"type":"Feature","properties":{"kind":"road","class":"motorway","name":null,"ref":null},"geometry":{"type":"LineString","coordinates":[[13.531208038330078,58.396854369143966],[13.529491424560547,58.39595479597594],[13.526573181152344,58.39577487858773]]}},{"type":"Feature","properties":{"kind":"road","class":"motorway","name":null,"ref":null},"geometry":{"type":"LineString","coordinates":[[13.561248779296875,58.39811373301583],[13.558845520019531,58.397034281023025],[13.556442260742188,58.39658449960379]]}},{"type":"Feature","properties":{"kind":"road","class":"motorway","name":null,"ref":null},"geometry":{"type":"LineString","coordinates":[[13.555755615234375,58.39640458542925],[13.558845520019531,58.39640458542925],[13.562450408935547,58.395684919549325]]}},{"type":"Feature","properties":{"kind":"road","class":"trunk","name":null,"ref":null},"geometry":{"type":"LineString","coordinates":[[13.876075744628906,58.394695354976506],[13.875560760498047,58.39496523897827]]}},{"type":"Feature","properties":{"kind":"road","class":"trunk","name":null,"ref":null},"geometry":{"type":"LineString","coordinates":[[13.871784210205078,58.40135189067493],[13.871440887451172,58.400902164344274],[13.870925903320312,58.400812218389575]]}},{"type":"Feature","properties":{"kind":"road","class":"trunk","name":null,"ref":null},"geometry":{"type":"LineString","coordinates":[[13.871612548828125,58.400272537841204],[13.870925903320312,58.400812218389575],[13.869895935058594,58.40162172371902]]}},{"type":"Feature","properties":{"kind":"road","class":"trunk","name":null,"ref":null},"geometry":{"type":"LineString","coordinates":[[13.871612548828125,58.40009264248883],[13.872642517089844,58.400722272205314],[13.871955871582031,58.400722272205314],[13.871784210205078,58.40099211006947]]}},{"type":"Feature","properties":{"kind":"road","class":"trunk","name":null,"ref":null},"geometry":{"type":"LineString","coordinates":[[13.874187469482422,58.39523512091404],[13.874874114990234,58.39523512091404],[13.875560760498047,58.39460539318347]]}},{"type":"Feature","properties":{"kind":"road","class":"trunk","name":null,"ref":null},"geometry":{"type":"LineString","coordinates":[[13.873672485351562,58.39343586898468],[13.872642517089844,58.39325593874153]]}},{"type":"Feature","properties":{"kind":"road","class":"trunk","name":null,"ref":null},"geometry":{"type":"LineString","coordinates":[[13.87350082397461,58.393165973275615],[13.874187469482422,58.39289607550049]]}},{"type":"Feature","properties":{"kind":"road","class":"trunk","name":null,"ref":null},"geometry":{"type":"LineString","coordinates":[[13.876934051513672,58.42095438022753],[13.876419067382812,58.420145318956514],[13.875389099121094,58.41978573020373]]}},{"type":"Feature","properties":{"kind":"road","class":"trunk","name":null,"ref":null},"geometry":{"type":"LineString","coordinates":[[13.877105712890625,58.41978573020373],[13.876762390136719,58.419965525039004],[13.877105712890625,58.42086448544856]]}},{"type":"Feature","properties":{"kind":"road","class":"primary","name":null,"ref":null},"geometry":{"type":"LineString","coordinates":[[13.615150451660156,58.397034281023025],[13.615665435791016,58.396854369143966]]}},{"type":"Feature","properties":{"kind":"road","class":"primary","name":null,"ref":null},"geometry":{"type":"LineString","coordinates":[[13.56210708618164,58.397034281023025],[13.560733795166016,58.397034281023025],[13.560218811035156,58.397394102026624],[13.56039047241211,58.39775391935757],[13.561420440673828,58.39802377994559]]}},{"type":"Feature","properties":{"kind":"road","class":"primary","name":null,"ref":null},"geometry":{"type":"LineString","coordinates":[[13.562450408935547,58.3958648373966],[13.560905456542969,58.396044754325686],[13.561248779296875,58.396674456346744],[13.563823699951172,58.397034281023025]]}},{"type":"Feature","properties":{"kind":"road","class":"primary","name":null,"ref":null},"geometry":{"type":"LineString","coordinates":[[13.571720123291016,58.15965579765901],[13.572063446044922,58.15974635820831]]}},{"type":"Feature","properties":{"kind":"road","class":"motorway","name":null,"ref":null},"geometry":{"type":"LineString","coordinates":[[13.532238006591797,58.396854369143966],[13.531208038330078,58.396854369143966]]}},{"type":"Feature","properties":{"kind":"road","class":"trunk","name":null,"ref":null},"geometry":{"type":"LineString","coordinates":[[13.872642517089844,58.39325593874153],[13.87247085571289,58.39352583376194],[13.87298583984375,58.39397565420481]]}},{"type":"Feature","properties":{"kind":"road","class":"primary","name":null,"ref":null},"geometry":{"type":"LineString","coordinates":[[13.348388671875,58.420504904038125],[13.36212158203125,58.4172685061385],[13.384265899658203,58.40890643509698],[13.397483825683594,58.400272537841204],[13.40005874633789,58.39883334931457],[13.403663635253906,58.39802377994559],[13.421173095703125,58.39424554371587],[13.437995910644531,58.39253620858648],[13.446235656738281,58.39361579830964],[13.451213836669922,58.39388569057536],[13.451900482177734,58.394065617604724]]}},{"type":"Feature","properties":{"kind":"road","class":"primary","name":null,"ref":null},"geometry":{"type":"LineString","coordinates":[[13.403663635253906,58.39802377994559],[13.400230407714844,58.398923300318984],[13.397483825683594,58.400272537841204]]}},{"type":"Feature","properties":{"kind":"road","class":"primary","name":null,"ref":null},"geometry":{"type":"LineString","coordinates":[[13.451213836669922,58.39388569057536],[13.451900482177734,58.39370576262775],[13.452587127685547,58.39361579830964],[13.453617095947266,58.39388569057536]]}},{"type":"Feature","properties":{"kind":"road","class":"primary","name":null,"ref":null},"geometry":{"type":"LineString","coordinates":[[13.452587127685547,58.39361579830964],[13.4527587890625,58.39397565420481]]}},{"type":"Feature","properties":{"kind":"road","class":"primary","name":null,"ref":null},"geometry":{"type":"LineString","coordinates":[[13.460826873779297,58.39271614250262],[13.462028503417969,58.39199640132861],[13.46426010131836,58.39208636977884],[13.464775085449219,58.3921763379995],[13.466148376464844,58.392356273752114]]}},{"type":"Feature","properties":{"kind":"road","class":"primary","name":null,"ref":null},"geometry":{"type":"LineString","coordinates":[[13.466148376464844,58.392266305990574],[13.466320037841797,58.39199640132861],[13.466835021972656,58.3921763379995],[13.466663360595703,58.39244624128409],[13.466148376464844,58.392266305990574]]}},{"type":"Feature","properties":{"kind":"road","class":"primary","name":null,"ref":null},"geometry":{"type":"LineString","coordinates":[[13.464775085449219,58.3921763379995],[13.466148376464844,58.3921763379995]]}},{"type":"Feature","properties":{"kind":"road","class":"primary","name":null,"ref":null},"geometry":{"type":"LineString","coordinates":[[13.46426010131836,58.39208636977884],[13.462028503417969,58.39208636977884],[13.460826873779297,58.39271614250262],[13.457565307617188,58.39361579830964],[13.453617095947266,58.39388569057536],[13.4527587890625,58.39397565420481],[13.452072143554688,58.394065617604724],[13.451900482177734,58.39370576262775]]}},{"type":"Feature","properties":{"kind":"road","class":"primary","name":null,"ref":null},"geometry":{"type":"LineString","coordinates":[[13.573265075683594,58.39775391935757],[13.559703826904297,58.396854369143966]]}},{"type":"Feature","properties":{"kind":"road","class":"primary","name":null,"ref":null},"geometry":{"type":"LineString","coordinates":[[13.348388671875,58.189709237367595],[13.365039825439453,58.18364628157423],[13.389244079589844,58.17676764687994],[13.413448333740234,58.167895863805654],[13.418598175048828,58.166447199252474],[13.426151275634766,58.16554175394583],[13.435420989990234,58.165451208147545],[13.442974090576172,58.16499847569918],[13.452072143554688,58.16382134436765],[13.480396270751953,58.15829736176022],[13.484172821044922,58.15802566835697],[13.494987487792969,58.15829736176022],[13.497734069824219,58.1579351034282],[13.50442886352539,58.15567090529473],[13.539619445800781,58.14969272997968],[13.54665756225586,58.14896803443219],[13.553180694580078,58.14887744645131],[13.557987213134766,58.149783315885685],[13.559188842773438,58.150145657204405]]}},{"type":"Feature","properties":{"kind":"road","class":"primary","name":null,"ref":null},"geometry":{"type":"LineString","coordinates":[[13.560905456542969,58.15087032877625],[13.55987548828125,58.15059857866581],[13.559188842773438,58.150507994834584],[13.55936050415039,58.15005507222054],[13.560047149658203,58.15023624195777]]}},{"type":"Feature","properties":{"kind":"road","class":"primary","name":null,"ref":null},"geometry":{"type":"LineString","coordinates":[[13.559017181396484,58.15041741077286],[13.557987213134766,58.149783315885685]]}},{"type":"Feature","properties":{"kind":"road","class":"primary","name":null,"ref":null},"geometry":{"type":"LineString","coordinates":[[13.559532165527344,58.15005507222054],[13.560733795166016,58.14942097087837]]}},{"type":"Feature","properties":{"kind":"road","class":"primary","name":null,"ref":null},"geometry":{"type":"LineString","coordinates":[[13.561248779296875,58.14960214384311],[13.560733795166016,58.14933038405022],[13.561248779296875,58.14905862218248],[13.56210708618164,58.14851509222251]]}},{"type":"Feature","properties":{"kind":"road","class":"primary","name":null,"ref":null},"geometry":{"type":"LineString","coordinates":[[13.561248779296875,58.14905862218248],[13.561763763427734,58.14933038405022],[13.561248779296875,58.14960214384311],[13.560047149658203,58.15023624195777],[13.55987548828125,58.15059857866581]]}},{"type":"Feature","properties":{"kind":"road","class":"primary","name":null,"ref":null},"geometry":{"type":"LineString","coordinates":[[13.560218811035156,58.15032682648058],[13.560905456542969,58.15087032877625],[13.570690155029297,58.158750179488976],[13.572235107421875,58.160108598100436],[13.573265075683594,58.16056139277947]]}},{"type":"Feature","properties":{"kind":"road","class":"primary","name":null,"ref":null},"geometry":{"type":"LineString","coordinates":[[13.573951721191406,58.161104738788026],[13.57309341430664,58.161376408680695],[13.572578430175781,58.160923624373794],[13.570690155029297,58.158750179488976]]}},{"type":"Feature","properties":{"kind":"road","class":"primary","name":null,"ref":null},"geometry":{"type":"LineString","coordinates":[[13.573265075683594,58.161376408680695],[13.574466705322266,58.16201029702981],[13.585968017578125,58.17034035145585],[13.58734130859375,58.17178885745352],[13.588371276855469,58.17387098146958],[13.588371276855469,58.175862464286865],[13.588199615478516,58.18111220257717],[13.588199615478516,58.183284281348364],[13.588886260986328,58.18482275684917],[13.590774536132812,58.186723134657655],[13.604679107666016,58.19522834250304],[13.617725372314453,58.20092750214144],[13.61978530883789,58.202193857909066],[13.6285400390625,58.21060493242226],[13.631114959716797,58.21259435764216],[13.648109436035156,58.22371499972999],[13.674545288085938,58.23627803698784],[13.677291870117188,58.238356384066066],[13.685531616210938,58.24675889373816],[13.694286346435547,58.2516368568437],[13.702354431152344,58.25813976379578],[13.704586029052734,58.25958469223232],[13.714542388916016,58.2641900085101],[13.719005584716797,58.26563469029239],[13.729991912841797,58.26816274168738],[13.74664306640625,58.27321830337769],[13.751964569091797,58.275475017639025],[13.755054473876953,58.27709976288395],[13.767757415771484,58.28594429068812],[13.775653839111328,58.28919274614455],[13.795394897460938,58.294876826015894],[13.800544738769531,58.29704194969787],[13.80483627319336,58.30001877849668],[13.805351257324219,58.300289386879854]]}},{"type":"Feature","properties":{"kind":"road","class":"primary","name":null,"ref":null},"geometry":{"type":"LineString","coordinates":[[13.572578430175781,58.160923624373794],[13.573436737060547,58.16056139277947],[13.576183319091797,58.16001803847311]]}},{"type":"Feature","properties":{"kind":"road","class":"primary","name":null,"ref":null},"geometry":{"type":"LineString","coordinates":[[13.573436737060547,58.16056139277947],[13.573951721191406,58.161104738788026],[13.574466705322266,58.16201029702981]]}},{"type":"Feature","properties":{"kind":"road","class":"primary","name":null,"ref":null},"geometry":{"type":"LineString","coordinates":[[13.618240356445312,58.14615969982333],[13.635234832763672,58.14045175649679],[13.638668060302734,58.13900197437806],[13.643817901611328,58.13546788316535],[13.646221160888672,58.134289774821895],[13.654460906982422,58.13157091452365],[13.663387298583984,58.127673519487956],[13.66647720336914,58.12703901947262],[13.674545288085938,58.12595127886922],[13.677978515625,58.1246822061905],[13.685359954833984,58.1196961258843],[13.687419891357422,58.11742949509369],[13.691883087158203,58.11099147752623],[13.69394302368164,58.10935911928115],[13.70492935180664,58.105549992695245],[13.717632293701172,58.10237540965812],[13.72140884399414,58.10065194622052],[13.72518539428711,58.09829338759113],[13.73617172241211,58.09058162659991],[13.739604949951172,58.08931129428328],[13.749561309814453,58.08731496639825],[13.753337860107422,58.08550002593748],[13.755054473876953,58.08495552579768],[13.766555786132812,58.083412730281424],[13.783035278320312,58.08005465064605],[13.80105972290039,58.07388222081704],[13.804149627685547,58.07206659714794]]}},{"type":"Feature","properties":{"kind":"road","class":"primary","name":null,"ref":null},"geometry":{"type":"LineString","coordinates":[[13.646221160888672,58.134289774821895],[13.64278793334961,58.13619285354534],[13.638153076171875,58.139364425441556],[13.634719848632812,58.1407235840727],[13.618240356445312,58.14615969982333],[13.60982894897461,58.14851509222251],[13.598499298095703,58.15286309952407],[13.583393096923828,58.15748227532683],[13.576183319091797,58.16001803847311],[13.573951721191406,58.161014181696174]]}},{"type":"Feature","properties":{"kind":"road","class":"primary","name":null,"ref":null},"geometry":{"type":"LineString","coordinates":[[13.805007934570312,58.3003795892144],[13.80483627319336,58.30001877849668]]}},{"type":"Feature","properties":{"kind":"road","class":"primary","name":null,"ref":null},"geometry":{"type":"LineString","coordinates":[[13.850154876708984,58.36769651997608],[13.84603500366211,58.36805664038101]]}},{"type":"Feature","properties":{"kind":"road","class":"primary","name":null,"ref":null},"geometry":{"type":"LineString","coordinates":[[13.880538940429688,58.39505519985306],[13.884830474853516,58.39577487858773],[13.895988464355469,58.39793382664581],[13.903026580810547,58.39847354300153],[13.90542984008789,58.398563494924076],[13.92465591430664,58.39757401115119],[13.925857543945312,58.397394102026624],[13.926544189453125,58.39730414712005],[13.926544189453125,58.39766396536916]]}},{"type":"Feature","properties":{"kind":"road","class":"primary","name":null,"ref":null},"geometry":{"type":"LineString","coordinates":[[13.884830474853516,58.39577487858773],[13.876934051513672,58.394695354976506]]}},{"type":"Feature","properties":{"kind":"road","class":"primary","name":null,"ref":null},"geometry":{"type":"LineString","coordinates":[[13.835563659667969,58.3847981814925],[13.835735321044922,58.3847981814925],[13.836250305175781,58.38497815489589],[13.836593627929688,58.385068141253186]]}},{"type":"Feature","properties":{"kind":"road","class":"primary","name":null,"ref":null},"geometry":{"type":"LineString","coordinates":[[13.835735321044922,58.3847981814925],[13.836078643798828,58.38497815489589]]}},{"type":"Feature","properties":{"kind":"road","class":"primary","name":null,"ref":null},"geometry":{"type":"LineString","coordinates":[[13.835906982421875,58.385068141253186],[13.836078643798828,58.38497815489589],[13.836250305175781,58.38497815489589],[13.837451934814453,58.384348243966116],[13.838310241699219,58.38290840530962]]}},{"type":"Feature","properties":{"kind":"road","class":"primary","name":null,"ref":null},"geometry":{"type":"LineString","coordinates":[[13.836936950683594,58.3847981814925],[13.836593627929688,58.38515812738092],[13.835906982421875,58.385068141253186],[13.835563659667969,58.3847981814925],[13.83127212524414,58.383448351693744],[13.820457458496094,58.38146850787527],[13.816852569580078,58.38092853118346],[13.814105987548828,58.38101852787278],[13.809471130371094,58.38236845065984],[13.786811828613281,58.390826790585265],[13.778400421142578,58.39289607550049],[13.77410888671875,58.39352583376194],[13.77084732055664,58.39370576262775],[13.76260757446289,58.39289607550049],[13.75762939453125,58.39163652523209],[13.746986389160156,58.38713776410458],[13.73617172241211,58.38461820717072],[13.731536865234375,58.38263842901793],[13.72243881225586,58.37930855151217],[13.71694564819336,58.37768849744552],[13.711280822753906,58.37723846922381],[13.706989288330078,58.37759849226043],[13.700809478759766,58.37885854395623],[13.687591552734375,58.37975855332772],[13.68398666381836,58.38056854213005],[13.679008483886719,58.38209847023532],[13.667163848876953,58.38389830069988],[13.662528991699219,58.38524811327903],[13.650856018066406,58.38974711546382],[13.650169372558594,58.38875738422817],[13.648967742919922,58.38911728970976],[13.648452758789062,58.39019698411525],[13.647079467773438,58.39073681892111],[13.639354705810547,58.39253620858648],[13.624248504638672,58.395145160498345],[13.615150451660156,58.397034281023025],[13.59231948852539,58.39937305189804],[13.58682632446289,58.39928310204132],[13.573265075683594,58.39775391935757],[13.559703826904297,58.396764412860136]]}},{"type":"Feature","properties":{"kind":"road","class":"primary","name":null,"ref":null},"geometry":{"type":"LineString","coordinates":[[13.835906982421875,58.37597835966304],[13.835735321044922,58.37588835011505],[13.835735321044922,58.37579834033744],[13.835735321044922,58.37570833033024],[13.833332061767578,58.371387579931564],[13.83401870727539,58.37057738032851],[13.835906982421875,58.36985718728732],[13.83676528930664,58.369407059172886]]}},{"type":"Feature","properties":{"kind":"road","class":"primary","name":null,"ref":null},"geometry":{"type":"LineString","coordinates":[[13.835906982421875,58.37588835011505],[13.835735321044922,58.37588835011505]]}},{"type":"Feature","properties":{"kind":"road","class":"primary","name":null,"ref":null},"geometry":{"type":"LineString","coordinates":[[13.835735321044922,58.37570833033024],[13.835906982421875,58.37579834033744],[13.835906982421875,58.37588835011505],[13.835906982421875,58.37597835966304],[13.838310241699219,58.38290840530962],[13.837966918945312,58.38398828981235],[13.836936950683594,58.3847981814925],[13.836593627929688,58.385068141253186],[13.836593627929688,58.38515812738092]]}},{"type":"Feature","properties":{"kind":"road","class":"primary","name":null,"ref":null},"geometry":{"type":"LineString","coordinates":[[13.835735321044922,58.37579834033744],[13.835906982421875,58.37579834033744]]}},{"type":"Feature","properties":{"kind":"road","class":"primary","name":null,"ref":null},"geometry":{"type":"LineString","coordinates":[[13.8372802734375,58.369767162123736],[13.83676528930664,58.36922700631948],[13.837623596191406,58.36895692531701],[13.838825225830078,58.36886689785686],[13.84603500366211,58.36805664038101],[13.850841522216797,58.3676064893007]]}},{"type":"Feature","properties":{"kind":"road","class":"primary","name":null,"ref":null},"geometry":{"type":"LineString","coordinates":[[13.837623596191406,58.36895692531701],[13.838138580322266,58.369407059172886]]}},{"type":"Feature","properties":{"kind":"road","class":"primary","name":null,"ref":null},"geometry":{"type":"LineString","coordinates":[[13.838825225830078,58.36886689785686],[13.838138580322266,58.369407059172886],[13.8372802734375,58.369767162123736],[13.835906982421875,58.36985718728732]]}},{"type":"Feature","properties":{"kind":"road","class":"primary","name":null,"ref":null},"geometry":{"type":"LineString","coordinates":[[13.92568588256836,58.39766396536916],[13.92465591430664,58.39757401115119]]}},{"type":"Feature","properties":{"kind":"road","class":"primary","name":null,"ref":null},"geometry":{"type":"LineString","coordinates":[[13.92791748046875,58.39766396536916],[13.926544189453125,58.39766396536916],[13.925857543945312,58.39775391935757],[13.925857543945312,58.397394102026624]]}},{"type":"Feature","properties":{"kind":"road","class":"primary","name":null,"ref":null},"geometry":{"type":"LineString","coordinates":[[13.926544189453125,58.397394102026624],[13.92791748046875,58.39766396536916],[13.93341064453125,58.399103201639235],[13.943710327148438,58.39883334931457],[13.955039978027344,58.40000269446833],[13.967227935791016,58.40000269446833],[13.973922729492188,58.400812218389575],[13.985424041748047,58.40252115228017],[13.998641967773438,58.406388433558135],[14.014091491699219,58.40944598344646],[14.019241333007812,58.40971575452306],[14.027652740478516,58.409535907368166],[14.031085968017578,58.40971575452306],[14.0350341796875,58.41034521233621],[14.041385650634766,58.41232343511376],[14.044647216796875,58.412952846341284],[14.058036804199219,58.413851985732066],[14.073486328125,58.41538047003198]]}},{"type":"Feature","properties":{"kind":"road","class":"primary","name":null,"ref":null},"geometry":{"type":"LineString","coordinates":[[13.522453308105469,58.07206659714794],[13.52142333984375,58.0729744205245],[13.520565032958984,58.075062326687316],[13.516273498535156,58.080508463655946],[13.51593017578125,58.082595929181196],[13.517131805419922,58.08450176933442],[13.517990112304688,58.08495552579768],[13.522109985351562,58.086044517768784],[13.523139953613281,58.08704273121418],[13.525371551513672,58.09303142547992],[13.528289794921875,58.09811195354365],[13.539791107177734,58.11017530774677],[13.542194366455078,58.11343987475058],[13.546485900878906,58.1209653761579],[13.54940414428711,58.12377569802953],[13.556270599365234,58.128851846678316],[13.560218811035156,58.13220533382352],[13.56210708618164,58.13456164943702],[13.563308715820312,58.13755213323125],[13.563308715820312,58.13927381302159],[13.56210708618164,58.14851509222251],[13.561763763427734,58.14914920970227]]}},{"type":"Feature","properties":{"kind":"road","class":"primary","name":null,"ref":null},"geometry":{"type":"LineString","coordinates":[[13.87624740600586,58.394425468908764],[13.87624740600586,58.39460539318347]]}},{"type":"Feature","properties":{"kind":"road","class":"primary","name":null,"ref":null},"geometry":{"type":"LineString","coordinates":[[13.876934051513672,58.394695354976506],[13.87624740600586,58.39460539318347],[13.875560760498047,58.39460539318347],[13.87247085571289,58.39397565420481]]}},{"type":"Feature","properties":{"kind":"road","class":"primary","name":null,"ref":null},"geometry":{"type":"LineString","coordinates":[[13.875560760498047,58.39460539318347],[13.875560760498047,58.3943355064271]]}},{"type":"Feature","properties":{"kind":"road","class":"primary","name":null,"ref":null},"geometry":{"type":"LineString","coordinates":[[13.87350082397461,58.394065617604724],[13.875560760498047,58.3943355064271],[13.87624740600586,58.394425468908764],[13.880538940429688,58.39505519985306]]}},{"type":"Feature","properties":{"kind":"road","class":"primary","name":null,"ref":null},"geometry":{"type":"LineString","coordinates":[[13.87247085571289,58.39370576262775],[13.871784210205078,58.39361579830964],[13.871612548828125,58.39397565420481],[13.87247085571289,58.39397565420481],[13.87247085571289,58.39370576262775],[13.87350082397461,58.394065617604724]]}},{"type":"Feature","properties":{"kind":"rail","class":"rail","name":null,"ref":null},"geometry":{"type":"LineString","coordinates":[[13.393535614013672,58.14570672187912],[13.362808227539062,58.14326054138101],[13.348388671875,58.14117662542108],[13.363494873046875,58.14344174570036],[13.393535614013672,58.14570672187912]]}},{"type":"Feature","properties":{"kind":"rail","class":"rail","name":null,"ref":null},"geometry":{"type":"LineString","coordinates":[[13.602962493896484,58.211690087268636],[13.600215911865234,58.21078579386625],[13.596782684326172,58.209248442229864],[13.59283447265625,58.206716188563405],[13.546142578125,58.17115514333872],[13.544082641601562,58.169978215738325],[13.539619445800781,58.167895863805654],[13.534984588623047,58.166447199252474],[13.508892059326172,58.15965579765901],[13.501510620117188,58.15820679752298],[13.447952270507812,58.15349713954555],[13.418769836425781,58.149873901561165],[13.394050598144531,58.145797317929066]]}},{"type":"Feature","properties":{"kind":"rail","class":"rail","name":null,"ref":null},"geometry":{"type":"LineString","coordinates":[[13.61429214477539,58.21413156442685],[13.645191192626953,58.2290480552592]]}},{"type":"Feature","properties":{"kind":"rail","class":"rail","name":null,"ref":null},"geometry":{"type":"LineString","coordinates":[[13.645191192626953,58.22895767116407],[13.61429214477539,58.21413156442685],[13.610515594482422,58.21304648419317],[13.602962493896484,58.211690087268636],[13.600215911865234,58.21087622424278],[13.596782684326172,58.20933887652146],[13.59283447265625,58.206716188563405],[13.544082641601562,58.169978215738325],[13.539962768554688,58.1680769427264],[13.536357879638672,58.16680937092195],[13.509750366210938,58.15974635820831],[13.502197265625,58.15820679752298],[13.447952270507812,58.15340656309118],[13.418254852294922,58.149783315885685],[13.394050598144531,58.14570672187912]]}},{"type":"Feature","properties":{"kind":"rail","class":"rail","name":null,"ref":null},"geometry":{"type":"LineString","coordinates":[[13.645706176757812,58.22931920616321],[13.651714324951172,58.23230172935979]]}},{"type":"Feature","properties":{"kind":"rail","class":"rail","name":null,"ref":null},"geometry":{"type":"LineString","coordinates":[[13.66201400756836,58.23935033310258],[13.668537139892578,58.24251271292775]]}},{"type":"Feature","properties":{"kind":"rail","class":"rail","name":null,"ref":null},"geometry":{"type":"LineString","coordinates":[[13.823890686035156,58.33959580512612],[13.824405670166016,58.34256905369949],[13.823375701904297,58.35148729819639],[13.823719024658203,58.353919155914014],[13.825092315673828,58.356080666631016],[13.832130432128906,58.364365232029],[13.835220336914062,58.36985718728732]]}},{"type":"Feature","properties":{"kind":"rail","class":"rail","name":null,"ref":null},"geometry":{"type":"LineString","coordinates":[[13.82028579711914,58.33283749139312],[13.822689056396484,58.33662230632714]]}},{"type":"Feature","properties":{"kind":"rail","class":"rail","name":null,"ref":null},"geometry":{"type":"LineString","coordinates":[[13.808956146240234,58.32679897129091],[13.816165924072266,58.33022393021545]]}},{"type":"Feature","properties":{"kind":"rail","class":"rail","name":null,"ref":null},"geometry":{"type":"LineString","coordinates":[[13.808441162109375,58.326528565662755],[13.796939849853516,58.32102986925196],[13.791790008544922,58.318054808143614],[13.767929077148438,58.30010898152102],[13.753337860107422,58.290997314831344],[13.749732971191406,58.28910251529544],[13.707332611083984,58.27041977801608],[13.698577880859375,58.26509294152629],[13.668537139892578,58.24251271292775],[13.665962219238281,58.24106708856519],[13.66201400756836,58.23935033310258],[13.657207489013672,58.23718168111441],[13.651714324951172,58.23230172935979],[13.645706176757812,58.229228822758756]]}},{"type":"Feature","properties":{"kind":"rail","class":"rail","name":null,"ref":null},"geometry":{"type":"LineString","coordinates":[[13.808441162109375,58.32643842999374],[13.796939849853516,58.320939719562716],[13.791790008544922,58.318054808143614],[13.76810073852539,58.30010898152102],[13.753509521484375,58.290907088581775],[13.74990463256836,58.28910251529544],[13.707332611083984,58.27041977801608]]}},{"type":"Feature","properties":{"kind":"rail","class":"rail","name":null,"ref":null},"geometry":{"type":"LineString","coordinates":[[13.854789733886719,58.392266305990574],[13.837966918945312,58.3734580055187],[13.835563659667969,58.37012726140017]]}},{"type":"Feature","properties":{"kind":"rail","class":"rail","name":null,"ref":null},"geometry":{"type":"LineString","coordinates":[[13.854961395263672,58.39253620858648],[13.86148452758789,58.39793382664581],[13.871269226074219,58.407107880929345]]}},{"type":"Feature","properties":{"kind":"rail","class":"rail","name":null,"ref":null},"geometry":{"type":"LineString","coordinates":[[13.835391998291016,58.37012726140017],[13.83779525756836,58.3734580055187],[13.854618072509766,58.392266305990574]]}},{"type":"Feature","properties":{"kind":"rail","class":"rail","name":null,"ref":null},"geometry":{"type":"LineString","coordinates":[[13.835391998291016,58.36985718728732],[13.831958770751953,58.364005073958424],[13.825092315673828,58.356080666631016],[13.823890686035156,58.353919155914014],[13.823375701904297,58.35148729819639],[13.824577331542969,58.34292943046319],[13.823890686035156,58.33959580512612],[13.822689056396484,58.33662230632714],[13.821830749511719,58.33463983477384],[13.82028579711914,58.33283749139312],[13.818397521972656,58.331395550505505],[13.816165924072266,58.33022393021545],[13.809127807617188,58.32679897129091]]}},{"type":"Feature","properties":{"kind":"rail","class":"rail","name":null,"ref":null},"geometry":{"type":"LineString","coordinates":[[13.871440887451172,58.407107880929345],[13.86148452758789,58.39793382664581],[13.854961395263672,58.39244624128409]]}},{"type":"Feature","properties":{"kind":"rail","class":"rail","name":null,"ref":null},"geometry":{"type":"LineString","coordinates":[[13.910751342773438,58.45348121776237],[13.877277374267578,58.41322259056804],[13.871440887451172,58.40719781081799],[13.876419067382812,58.41232343511376],[13.910751342773438,58.45348121776237]]}},{"type":"Feature","properties":{"kind":"road","class":"trunk","name":null,"ref":null},"geometry":{"type":"LineString","coordinates":[[13.873672485351562,58.394065617604724],[13.874530792236328,58.391906432648796],[13.874874114990234,58.385878008137354],[13.874187469482422,58.38389830069988],[13.872814178466797,58.38245844367546]]}},{"type":"Feature","properties":{"kind":"road","class":"trunk","name":null,"ref":null},"geometry":{"type":"LineString","coordinates":[[13.885860443115234,58.41825743704692],[13.884830474853516,58.4170886975358],[13.882427215576172,58.415470378807896],[13.881397247314453,58.413941898409036],[13.880195617675781,58.41070489746636],[13.878650665283203,58.40890643509698],[13.873329162597656,58.40440987754988],[13.871955871582031,58.402251326121814],[13.871612548828125,58.40009264248883],[13.87350082397461,58.3943355064271]]}},{"type":"Feature","properties":{"kind":"road","class":"trunk","name":null,"ref":null},"geometry":{"type":"LineString","coordinates":[[13.885860443115234,58.41834733848003],[13.885860443115234,58.419965525039004],[13.885688781738281,58.42041500811192],[13.884830474853516,58.42032511195623],[13.883113861083984,58.41978573020373],[13.869037628173828,58.419965525039004],[13.868694305419922,58.420145318956514],[13.868350982666016,58.420594799734914]]}},{"type":"Feature","properties":{"kind":"road","class":"trunk","name":null,"ref":null},"geometry":{"type":"LineString","coordinates":[[13.869037628173828,58.4196059344506],[13.869037628173828,58.419965525039004]]}},{"type":"Feature","properties":{"kind":"road","class":"trunk","name":null,"ref":null},"geometry":{"type":"LineString","coordinates":[[13.868694305419922,58.420145318956514],[13.867835998535156,58.42005542211251]]}},{"type":"Feature","properties":{"kind":"road","class":"trunk","name":null,"ref":null},"geometry":{"type":"LineString","coordinates":[[13.86800765991211,58.41942613777968],[13.869037628173828,58.4196059344506],[13.870582580566406,58.41978573020373],[13.880538940429688,58.4196059344506],[13.883113861083984,58.41978573020373],[13.885002136230469,58.419875627736104],[13.885173797607422,58.419875627736104],[13.885860443115234,58.419965525039004]]}},{"type":"Feature","properties":{"kind":"road","class":"trunk","name":null,"ref":null},"geometry":{"type":"LineString","coordinates":[[13.86800765991211,58.420684695202254],[13.867835998535156,58.42005542211251],[13.867835998535156,58.41951603622988]]}},{"type":"Feature","properties":{"kind":"road","class":"trunk","name":null,"ref":null},"geometry":{"type":"LineString","coordinates":[[13.884830474853516,58.42032511195623],[13.885002136230469,58.419875627736104]]}},{"type":"Feature","properties":{"kind":"road","class":"trunk","name":null,"ref":null},"geometry":{"type":"LineString","coordinates":[[13.885173797607422,58.419875627736104],[13.885860443115234,58.419246340190966],[13.885688781738281,58.41834733848003]]}},{"type":"Feature","properties":{"kind":"road","class":"trunk","name":null,"ref":null},"geometry":{"type":"LineString","coordinates":[[13.857364654541016,58.3650855371458],[13.854961395263672,58.368416757111305],[13.854789733886719,58.36994721222126]]}},{"type":"Feature","properties":{"kind":"road","class":"trunk","name":null,"ref":null},"geometry":{"type":"LineString","coordinates":[[13.854789733886719,58.37129755867207],[13.854618072509766,58.37030730966046]]}},{"type":"Feature","properties":{"kind":"road","class":"trunk","name":null,"ref":null},"geometry":{"type":"LineString","coordinates":[[13.854789733886719,58.37030730966046],[13.85599136352539,58.3734580055187]]}},{"type":"Feature","properties":{"kind":"road","class":"trunk","name":null,"ref":null},"geometry":{"type":"LineString","coordinates":[[13.854618072509766,58.36994721222126],[13.854961395263672,58.368416757111305],[13.85702133178711,58.36553572037943],[13.859424591064453,58.36391503386656]]}},{"type":"Feature","properties":{"kind":"road","class":"trunk","name":null,"ref":null},"geometry":{"type":"LineString","coordinates":[[13.85702133178711,58.37417812507357],[13.857879638671875,58.37462819233218],[13.857364654541016,58.37498824200566],[13.856678009033203,58.37498824200566],[13.856334686279297,58.37471820509501]]}},{"type":"Feature","properties":{"kind":"road","class":"trunk","name":null,"ref":null},"geometry":{"type":"LineString","coordinates":[[13.857707977294922,58.37471820509501],[13.858222961425781,58.37543829893076],[13.861141204833984,58.376968449535326],[13.857192993164062,58.37498824200566]]}},{"type":"Feature","properties":{"kind":"road","class":"trunk","name":null,"ref":null},"geometry":{"type":"LineString","coordinates":[[13.86148452758789,58.37714846289063],[13.87075424194336,58.38101852787278],[13.871955871582031,58.38137851233398]]}},{"type":"Feature","properties":{"kind":"road","class":"trunk","name":null,"ref":null},"geometry":{"type":"LineString","coordinates":[[13.871269226074219,58.381648498269044],[13.87075424194336,58.38101852787278]]}},{"type":"Feature","properties":{"kind":"road","class":"trunk","name":null,"ref":null},"geometry":{"type":"LineString","coordinates":[[13.872642517089844,58.38182848774434],[13.872127532958984,58.38137851233398],[13.871612548828125,58.38137851233398],[13.871269226074219,58.3817384931215],[13.871784210205078,58.38209847023532],[13.872642517089844,58.38182848774434],[13.872814178466797,58.38245844367546],[13.871955871582031,58.38209847023532]]}},{"type":"Feature","properties":{"kind":"road","class":"trunk","name":null,"ref":null},"geometry":{"type":"LineString","coordinates":[[13.885688781738281,58.41825743704692],[13.884658813476562,58.4170886975358],[13.882255554199219,58.415470378807896],[13.881397247314453,58.41430154682212],[13.879680633544922,58.41016536839419],[13.876075744628906,58.406928020463596]]}},{"type":"Feature","properties":{"kind":"road","class":"trunk","name":null,"ref":null},"geometry":{"type":"LineString","coordinates":[[13.87350082397461,58.3943355064271],[13.873672485351562,58.394065617604724]]}},{"type":"Feature","properties":{"kind":"road","class":"trunk","name":null,"ref":null},"geometry":{"type":"LineString","coordinates":[[13.885860443115234,58.41825743704692],[13.885860443115234,58.41834733848003]]}},{"type":"Feature","properties":{"kind":"road","class":"trunk","name":null,"ref":null},"geometry":{"type":"LineString","coordinates":[[13.885688781738281,58.41834733848003],[13.885688781738281,58.41825743704692]]}},{"type":"Feature","properties":{"kind":"road","class":"trunk","name":null,"ref":null},"geometry":{"type":"LineString","coordinates":[[13.867835998535156,58.41951603622988],[13.86800765991211,58.41942613777968]]}},{"type":"Feature","properties":{"kind":"road","class":"trunk","name":null,"ref":null},"geometry":{"type":"LineString","coordinates":[[13.868350982666016,58.420594799734914],[13.865947723388672,58.42607800336563],[13.86800765991211,58.420684695202254]]}},{"type":"Feature","properties":{"kind":"road","class":"motorway","name":null,"ref":null},"geometry":{"type":"LineString","coordinates":[[13.466835021972656,58.39208636977884],[13.485546112060547,58.395505000783885],[13.489837646484375,58.396044754325686],[13.493785858154297,58.396044754325686],[13.507862091064453,58.39523512091404],[13.523483276367188,58.395684919549325],[13.53189468383789,58.395594960281386],[13.550605773925781,58.39613471244593],[13.559703826904297,58.396764412860136]]}},{"type":"Feature","properties":{"kind":"road","class":"motorway","name":null,"ref":null},"geometry":{"type":"LineString","coordinates":[[13.559703826904297,58.396854369143966],[13.552837371826172,58.3963146279977],[13.53189468383789,58.395684919549325],[13.523311614990234,58.3958648373966],[13.50717544555664,58.395325081100225],[13.491039276123047,58.39622467033658],[13.486576080322266,58.39577487858773],[13.466835021972656,58.392356273752114]]}},{"type":"Feature","properties":{"kind":"rail","class":"rail","name":null,"ref":null},"geometry":{"type":"LineString","coordinates":[[13.394050598144531,58.14570672187912],[13.393535614013672,58.14570672187912],[13.394050598144531,58.145797317929066]]}},{"type":"Feature","properties":{"kind":"rail","class":"rail","name":null,"ref":null},"geometry":{"type":"LineString","coordinates":[[13.809127807617188,58.32679897129091],[13.808441162109375,58.32643842999374]]}},{"type":"Feature","properties":{"kind":"rail","class":"rail","name":null,"ref":null},"geometry":{"type":"LineString","coordinates":[[13.808441162109375,58.326528565662755],[13.808956146240234,58.32679897129091]]}},{"type":"Feature","properties":{"kind":"rail","class":"rail","name":null,"ref":null},"geometry":{"type":"LineString","coordinates":[[13.854618072509766,58.392266305990574],[13.854961395263672,58.39253620858648]]}},{"type":"Feature","properties":{"kind":"rail","class":"rail","name":null,"ref":null},"geometry":{"type":"LineString","coordinates":[[13.854961395263672,58.39244624128409],[13.854789733886719,58.392266305990574]]}},{"type":"Feature","properties":{"kind":"rail","class":"rail","name":null,"ref":null},"geometry":{"type":"LineString","coordinates":[[13.835563659667969,58.37012726140017],[13.835391998291016,58.36985718728732]]}},{"type":"Feature","properties":{"kind":"rail","class":"rail","name":null,"ref":null},"geometry":{"type":"LineString","coordinates":[[13.835220336914062,58.36985718728732],[13.835391998291016,58.37012726140017]]}},{"type":"Feature","properties":{"kind":"rail","class":"rail","name":null,"ref":null},"geometry":{"type":"LineString","coordinates":[[13.871269226074219,58.407107880929345],[13.871440887451172,58.407107880929345]]}},{"type":"Feature","properties":{"kind":"rail","class":"rail","name":null,"ref":null},"geometry":{"type":"LineString","coordinates":[[13.645191192626953,58.2290480552592],[13.645706176757812,58.22931920616321]]}},{"type":"Feature","properties":{"kind":"rail","class":"rail","name":null,"ref":null},"geometry":{"type":"LineString","coordinates":[[13.645706176757812,58.229228822758756],[13.645191192626953,58.22895767116407]]}},{"type":"Feature","properties":{"kind":"road","class":"motorway","name":null,"ref":null},"geometry":{"type":"LineString","coordinates":[[13.473014831542969,57.80388956179257],[13.463058471679688,57.80562734380402],[13.456192016601562,57.807456497590465],[13.449840545654297,57.80955990978012],[13.445205688476562,57.8105658461626],[13.439197540283203,57.81093163425473],[13.435935974121094,57.81065729353344],[13.42752456665039,57.80928555862471],[13.421516418457031,57.80928555862471],[13.418769836425781,57.80965135970152],[13.407783508300781,57.812028976271876],[13.402462005615234,57.812303306559215],[13.397998809814453,57.812120419932825],[13.38632583618164,57.81093163425473],[13.377227783203125,57.81093163425473],[13.369674682617188,57.81166319930932],[13.363323211669922,57.812851960873644],[13.348388671875,57.81678373920104]]}},{"type":"Feature","properties":{"kind":"road","class":"motorway","name":null,"ref":null},"geometry":{"type":"LineString","coordinates":[[13.348388671875,57.816692307364605],[13.36160659790039,57.81312628490076],[13.369503021240234,57.81157175448902],[13.378944396972656,57.81065729353344],[13.38632583618164,57.81065729353344],[13.398685455322266,57.812028976271876],[13.402462005615234,57.812211863361966],[13.407783508300781,57.811937532379034],[13.41705322265625,57.809834258848696],[13.421516418457031,57.809194107775795],[13.427181243896484,57.809194107775795],[13.43902587890625,57.81084018757949],[13.445377349853516,57.81047439855993],[13.449840545654297,57.80946845962683],[13.462715148925781,57.80562734380402],[13.466320037841797,57.80480419433894],[13.472843170166016,57.80379809726253]]}},{"type":"Feature","properties":{"kind":"road","class":"trunk","name":null,"ref":null},"geometry":{"type":"LineString","coordinates":[[13.471298217773438,57.803249305212404],[13.472671508789062,57.80352370228101],[13.475761413574219,57.80352370228101]]}},{"type":"Feature","properties":{"kind":"road","class":"trunk","name":null,"ref":null},"geometry":{"type":"LineString","coordinates":[[13.476791381835938,57.80343223682337],[13.473873138427734,57.80407249015701],[13.472328186035156,57.804712732127825]]}},{"type":"Feature","properties":{"kind":"road","class":"trunk","name":null,"ref":null},"geometry":{"type":"LineString","coordinates":[[13.662700653076172,57.77900266173023],[13.661155700683594,57.779368769884314]]}},{"type":"Feature","properties":{"kind":"road","class":"trunk","name":null,"ref":null},"geometry":{"type":"LineString","coordinates":[[13.784923553466797,57.76728524081847],[13.784408569335938,57.76728524081847]]}},{"type":"Feature","properties":{"kind":"road","class":"trunk","name":null,"ref":null},"geometry":{"type":"LineString","coordinates":[[13.73239517211914,57.76417216189168],[13.731880187988281,57.76444685611645],[13.731536865234375,57.76426372686532]]}},{"type":"Feature","properties":{"kind":"road","class":"trunk","name":null,"ref":null},"geometry":{"type":"LineString","coordinates":[[13.865776062011719,57.75510608080606],[13.864917755126953,57.75538084395416]]}},{"type":"Feature","properties":{"kind":"road","class":"trunk","name":null,"ref":null},"geometry":{"type":"LineString","coordinates":[[13.863544464111328,57.755197668754164],[13.864402770996094,57.754922904213515]]}},{"type":"Feature","properties":{"kind":"road","class":"trunk","name":null,"ref":null},"geometry":{"type":"LineString","coordinates":[[13.810844421386719,57.76820080121894],[13.810157775878906,57.76847546481443]]}},{"type":"Feature","properties":{"kind":"road","class":"trunk","name":null,"ref":null},"geometry":{"type":"LineString","coordinates":[[13.938217163085938,57.754373368866],[13.937873840332031,57.75455654824353]]}},{"type":"Feature","properties":{"kind":"road","class":"trunk","name":null,"ref":null},"geometry":{"type":"LineString","coordinates":[[13.91916275024414,57.75455654824353],[13.920021057128906,57.754373368866],[13.920021057128906,57.75455654824353]]}},{"type":"Feature","properties":{"kind":"road","class":"trunk","name":null,"ref":null},"geometry":{"type":"LineString","coordinates":[[13.896331787109375,57.754281778829125],[13.897361755371094,57.75455654824353]]}},{"type":"Feature","properties":{"kind":"road","class":"trunk","name":null,"ref":null},"geometry":{"type":"LineString","coordinates":[[13.895645141601562,57.754648137584155],[13.896331787109375,57.75446495867081]]}},{"type":"Feature","properties":{"kind":"road","class":"trunk","name":null,"ref":null},"geometry":{"type":"LineString","coordinates":[[14.003276824951172,57.75931888621935],[14.002246856689453,57.7592273087146],[14.002418518066406,57.75895257480798]]}},{"type":"Feature","properties":{"kind":"road","class":"motorway","name":null,"ref":null},"geometry":{"type":"LineString","coordinates":[[13.471813201904297,57.80480419433894],[13.469409942626953,57.804621269684816],[13.466835021972656,57.804895656318166]]}},{"type":"Feature","properties":{"kind":"road","class":"motorway","name":null,"ref":null},"geometry":{"type":"LineString","coordinates":[[13.466320037841797,57.80480419433894],[13.469581604003906,57.80407249015701],[13.470783233642578,57.80343223682337]]}},{"type":"Feature","properties":{"kind":"road","class":"motorway","name":null,"ref":null},"geometry":{"type":"LineString","coordinates":[[13.42752456665039,57.80928555862471],[13.425121307373047,57.80928555862471],[13.42254638671875,57.8105658461626],[13.421344757080078,57.8105658461626]]}},{"type":"Feature","properties":{"kind":"road","class":"motorway","name":null,"ref":null},"geometry":{"type":"LineString","coordinates":[[13.419456481933594,57.8093770092417],[13.421516418457031,57.80910265669502],[13.422718048095703,57.80864539781311],[13.42203140258789,57.80800522563959],[13.421173095703125,57.80809667950285]]}},{"type":"Feature","properties":{"kind":"road","class":"motorway","name":null,"ref":null},"geometry":{"type":"LineString","coordinates":[[13.421001434326172,57.807822317217386],[13.422718048095703,57.80800522563959],[13.424606323242188,57.8089197538379],[13.427181243896484,57.809194107775795]]}},{"type":"Feature","properties":{"kind":"road","class":"motorway","name":null,"ref":null},"geometry":{"type":"LineString","coordinates":[[13.42203140258789,57.80800522563959],[13.421001434326172,57.80818813313425]]}},{"type":"Feature","properties":{"kind":"road","class":"motorway","name":null,"ref":null},"geometry":{"type":"LineString","coordinates":[[13.421344757080078,57.81038295072534],[13.422374725341797,57.81047439855993],[13.42306137084961,57.810108605830436],[13.422718048095703,57.80955990978012],[13.42203140258789,57.8093770092417],[13.419628143310547,57.80955990978012]]}},{"type":"Feature","properties":{"kind":"road","class":"trunk","name":null,"ref":null},"geometry":{"type":"LineString","coordinates":[[13.89495849609375,57.88739121967123],[13.899765014648438,57.8862049161597]]}},{"type":"Feature","properties":{"kind":"road","class":"trunk","name":null,"ref":null},"geometry":{"type":"LineString","coordinates":[[13.899250030517578,57.886387426939535],[13.895988464355469,57.887938731169385]]}},{"type":"Feature","properties":{"kind":"road","class":"trunk","name":null,"ref":null},"geometry":{"type":"LineString","coordinates":[[14.028167724609375,57.849592789445325],[14.029541015625,57.847491712395424],[14.032630920410156,57.846304092883]]}},{"type":"Feature","properties":{"kind":"road","class":"trunk","name":null,"ref":null},"geometry":{"type":"LineString","coordinates":[[14.030914306640625,57.84813118360441],[14.028682708740234,57.84922739354636]]}},{"type":"Feature","properties":{"kind":"road","class":"trunk","name":null,"ref":null},"geometry":{"type":"LineString","coordinates":[[14.03280258178711,57.84621273591381],[14.031085968017578,57.84794847870333]]}},{"type":"Feature","properties":{"kind":"road","class":"primary","name":null,"ref":null},"geometry":{"type":"LineString","coordinates":[[13.516616821289062,58.08368499316043],[13.51593017578125,58.082595929181196],[13.516273498535156,58.080508463655946],[13.520565032958984,58.075062326687316],[13.52142333984375,58.0729744205245],[13.528461456298828,58.066528374645486],[13.530693054199219,58.06489398091273],[13.539276123046875,58.06035360583263],[13.542537689208984,58.0574474628564],[13.547859191894531,58.045275420920404],[13.547515869140625,58.032735699977025],[13.548202514648438,58.030099981895205],[13.549747467041016,58.02819123717714],[13.551292419433594,58.026918684099456],[13.553009033203125,58.02600968989282],[13.556785583496094,58.02564608574144],[13.561248779296875,58.02437344210213],[13.566741943359375,58.02410072685959],[13.569660186767578,58.022646210448585],[13.57137680053711,58.02137346007086],[13.572578430175781,58.01991883276]]}},{"type":"Feature","properties":{"kind":"road","class":"primary","name":null,"ref":null},"geometry":{"type":"LineString","coordinates":[[13.572578430175781,58.01973700018729],[13.572063446044922,58.01846414630046],[13.572235107421875,58.01419066274249],[13.57086181640625,58.01173545198742],[13.56863021850586,58.01000761010337],[13.554553985595703,58.001640037839195],[13.549747467041016,57.99636382387638],[13.548202514648438,57.99290657243927],[13.547000885009766,57.99126881052027],[13.545112609863281,57.98981295927172],[13.53790283203125,57.986446076596565],[13.532581329345703,57.984808019239836],[13.528976440429688,57.98162269328432],[13.527603149414062,57.979893397732184],[13.52743148803711,57.97861912654824],[13.5296630859375,57.972975380841376],[13.5296630859375,57.96924273817635],[13.525028228759766,57.96268691276032],[13.522453308105469,57.95776925690899],[13.517131805419922,57.95175787271626],[13.51369857788086,57.944469995517494],[13.511123657226562,57.94237445680136],[13.509063720703125,57.9397320813697],[13.50545883178711,57.937545140761415],[13.502540588378906,57.93626936386161],[13.500308990478516,57.93435561348005],[13.49721908569336,57.93289744946122],[13.494644165039062,57.93107466113659],[13.49344253540039,57.929342926495025],[13.49344253540039,57.92624382442801],[13.49172592163086,57.92478533088914],[13.489494323730469,57.92141233766753],[13.48297119140625,57.913844740832786],[13.477649688720703,57.91056191388719],[13.470439910888672,57.90171502586014],[13.467350006103516,57.899343324872206],[13.46426010131836,57.89815741568759],[13.459625244140625,57.8974276059719],[13.453102111816406,57.89496438878231],[13.443660736083984,57.89231852304965],[13.437652587890625,57.88976370928938],[13.435592651367188,57.88830373420345],[13.433361053466797,57.88565737826238],[13.432674407958984,57.88374092996946],[13.432674407958984,57.88182437954816],[13.434391021728516,57.87835607631271],[13.434562683105469,57.876256677674434],[13.431129455566406,57.86931866299673],[13.429927825927734,57.858361178832524],[13.431644439697266,57.85580395250378],[13.437824249267578,57.848953344189084],[13.437995910644531,57.84730900425021],[13.43679428100586,57.843654646692386],[13.436965942382812,57.84146185418291],[13.438682556152344,57.833968805900525],[13.440399169921875,57.82958190816285],[13.440055847167969,57.82766247246974],[13.43902587890625,57.826474199145935],[13.437480926513672,57.82556011608531],[13.424434661865234,57.82071508884832],[13.422374725341797,57.81952658648851],[13.420143127441406,57.81687517080567],[13.4197998046875,57.814314998238444],[13.419628143310547,57.813766366182335],[13.4197998046875,57.813492047024226],[13.420143127441406,57.812303306559215],[13.420829772949219,57.81102308069808],[13.421173095703125,57.8105658461626]]}},{"type":"Feature","properties":{"kind":"road","class":"primary","name":null,"ref":null},"geometry":{"type":"LineString","coordinates":[[13.572406768798828,58.01982791658921],[13.572750091552734,58.01982791658921],[13.572406768798828,58.01982791658921]]}},{"type":"Feature","properties":{"kind":"road","class":"primary","name":null,"ref":null},"geometry":{"type":"LineString","coordinates":[[13.421001434326172,57.807822317217386],[13.420829772949219,57.80617609967911],[13.42031478881836,57.80599318198162],[13.419971466064453,57.80343223682337],[13.418426513671875,57.799956377595066]]}},{"type":"Feature","properties":{"kind":"road","class":"primary","name":null,"ref":null},"geometry":{"type":"LineString","coordinates":[[13.420658111572266,57.807822317217386],[13.421173095703125,57.807822317217386],[13.421173095703125,57.80809667950285],[13.421001434326172,57.80837103970143],[13.421173095703125,57.8099257080745],[13.421173095703125,57.81029150265891]]}},{"type":"Feature","properties":{"kind":"road","class":"primary","name":null,"ref":null},"geometry":{"type":"LineString","coordinates":[[13.421173095703125,57.80809667950285],[13.420486450195312,57.80809667950285],[13.420658111572266,57.807822317217386],[13.420486450195312,57.80626755818]]}},{"type":"Feature","properties":{"kind":"road","class":"primary","name":null,"ref":null},"geometry":{"type":"LineString","coordinates":[[13.421001434326172,57.80837103970143],[13.420658111572266,57.80818813313425]]}},{"type":"Feature","properties":{"kind":"road","class":"primary","name":null,"ref":null},"geometry":{"type":"LineString","coordinates":[[13.420829772949219,57.81029150265891],[13.421344757080078,57.81038295072534],[13.421344757080078,57.8105658461626],[13.420829772949219,57.8105658461626]]}},{"type":"Feature","properties":{"kind":"road","class":"primary","name":null,"ref":null},"geometry":{"type":"LineString","coordinates":[[13.420829772949219,57.81102308069808],[13.420829772949219,57.8105658461626],[13.420829772949219,57.81029150265891],[13.421173095703125,57.8099257080745]]}},{"type":"Feature","properties":{"kind":"road","class":"primary","name":null,"ref":null},"geometry":{"type":"LineString","coordinates":[[13.420143127441406,57.812303306559215],[13.419971466064453,57.813492047024226],[13.420143127441406,57.813766366182335],[13.4197998046875,57.814314998238444]]}},{"type":"Feature","properties":{"kind":"road","class":"primary","name":null,"ref":null},"geometry":{"type":"LineString","coordinates":[[13.420143127441406,57.813766366182335],[13.419628143310547,57.813766366182335]]}},{"type":"Feature","properties":{"kind":"road","class":"primary","name":null,"ref":null},"geometry":{"type":"LineString","coordinates":[[13.4197998046875,57.813492047024226],[13.419971466064453,57.813492047024226]]}},{"type":"Feature","properties":{"kind":"road","class":"primary","name":null,"ref":null},"geometry":{"type":"LineString","coordinates":[[13.414993286132812,57.796846114428746],[13.415508270263672,57.7969375965838],[13.414993286132812,57.796846114428746]]}},{"type":"Feature","properties":{"kind":"road","class":"primary","name":null,"ref":null},"geometry":{"type":"LineString","coordinates":[[13.415336608886719,57.7969375965838],[13.418426513671875,57.799956377595066],[13.42031478881836,57.80388956179257],[13.420658111572266,57.80590172278505]]}},{"type":"Feature","properties":{"kind":"road","class":"primary","name":null,"ref":null},"geometry":{"type":"LineString","coordinates":[[13.764495849609375,58.08368499316043],[13.783035278320312,58.08005465064605],[13.80105972290039,58.07388222081704],[13.803291320800781,58.072702075935354],[13.805179595947266,58.071158750686976],[13.806896209716797,58.06916140721415],[13.80758285522461,58.06680076632858],[13.8043212890625,58.05381445163647],[13.804664611816406,58.05245197717741],[13.806037902832031,58.05099861381922],[13.807926177978516,58.04981771256101],[13.819084167480469,58.04563882549843],[13.822002410888672,58.044276039277435],[13.828868865966797,58.03927871187224],[13.836593627929688,58.0355529768907],[13.838481903076172,58.033644523235836],[13.838653564453125,58.03291746647679]]}},{"type":"Feature","properties":{"kind":"road","class":"trunk","name":null,"ref":null},"geometry":{"type":"LineString","coordinates":[[13.500652313232422,57.80178581893142],[13.504772186279297,57.801236996270546],[13.521251678466797,57.79986490309324],[13.542194366455078,57.79620573284953],[13.547344207763672,57.79556533990598],[13.55386734008789,57.795473854272046],[13.578414916992188,57.796846114428746],[13.594207763671875,57.7969375965838],[13.606739044189453,57.79657166657205],[13.617897033691406,57.794924935598004],[13.627166748046875,57.79218021698466],[13.651885986328125,57.78220598222566],[13.65823745727539,57.78010097505694],[13.665103912353516,57.77827043428658],[13.673858642578125,57.776531334601145],[13.705272674560547,57.77286979834207],[13.710765838623047,57.7718628107917],[13.717288970947266,57.76975720064843],[13.725013732910156,57.765911856710886],[13.728961944580078,57.764721548252794],[13.733081817626953,57.76408059668603],[13.737545013427734,57.763989031248315],[13.747501373291016,57.765362488449284],[13.77960205078125,57.76646121661898],[13.79608154296875,57.769024785740555],[13.803291320800781,57.76920789085969],[13.807926177978516,57.768658572717925],[13.824405670166016,57.76517936383908],[13.829212188720703,57.763622767176884],[13.839340209960938,57.75913573097782],[13.843631744384766,57.7580367800347],[13.863029479980469,57.755197668754164],[13.880367279052734,57.75419018856016],[13.893928527832031,57.754648137584155],[13.896503448486328,57.75455654824353],[13.904914855957031,57.75419018856016],[13.929119110107422,57.754648137584155],[13.937187194824219,57.75446495867081],[13.949203491210938,57.75309108722956],[13.957958221435547,57.75144237256893],[13.963794708251953,57.75107598132104],[13.974609375,57.75116757948118],[13.98336410522461,57.75235833444194],[13.986797332763672,57.753274273105575],[14.002418518066406,57.75895257480798],[14.011516571044922,57.762615521836295],[14.046878814697266,57.77259516815798],[14.055633544921875,57.7745175355962],[14.062156677246094,57.77497522704843]]}},{"type":"Feature","properties":{"kind":"road","class":"trunk","name":null,"ref":null},"geometry":{"type":"LineString","coordinates":[[13.472843170166016,57.80379809726253],[13.475761413574219,57.80352370228101]]}},{"type":"Feature","properties":{"kind":"road","class":"trunk","name":null,"ref":null},"geometry":{"type":"LineString","coordinates":[[13.476791381835938,57.80343223682337],[13.473014831542969,57.80388956179257]]}},{"type":"Feature","properties":{"kind":"road","class":"trunk","name":null,"ref":null},"geometry":{"type":"LineString","coordinates":[[13.865089416503906,57.72596933990843],[13.86474609375,57.72569435320989]]}},{"type":"Feature","properties":{"kind":"road","class":"trunk","name":null,"ref":null},"geometry":{"type":"LineString","coordinates":[[13.866119384765625,57.72633598558906],[13.865432739257812,57.726152663213156]]}},{"type":"Feature","properties":{"kind":"road","class":"trunk","name":null,"ref":null},"geometry":{"type":"LineString","coordinates":[[13.868350982666016,57.727435900340396],[13.868865966796875,57.727527558393746]]}},{"type":"Feature","properties":{"kind":"road","class":"trunk","name":null,"ref":null},"geometry":{"type":"LineString","coordinates":[[13.869209289550781,57.727710873803915],[13.86972427368164,57.72826081446186]]}},{"type":"Feature","properties":{"kind":"road","class":"trunk","name":null,"ref":null},"geometry":{"type":"LineString","coordinates":[[13.869037628173828,57.727802531160705],[13.868694305419922,57.72761921621492],[13.869037628173828,57.727802531160705]]}},{"type":"Feature","properties":{"kind":"road","class":"trunk","name":null,"ref":null},"geometry":{"type":"LineString","coordinates":[[13.868694305419922,57.727710873803915],[13.868350982666016,57.727435900340396],[13.866119384765625,57.72633598558906],[13.865604400634766,57.72596933990843]]}},{"type":"Feature","properties":{"kind":"road","class":"trunk","name":null,"ref":null},"geometry":{"type":"LineString","coordinates":[[13.833332061767578,57.76197453290922],[13.829383850097656,57.76371433354282],[13.824405670166016,57.7652709262602],[13.809814453125,57.768383910514615],[13.805522918701172,57.769024785740555],[13.799686431884766,57.76929944307125],[13.795909881591797,57.769116338416154],[13.783893585205078,57.76710212595398],[13.777713775634766,57.7663696572144],[13.747673034667969,57.76545405040633],[13.738746643066406,57.76408059668603],[13.734798431396484,57.763989031248315],[13.728961944580078,57.764721548252794],[13.725528717041016,57.76582029591407],[13.716773986816406,57.770031852410455],[13.710594177246094,57.77195435627456],[13.705615997314453,57.77286979834207],[13.676261901855469,57.77625673225802],[13.665103912353516,57.77836196352902],[13.661155700683594,57.779368769884314],[13.65102767944336,57.782572057901945],[13.627510070800781,57.79208872276919],[13.617897033691406,57.794924935598004],[13.606739044189453,57.79666314942287],[13.59832763671875,57.79702907850697],[13.575668334960938,57.79675463204177],[13.553695678710938,57.79556533990598],[13.547344207763672,57.79565682530796],[13.542194366455078,57.796297216628005],[13.521766662597656,57.799956377595066],[13.508548736572266,57.80087110985855],[13.504772186279297,57.801328467293786]]}},{"type":"Feature","properties":{"kind":"road","class":"trunk","name":null,"ref":null},"geometry":{"type":"LineString","coordinates":[[13.896503448486328,57.754648137584155],[13.896503448486328,57.75455654824353],[13.896160125732422,57.75419018856016],[13.890495300292969,57.74887755584754],[13.887062072753906,57.74338090724257],[13.876590728759766,57.73531764431232],[13.87298583984375,57.730643794057585],[13.86972427368164,57.72826081446186],[13.868865966796875,57.727802531160705]]}},{"type":"Feature","properties":{"kind":"road","class":"trunk","name":null,"ref":null},"geometry":{"type":"LineString","coordinates":[[13.863372802734375,57.904360200022666],[13.86251449584961,57.90463382761686],[13.86199951171875,57.90426899036163],[13.862857818603516,57.90399535998941],[13.863372802734375,57.904360200022666]]}},{"type":"Feature","properties":{"kind":"road","class":"trunk","name":null,"ref":null},"geometry":{"type":"LineString","coordinates":[[13.862857818603516,57.90463382761686],[13.86199951171875,57.905089868977086]]}},{"type":"Feature","properties":{"kind":"road","class":"trunk","name":null,"ref":null},"geometry":{"type":"LineString","coordinates":[[13.862171173095703,57.90454261865028],[13.86199951171875,57.905089868977086],[13.858909606933594,57.90855559418242],[13.85702133178711,57.91375355524613],[13.854446411132812,57.91904193666912],[13.853416442871094,57.92442069824756],[13.85101318359375,57.92824915631172],[13.8427734375,57.93526693591156],[13.84054183959961,57.93790964011757],[13.839340209960938,57.94246556972519],[13.834190368652344,57.952031139311],[13.831958770751953,57.95904426948235],[13.831443786621094,57.9689696027192],[13.83504867553711,57.97570633652549],[13.835563659667969,57.978072996453875],[13.83401870727539,57.98053051633039],[13.829212188720703,57.98353392284312],[13.828182220458984,57.985081034000984],[13.82904052734375,57.99099584291889],[13.830413818359375,57.993543459625954],[13.830070495605469,58.00082136594699],[13.830757141113281,58.00964384328725],[13.827667236328125,58.01719124712676],[13.827495574951172,58.019373332269254],[13.831787109375,58.02600968989282],[13.837623596191406,58.03037265139562],[13.838653564453125,58.03228127968518],[13.839168548583984,58.03291746647679],[13.839683532714844,58.033099232052535],[13.8427734375,58.034825958938484],[13.845691680908203,58.037733942048646],[13.85049819946289,58.04909098469622],[13.856849670410156,58.057901563282],[13.863029479980469,58.0729744205245],[13.87521743774414,58.08368499316043]]}},{"type":"Feature","properties":{"kind":"road","class":"trunk","name":null,"ref":null},"geometry":{"type":"LineString","coordinates":[[13.839683532714844,58.033099232052535],[13.838653564453125,58.03291746647679],[13.838653564453125,58.03228127968518]]}},{"type":"Feature","properties":{"kind":"road","class":"trunk","name":null,"ref":null},"geometry":{"type":"LineString","coordinates":[[13.838653564453125,58.03291746647679],[13.839168548583984,58.03291746647679]]}},{"type":"Feature","properties":{"kind":"road","class":"trunk","name":null,"ref":null},"geometry":{"type":"LineString","coordinates":[[14.073486328125,57.77387675781867],[14.062156677246094,57.77488368922198],[14.055633544921875,57.7745175355962],[14.047565460205078,57.77268671178467],[14.011688232421875,57.762615521836295],[14.005851745605469,57.76023464850317],[13.986797332763672,57.753274273105575],[13.98336410522461,57.75244992935271],[13.974609375,57.75125917740917],[13.962593078613281,57.75116757948118],[13.959846496582031,57.75125917740917],[13.946456909179688,57.75354905017886],[13.937187194824219,57.75446495867081],[13.932723999023438,57.75473972669272],[13.924484252929688,57.75473972669272],[13.904743194580078,57.754281778829125],[13.896503448486328,57.754648137584155],[13.893928527832031,57.75473972669272],[13.880538940429688,57.75419018856016],[13.866462707519531,57.75501449262583],[13.858394622802734,57.755747191569185],[13.843116760253906,57.75821994084592],[13.838996887207031,57.75931888621935],[13.833847045898438,57.76169981988821]]}},{"type":"Feature","properties":{"kind":"road","class":"trunk","name":null,"ref":null},"geometry":{"type":"LineString","coordinates":[[13.84552001953125,57.69827686055882],[13.846206665039062,57.70102871673831],[13.847579956054688,57.703505208550894],[13.852901458740234,57.71020006082588],[13.85873794555664,57.7212026079749],[13.862342834472656,57.724502720034366],[13.86474609375,57.72569435320989],[13.86526107788086,57.72587767790779],[13.865604400634766,57.72587767790779],[13.86526107788086,57.726152663213156],[13.86526107788086,57.72587767790779]]}},{"type":"Feature","properties":{"kind":"road","class":"trunk","name":null,"ref":null},"geometry":{"type":"LineString","coordinates":[[14.03005599975586,57.84785712590519],[14.02679443359375,57.851328369335704],[14.023876190185547,57.85379457581496],[14.02353286743164,57.85397725105693],[14.021472930908203,57.855073283046465],[14.018726348876953,57.85607794972731],[14.008598327636719,57.857721889279304],[13.997440338134766,57.861009543187464],[13.990230560302734,57.86347508658034],[13.985939025878906,57.86466213983306],[13.968429565429688,57.866762215066586],[13.95263671875,57.87032293213923],[13.931007385253906,57.874522299429486],[13.92190933227539,57.877260753178916],[13.900623321533203,57.88593114825315],[13.89495849609375,57.88775622826293],[13.891010284423828,57.88948996847623],[13.88397216796875,57.893139674633375],[13.881053924560547,57.894234514236814],[13.8702392578125,57.897153923508284],[13.867321014404297,57.89861353923527],[13.86526107788086,57.900346755928894],[13.864059448242188,57.9019886735955],[13.863201141357422,57.903539304738956],[13.863201141357422,57.90417778046904]]}},{"type":"Feature","properties":{"kind":"road","class":"trunk","name":null,"ref":null},"geometry":{"type":"LineString","coordinates":[[14.030399322509766,57.84758306612048],[14.034004211425781,57.84566458923223],[14.03726577758789,57.84484235356791],[14.058723449707031,57.84118774573352],[14.066104888916016,57.8396344251226],[14.073486328125,57.83762414608512],[14.067134857177734,57.839360302768085],[14.058723449707031,57.84118774573352],[14.036064147949219,57.84511643420831],[14.03280258178711,57.84621273591381],[14.030399322509766,57.84758306612048],[14.03005599975586,57.84785712590519],[14.023876190185547,57.85379457581496]]}},{"type":"Feature","properties":{"kind":"road","class":"trunk","name":null,"ref":null},"geometry":{"type":"LineString","coordinates":[[13.864059448242188,57.9019886735955],[13.866119384765625,57.899525768966214],[13.86972427368164,57.8974276059719],[13.883113861083984,57.8935958618535],[13.895130157470703,57.88775622826293],[13.901309967041016,57.88583989182115],[13.922595977783203,57.87707819608079],[13.92740249633789,57.87552642334134],[13.932209014892578,57.87443101404779],[13.94439697265625,57.87214880422789],[13.968429565429688,57.866762215066586],[13.973407745361328,57.86594046109113],[13.985767364501953,57.86457082943434],[13.98885726928711,57.86384033790492],[13.997440338134766,57.861009543187464],[14.008598327636719,57.85763056127354],[14.018211364746094,57.85607794972731],[14.02078628540039,57.855347285830646],[14.02353286743164,57.85397725105693]]}},{"type":"Feature","properties":{"kind":"road","class":"trunk","name":null,"ref":null},"geometry":{"type":"LineString","coordinates":[[13.86251449584961,57.90399535998941],[13.863201141357422,57.903539304738956]]}},{"type":"Feature","properties":{"kind":"road","class":"trunk","name":null,"ref":null},"geometry":{"type":"LineString","coordinates":[[13.504772186279297,57.801328467293786],[13.495330810546875,57.80251756949272],[13.476791381835938,57.80343223682337]]}},{"type":"Feature","properties":{"kind":"road","class":"trunk","name":null,"ref":null},"geometry":{"type":"LineString","coordinates":[[13.475761413574219,57.80352370228101],[13.479366302490234,57.80315783905908],[13.494129180908203,57.80251756949272],[13.500652313232422,57.80178581893142]]}},{"type":"Feature","properties":{"kind":"road","class":"trunk","name":null,"ref":null},"geometry":{"type":"LineString","coordinates":[[13.833847045898438,57.76169981988821],[13.833332061767578,57.76197453290922]]}},{"type":"Feature","properties":{"kind":"road","class":"trunk","name":null,"ref":null},"geometry":{"type":"LineString","coordinates":[[14.073486328125,57.77396829819722],[14.062156677246094,57.77497522704843]]}},{"type":"Feature","properties":{"kind":"road","class":"trunk","name":null,"ref":null},"geometry":{"type":"LineString","coordinates":[[13.542537689208984,57.32225808794411],[13.545455932617188,57.32355561685944]]}},{"type":"Feature","properties":{"kind":"road","class":"trunk","name":null,"ref":null},"geometry":{"type":"LineString","coordinates":[[13.545799255371094,57.32401900894146],[13.544940948486328,57.32522380100926],[13.545284271240234,57.32596519188007]]}},{"type":"Feature","properties":{"kind":"road","class":"trunk","name":null,"ref":null},"geometry":{"type":"LineString","coordinates":[[13.542709350585938,57.32494577557637],[13.541679382324219,57.32392633099252],[13.542366027832031,57.322814177374426],[13.542194366455078,57.32207272293081]]}},{"type":"Feature","properties":{"kind":"road","class":"primary","name":null,"ref":null},"geometry":{"type":"LineString","coordinates":[[13.363151550292969,57.489815003034835],[13.36435317993164,57.489445963869684],[13.365554809570312,57.48963048391843]]}},{"type":"Feature","properties":{"kind":"road","class":"primary","name":null,"ref":null},"geometry":{"type":"LineString","coordinates":[[13.366241455078125,57.49175239746393],[13.3648681640625,57.491936905857926],[13.363494873046875,57.491475633124736]]}},{"type":"Feature","properties":{"kind":"road","class":"trunk","name":null,"ref":null},"geometry":{"type":"LineString","coordinates":[[13.543567657470703,57.32364829574328],[13.54288101196289,57.32327757880549],[13.541851043701172,57.32327757880549]]}},{"type":"Feature","properties":{"kind":"road","class":"primary","name":null,"ref":null},"geometry":{"type":"LineString","coordinates":[[13.348388671875,57.49867082417521],[13.356800079345703,57.49525789751843],[13.363494873046875,57.491475633124736],[13.366069793701172,57.489261442888505],[13.369331359863281,57.4850172029723],[13.371906280517578,57.477727031212],[13.373279571533203,57.475142823624736],[13.376197814941406,57.47200461152315],[13.380661010742188,57.46868150491983],[13.384780883789062,57.466465932629774],[13.395423889160156,57.46194205547678],[13.402462005615234,57.4583410183823],[13.418598175048828,57.44642736842056],[13.423404693603516,57.44374857164692],[13.427181243896484,57.44208577152722],[13.439712524414062,57.437374094059265],[13.444347381591797,57.43432503823283],[13.446407318115234,57.431645355186646],[13.44778060913086,57.427486837842736],[13.45052719116211,57.42268085155112],[13.451728820800781,57.419353260644556],[13.453102111816406,57.41399150580094],[13.453617095947266,57.408166641161074],[13.454475402832031,57.40548504290308],[13.457565307617188,57.4013235535146],[13.459796905517578,57.39938136336602],[13.46597671508789,57.395311678754695],[13.469066619873047,57.39281414852309],[13.470954895019531,57.39031644809529],[13.471813201904297,57.387818577464486],[13.47249984741211,57.382082082192596],[13.47421646118164,57.3780104765016],[13.476619720458984,57.37477137640619],[13.482284545898438,57.3690328397079],[13.484687805175781,57.3654226550299],[13.486404418945312,57.36088627839732],[13.488292694091797,57.35144140978491],[13.490352630615234,57.34764425815135],[13.49395751953125,57.34412459619563],[13.498249053955078,57.34153094518055],[13.503055572509766,57.339492948014396],[13.51095199584961,57.33764012517847],[13.515071868896484,57.33615779961221],[13.52090835571289,57.332915003876394],[13.52640151977539,57.33041322299661],[13.538761138916016,57.32642855357855],[13.544425964355469,57.32411168665672],[13.544940948486328,57.32383365280984]]}},{"type":"Feature","properties":{"kind":"road","class":"primary","name":null,"ref":null},"geometry":{"type":"LineString","coordinates":[[13.55215072631836,57.32058976916713],[13.549747467041016,57.32151662228145],[13.54837417602539,57.32244345202244],[13.547859191894531,57.32346293774185],[13.546485900878906,57.32383365280984]]}},{"type":"Feature","properties":{"kind":"road","class":"primary","name":null,"ref":null},"geometry":{"type":"LineString","coordinates":[[13.54665756225586,57.32364829574328],[13.547687530517578,57.32346293774185],[13.54837417602539,57.322350770100144],[13.54940414428711,57.32160930630732],[13.551979064941406,57.32058976916713]]}},{"type":"Feature","properties":{"kind":"road","class":"primary","name":null,"ref":null},"geometry":{"type":"LineString","coordinates":[[13.545112609863281,57.32401900894146],[13.54665756225586,57.32374097439342],[13.546485900878906,57.32355561685944],[13.545455932617188,57.32355561685944],[13.544940948486328,57.32374097439342],[13.545112609863281,57.32401900894146],[13.544425964355469,57.32411168665672]]}},{"type":"Feature","properties":{"kind":"road","class":"trunk","name":null,"ref":null},"geometry":{"type":"LineString","coordinates":[[13.557300567626953,57.35181184257658],[13.558330535888672,57.354497368530645],[13.55987548828125,57.35634934092653],[13.567771911621094,57.36329340522542],[13.576183319091797,57.37245755833189],[13.577213287353516,57.37403097050293],[13.577899932861328,57.37782539277393],[13.5791015625,57.380046335857344],[13.588371276855469,57.38939133067035],[13.597984313964844,57.40363555042006],[13.599185943603516,57.40659469357658],[13.60158920288086,57.41722714145021],[13.603134155273438,57.419723007902576],[13.606395721435547,57.42268085155112],[13.61154556274414,57.426285400422074],[13.623390197753906,57.43552621176664],[13.62579345703125,57.43645016457799],[13.634033203125,57.43829800021078],[13.637638092041016,57.439499043330414],[13.640899658203125,57.441531488024594],[13.64278793334961,57.44374857164692],[13.649826049804688,57.45778698119153],[13.651371002197266,57.47135847557277],[13.652915954589844,57.47394295082401],[13.654804229736328,57.47560430267146],[13.663215637207031,57.47957278186442],[13.674030303955078,57.48409447684932],[13.67746353149414,57.48621671208119],[13.679866790771484,57.4888001363563],[13.681068420410156,57.49129112239984],[13.68124008178711,57.50097667507333],[13.676433563232422,57.50816999371213],[13.67574691772461,57.509829788977726],[13.67574691772461,57.51167391739085],[13.677291870117188,57.514532132233114],[13.681926727294922,57.51858856884357],[13.684329986572266,57.522091492008116],[13.685531616210938,57.52651575619714],[13.68570327758789,57.5305708601926],[13.688106536865234,57.53646838822988],[13.691368103027344,57.5505632997492],[13.69222640991211,57.55249746996972],[13.694114685058594,57.55479991967093],[13.695316314697266,57.5592202151453],[13.696861267089844,57.561153925724],[13.703556060791016,57.56677031225729],[13.709735870361328,57.57054477378],[13.7164306640625,57.577908450060136],[13.724327087402344,57.58471852432672],[13.731708526611328,57.59189533104848],[13.74063491821289,57.59723101309916],[13.760032653808594,57.61038288522721],[13.769302368164062,57.61792237202758],[13.7713623046875,57.62012875520128],[13.774967193603516,57.626471360537494],[13.777713775634766,57.6290448555508],[13.797969818115234,57.63952077434962],[13.805179595947266,57.644573864992765],[13.810157775878906,57.650177379274],[13.812389373779297,57.65201440875245],[13.830070495605469,57.65972891712073],[13.833675384521484,57.66202458503059],[13.83676528930664,57.66459556061801],[13.839168548583984,57.66817625865832],[13.842086791992188,57.67469405776836],[13.846721649169922,57.67946691391583],[13.848094940185547,57.68222019894583],[13.847923278808594,57.68891898563092],[13.84552001953125,57.69653391017559],[13.84552001953125,57.698368592466494],[13.846206665039062,57.70102871673831],[13.847579956054688,57.703505208550894],[13.852901458740234,57.71001665670647]]}},{"type":"Feature","properties":{"kind":"road","class":"trunk","name":null,"ref":null},"geometry":{"type":"LineString","coordinates":[[13.556957244873047,57.35107097325533],[13.555412292480469,57.34745902119627],[13.551979064941406,57.34264253233201]]}},{"type":"Feature","properties":{"kind":"road","class":"trunk","name":null,"ref":null},"geometry":{"type":"LineString","coordinates":[[13.551292419433594,57.34171621204234],[13.550262451171875,57.34004877663915]]}},{"type":"Feature","properties":{"kind":"road","class":"trunk","name":null,"ref":null},"geometry":{"type":"LineString","coordinates":[[13.544769287109375,57.325409150129275],[13.540821075439453,57.32058976916713]]}},{"type":"Feature","properties":{"kind":"road","class":"trunk","name":null,"ref":null},"geometry":{"type":"LineString","coordinates":[[13.540992736816406,57.32058976916713],[13.54391098022461,57.32392633099252],[13.54562759399414,57.32661389662192]]}},{"type":"Feature","properties":{"kind":"road","class":"trunk","name":null,"ref":null},"geometry":{"type":"LineString","coordinates":[[13.551979064941406,57.34264253233201],[13.551292419433594,57.34171621204234],[13.555240631103516,57.34699592471998],[13.557300567626953,57.35181184257658],[13.556957244873047,57.35107097325533]]}},{"type":"Feature","properties":{"kind":"road","class":"trunk","name":null,"ref":null},"geometry":{"type":"LineString","coordinates":[[13.550777435302734,57.34106777393703],[13.549575805664062,57.33865918930485],[13.547000885009766,57.32994991154533],[13.544769287109375,57.325409150129275]]}},{"type":"Feature","properties":{"kind":"road","class":"trunk","name":null,"ref":null},"geometry":{"type":"LineString","coordinates":[[13.54562759399414,57.32661389662192],[13.547515869140625,57.33078386795103],[13.550262451171875,57.34004877663915]]}},{"type":"Feature","properties":{"kind":"road","class":"trunk","name":null,"ref":null},"geometry":{"type":"LineString","coordinates":[[14.17837142944336,59.18155722094255],[14.17734146118164,59.17935851420211],[14.176483154296875,59.17443289786257],[14.17734146118164,59.16149977808604],[14.175281524658203,59.14574468041391],[14.175453186035156,59.14310345143247],[14.1778564453125,59.13297685224458],[14.177684783935547,59.13121539881385],[14.175796508789062,59.126018583328744],[14.177169799804688,59.119587533805],[14.176654815673828,59.114917659224886],[14.171161651611328,59.10460643752381],[14.16635513305664,59.09896479863181],[14.165325164794922,59.09279319317341],[14.164466857910156,59.09076513754377],[14.158458709716797,59.08406288357739],[14.157085418701172,59.08194611029518],[14.156227111816406,59.07947637642292],[14.1558837890625,59.07515391443934],[14.151248931884766,59.06394826457998],[14.149017333984375,59.060418168622334],[14.14215087890625,59.05247412591285],[14.139404296875,59.04823655188545],[14.135627746582031,59.03993645538327],[14.126358032226562,59.03066270060128],[14.12567138671875,59.02916100023273],[14.124984741210938,59.0240370583324],[14.123611450195312,59.02182822722753],[14.118633270263672,59.01608460247917],[14.105072021484375,59.00653922850452],[14.100265502929688,59.00176554853675],[14.099407196044922,58.99999735090836],[14.099407196044922,58.99822906245873],[14.10146713256836,58.99433850816405],[14.101638793945312,58.993188942082725],[14.100780487060547,58.991508738007724],[14.098377227783203,58.98982845195363],[14.090137481689453,58.98682141966273],[14.088420867919922,58.98514090491662],[14.08721923828125,58.9819565468668],[14.082584381103516,58.97815262230483],[14.078636169433594,58.975056094586336],[14.065589904785156,58.96691532319849],[14.060611724853516,58.961959129582596],[14.051513671875,58.94912281703]]}},{"type":"Feature","properties":{"kind":"road","class":"trunk","name":null,"ref":null},"geometry":{"type":"LineString","coordinates":[[14.56735610961914,58.97576389688305],[14.58211898803711,58.97567542239102],[14.584693908691406,58.97602931899627],[14.59207534790039,58.97771027823845],[14.596366882324219,58.97832955834133],[14.606494903564453,58.978948827314184],[14.613876342773438,58.97939115548053],[14.619026184082031,58.980541182137756],[14.623661041259766,58.981691170409164],[14.624176025390625,58.98177962945553],[14.638080596923828,58.98558315358824],[14.679794311523438,58.99796381135778],[14.700736999511719,59.003268445114884],[14.71120834350586,59.005920455485295],[14.715328216552734,59.00662762374202],[14.734554290771484,59.00874904133536],[14.74365234375,59.009102598221205],[14.746227264404297,59.0096329267395],[14.74863052368164,59.01051678944242],[14.754467010498047,59.01396363708031],[14.7601318359375,59.01608460247917],[14.766483306884766,59.01749850677618],[14.773006439208984,59.018205437134526]]}},{"type":"Feature","properties":{"kind":"road","class":"trunk","name":null,"ref":null},"geometry":{"type":"LineString","coordinates":[[14.624176025390625,58.98177962945553],[14.624004364013672,58.9819565468668]]}},{"type":"Feature","properties":{"kind":"road","class":"trunk","name":null,"ref":null},"geometry":{"type":"LineString","coordinates":[[14.623489379882812,58.98186808827475],[14.623661041259766,58.981691170409164]]}},{"type":"Feature","properties":{"kind":"road","class":"trunk","name":null,"ref":null},"geometry":{"type":"LineString","coordinates":[[14.606494903564453,58.979037293401746],[14.606494903564453,58.978948827314184]]}},{"type":"Feature","properties":{"kind":"road","class":"trunk","name":null,"ref":null},"geometry":{"type":"LineString","coordinates":[[14.773178100585938,59.0180287059068],[14.767341613769531,59.01741013945994],[14.76064682006836,59.0161729732001],[14.754638671875,59.01387526068464],[14.74863052368164,59.01051678944242],[14.74588394165039,59.00945615147478],[14.742107391357422,59.00901420934025],[14.736785888671875,59.00883743089733],[14.729576110839844,59.00821869919611],[14.71395492553711,59.00636243734846],[14.700736999511719,59.003268445114884],[14.679794311523438,58.99805222861846],[14.635848999023438,58.98505245450096],[14.624004364013672,58.9819565468668],[14.623489379882812,58.98186808827475],[14.619026184082031,58.980541182137756],[14.614219665527344,58.9795680851571],[14.606494903564453,58.979037293401746],[14.593448638916016,58.97806415394584],[14.582633972167969,58.97576389688305],[14.56735610961914,58.97576389688305],[14.566841125488281,58.97576389688305],[14.563579559326172,58.975586947671815],[14.548301696777344,58.97372892609505],[14.545040130615234,58.97319804438729],[14.542980194091797,58.972490189388935],[14.54092025756836,58.971339894008],[14.533882141113281,58.96310973803284],[14.530620574951172,58.96116253200756],[14.511566162109375,58.95655960786689],[14.500064849853516,58.95266434598156],[14.495429992675781,58.95169046176758],[14.483585357666016,58.949831151909734],[14.461441040039062,58.94699772511942],[14.44753646850586,58.9442526209813],[14.442214965820312,58.942924266371904],[14.438610076904297,58.94150729841979],[14.428997039794922,58.93575026773334],[14.41732406616211,58.928220393787626],[14.411144256591797,58.92476496071748],[14.406166076660156,58.92246114654492],[14.392948150634766,58.91776443393735],[14.376296997070312,58.91235799290885],[14.362735748291016,58.909078263909834],[14.351921081542969,58.90686205454128],[14.346084594726562,58.90491167270841],[14.34041976928711,58.90207455715867],[14.329776763916016,58.89675433769139],[14.318275451660156,58.89329575587951],[14.306087493896484,58.887441982971524],[14.298877716064453,58.88478084947363],[14.295787811279297,58.88407117928904],[14.289436340332031,58.88309535900723],[14.284114837646484,58.88185336610104],[14.272270202636719,58.87990157285296],[14.23828125,58.86880974768968],[14.229698181152344,58.86641344643667],[14.220428466796875,58.86339564585967],[14.215621948242188,58.86082143154914],[14.20309066772461,58.85300885069438],[14.198284149169922,58.84856909885579],[14.193477630615234,58.84146431191664],[14.19107437133789,58.83933259165178],[14.188671112060547,58.8378225437684],[14.1778564453125,58.83275896174271],[14.169445037841797,58.8278723477801],[14.16360855102539,58.82591750927358],[14.151077270507812,58.82271844481983],[14.148502349853516,58.82182976341258],[14.140949249267578,58.81854144413114],[14.131507873535156,58.81276391180273],[14.129619598388672,58.811963869920476],[14.124813079833984,58.81045262934549],[14.11468505859375,58.8080522883846]]}},{"type":"Feature","properties":{"kind":"road","class":"trunk","name":null,"ref":null},"geometry":{"type":"LineString","coordinates":[[14.115371704101562,58.8080522883846],[14.129791259765625,58.81187497523882],[14.14266586303711,58.819341334281745],[14.148502349853516,58.821740894018944],[14.152793884277344,58.823162776981064],[14.167900085449219,58.827072654443384],[14.170475006103516,58.82822776111871],[14.178028106689453,58.83267012036566],[14.1888427734375,58.8378225437684],[14.191246032714844,58.83924376712753],[14.193649291992188,58.84137549285771],[14.198455810546875,58.84856909885579],[14.203605651855469,58.85336400625255],[14.21579360961914,58.86073266212395],[14.220600128173828,58.86330688303576],[14.22403335571289,58.8646383014935],[14.242744445800781,58.87005220894261],[14.270381927490234,58.879280524631696],[14.284114837646484,58.88176465061545],[14.289608001708984,58.88300664670726],[14.29595947265625,58.883982469492025],[14.298877716064453,58.88469214149694],[14.308147430419922,58.88824028308966],[14.318275451660156,58.893207069744676],[14.328746795654297,58.89631094910362],[14.334754943847656,58.89897119532358],[14.34041976928711,58.90207455715867],[14.345226287841797,58.904468388757124],[14.349689483642578,58.90615283752095],[14.362735748291016,58.90898961826437],[14.376983642578125,58.91244662991207],[14.403934478759766,58.92148640966218],[14.4140625,58.92618261611943],[14.434661865234375,58.939204601391594],[14.440326690673828,58.94221578966932],[14.44753646850586,58.944164065598386],[14.461612701416016,58.94699772511942],[14.47998046875,58.94929990211355],[14.481353759765625,58.949476986288005],[14.491653442382812,58.95098216506784],[14.499378204345703,58.95239874392297],[14.50418472290039,58.953726733763204],[14.511737823486328,58.95647108407337],[14.528388977050781,58.960365916028024],[14.530620574951172,58.96107402002983],[14.533538818359375,58.96266720086541],[14.54092025756836,58.97116292208028],[14.544525146484375,58.97293260046666],[14.546756744384766,58.9734634862634],[14.566841125488281,58.97576389688305]]}},{"type":"Feature","properties":{"kind":"road","class":"trunk","name":null,"ref":null},"geometry":{"type":"LineString","coordinates":[[14.196395874023438,58.845016887548525],[14.196395874023438,58.84546093388548]]}},{"type":"Feature","properties":{"kind":"road","class":"trunk","name":null,"ref":null},"geometry":{"type":"LineString","coordinates":[[14.220428466796875,58.86339564585967],[14.218368530273438,58.86259677225007],[14.215965270996094,58.86259677225007]]}},{"type":"Feature","properties":{"kind":"road","class":"trunk","name":null,"ref":null},"geometry":{"type":"LineString","coordinates":[[14.220600128173828,58.86330688303576],[14.222145080566406,58.86357317082454],[14.222831726074219,58.86330688303576]]}},{"type":"Feature","properties":{"kind":"road","class":"trunk","name":null,"ref":null},"geometry":{"type":"LineString","coordinates":[[14.223175048828125,58.86339564585967],[14.223346710205078,58.864105740256235],[14.224891662597656,58.864904579039234]]}},{"type":"Feature","properties":{"kind":"road","class":"trunk","name":null,"ref":null},"geometry":{"type":"LineString","coordinates":[[14.215965270996094,58.86250800737753],[14.217338562011719,58.86233047694958],[14.21682357788086,58.861531578755944]]}},{"type":"Feature","properties":{"kind":"road","class":"trunk","name":null,"ref":null},"geometry":{"type":"LineString","coordinates":[[14.306602478027344,58.88770808505862],[14.306087493896484,58.887441982971524]]}},{"type":"Feature","properties":{"kind":"road","class":"trunk","name":null,"ref":null},"geometry":{"type":"LineString","coordinates":[[14.317760467529297,58.89302969679244],[14.318275451660156,58.89302969679244],[14.318275451660156,58.893207069744676]]}},{"type":"Feature","properties":{"kind":"road","class":"trunk","name":null,"ref":null},"geometry":{"type":"LineString","coordinates":[[14.300765991210938,58.88531309255552],[14.301624298095703,58.88540179893948],[14.301624298095703,58.885667916726135]]}},{"type":"Feature","properties":{"kind":"road","class":"trunk","name":null,"ref":null},"geometry":{"type":"LineString","coordinates":[[14.363937377929688,58.909344199481666],[14.362735748291016,58.909166909327865],[14.362907409667969,58.90890097239142],[14.361705780029297,58.90881232629107]]}},{"type":"Feature","properties":{"kind":"road","class":"trunk","name":null,"ref":null},"geometry":{"type":"LineString","coordinates":[[14.545211791992188,58.97310956330756],[14.544696807861328,58.97355196643443],[14.543838500976562,58.973375005865165],[14.541435241699219,58.971870804339034],[14.53989028930664,58.97160535019583]]}},{"type":"Feature","properties":{"kind":"road","class":"trunk","name":null,"ref":null},"geometry":{"type":"LineString","coordinates":[[14.530105590820312,58.96089699539269],[14.52993392944336,58.96089699539269]]}},{"type":"Feature","properties":{"kind":"road","class":"trunk","name":null,"ref":null},"geometry":{"type":"LineString","coordinates":[[14.535942077636719,58.965587841201454],[14.536113739013672,58.965587841201454]]}},{"type":"Feature","properties":{"kind":"road","class":"trunk","name":null,"ref":null},"geometry":{"type":"LineString","coordinates":[[14.519119262695312,58.95824151676939],[14.51894760131836,58.95833003601825]]}},{"type":"Feature","properties":{"kind":"road","class":"trunk","name":null,"ref":null},"geometry":{"type":"LineString","coordinates":[[14.481353759765625,58.949476986288005],[14.481353759765625,58.949565528034356]]}},{"type":"Feature","properties":{"kind":"road","class":"trunk","name":null,"ref":null},"geometry":{"type":"LineString","coordinates":[[14.428997039794922,58.93575026773334],[14.429168701171875,58.93566169052906]]}},{"type":"Feature","properties":{"kind":"road","class":"trunk","name":null,"ref":null},"geometry":{"type":"LineString","coordinates":[[14.416637420654297,58.927866006311035],[14.41680908203125,58.927866006311035]]}},{"type":"Feature","properties":{"kind":"road","class":"trunk","name":null,"ref":null},"geometry":{"type":"LineString","coordinates":[[14.592761993408203,58.977798747506],[14.592761993408203,58.977887216546435]]}},{"type":"Feature","properties":{"kind":"road","class":"trunk","name":null,"ref":null},"geometry":{"type":"LineString","coordinates":[[14.638080596923828,58.98558315358824],[14.637908935546875,58.98567160264122]]}},{"type":"Feature","properties":{"kind":"road","class":"trunk","name":null,"ref":null},"geometry":{"type":"LineString","coordinates":[[14.63430404663086,58.98452174723752],[14.63430404663086,58.98461019901586]]}},{"type":"Feature","properties":{"kind":"road","class":"trunk","name":null,"ref":null},"geometry":{"type":"LineString","coordinates":[[14.754467010498047,59.01396363708031],[14.754638671875,59.01387526068464]]}},{"type":"Feature","properties":{"kind":"road","class":"trunk","name":null,"ref":null},"geometry":{"type":"LineString","coordinates":[[14.742107391357422,59.009102598221205],[14.742107391357422,59.00901420934025]]}},{"type":"Feature","properties":{"kind":"road","class":"trunk","name":null,"ref":null},"geometry":{"type":"LineString","coordinates":[[14.699020385742188,59.00273801852089],[14.699020385742188,59.002826423520816]]}},{"type":"Feature","properties":{"kind":"rail","class":"rail","name":null,"ref":null},"geometry":{"type":"LineString","coordinates":[[14.462814331054688,58.95647108407337],[14.458351135253906,58.95523172710409],[14.455432891845703,58.953903795212],[14.453544616699219,58.95257581218928],[14.451313018798828,58.950450932998166],[14.44753646850586,58.9444297310653],[14.451484680175781,58.95036239352444],[14.453544616699219,58.95248727816974],[14.455432891845703,58.95381526460122],[14.45852279663086,58.95523172710409],[14.462814331054688,58.95647108407337],[14.524784088134766,58.96833124765163],[14.529590606689453,58.969658624005575],[14.538002014160156,58.97319804438729],[14.541606903076172,58.974436755650885],[14.568729400634766,58.979833477968384],[14.541606903076172,58.97434827775146],[14.537830352783203,58.97310956330756],[14.530620574951172,58.96992409314248],[14.524097442626953,58.96815426027564],[14.462814331054688,58.95647108407337]]}},{"type":"Feature","properties":{"kind":"rail","class":"rail","name":null,"ref":null},"geometry":{"type":"LineString","coordinates":[[14.44478988647461,58.92760021331637],[14.447021484375,58.92963790731747],[14.448394775390625,58.932207002246145],[14.448394775390625,58.93442158580007],[14.447021484375,58.937433191423594],[14.446163177490234,58.9409759204361],[14.447193145751953,58.94389839808585],[14.446163177490234,58.940355969112886],[14.447021484375,58.937433191423594]]}},{"type":"Feature","properties":{"kind":"rail","class":"rail","name":null,"ref":null},"geometry":{"type":"LineString","coordinates":[[14.424018859863281,58.91732131487035],[14.428653717041016,58.91803030264879],[14.43328857421875,58.91953685335616],[14.44427490234375,58.92724581947377]]}},{"type":"Feature","properties":{"kind":"rail","class":"rail","name":null,"ref":null},"geometry":{"type":"LineString","coordinates":[[14.444446563720703,58.92724581947377],[14.433631896972656,58.9197140902954],[14.431571960449219,58.91873927587375],[14.428825378417969,58.91794167997236],[14.424018859863281,58.91732131487035],[14.414749145507812,58.916878190118325],[14.408740997314453,58.91599192355906]]}},{"type":"Feature","properties":{"kind":"rail","class":"rail","name":null,"ref":null},"geometry":{"type":"LineString","coordinates":[[14.607009887695312,58.987440536007426],[14.640140533447266,58.99398479961107],[14.715499877929688,59.00883743089733],[14.720821380615234,59.0096329267395],[14.776611328125,59.011665777018464]]}},{"type":"Feature","properties":{"kind":"rail","class":"rail","name":null,"ref":null},"geometry":{"type":"LineString","coordinates":[[14.600486755371094,58.986113844499386],[14.607009887695312,58.987440536007426],[14.621086120605469,58.990270640442446],[14.624519348144531,58.991597171844944],[14.626750946044922,58.993188942082725],[14.62778091430664,58.994692213083766],[14.629325866699219,58.99849431151614],[14.65524673461914,59.068625082821],[14.65627670288086,59.072771917044946],[14.655933380126953,59.07665360577698],[14.654045104980469,59.08071126557684],[14.651470184326172,59.08300451325886],[14.649410247802734,59.08415107963043]]}},{"type":"Feature","properties":{"kind":"rail","class":"rail","name":null,"ref":null},"geometry":{"type":"LineString","coordinates":[[14.640140533447266,58.99398479961107],[14.635505676269531,58.993542658810554],[14.633445739746094,58.99371951581199],[14.63155746459961,58.99433850816405],[14.630184173583984,58.99504591437031],[14.629325866699219,58.99601857417477],[14.629325866699219,58.99849431151614]]}},{"type":"Feature","properties":{"kind":"rail","class":"rail","name":null,"ref":null},"geometry":{"type":"LineString","coordinates":[[14.649066925048828,59.084327471056326],[14.64426040649414,59.08662047707659],[14.641857147216797,59.08811966738915],[14.640140533447266,59.09005969878322],[14.639453887939453,59.0920877961195],[14.639625549316406,59.09376309043648],[14.643230438232422,59.10037529537871],[14.643230438232422,59.10249093171777],[14.642715454101562,59.10425386228738],[14.640827178955078,59.1068980881835],[14.632244110107422,59.11482954226662],[14.627952575683594,59.11729673145703],[14.622631072998047,59.119058900702385],[14.612674713134766,59.12108528330603],[14.605464935302734,59.12152578540531],[14.577655792236328,59.12134958524521],[14.552421569824219,59.123023450180455]]}},{"type":"Feature","properties":{"kind":"rail","class":"rail","name":null,"ref":null},"geometry":{"type":"LineString","coordinates":[[14.552249908447266,59.123023450180455],[14.544525146484375,59.1239043988779],[14.528732299804688,59.12751605170561],[14.521007537841797,59.129630013264034],[14.51019287109375,59.13553079879861],[14.502124786376953,59.1409022715992],[14.49972152709961,59.14363171353264],[14.498863220214844,59.14688914968312],[14.499893188476562,59.158419742913054],[14.499378204345703,59.16176376819763],[14.498176574707031,59.163875615747855],[14.496288299560547,59.165899347303196],[14.488906860351562,59.171002138669365],[14.487018585205078,59.173201382886475],[14.484443664550781,59.177687402489255],[14.481353759765625,59.18050185935758]]}},{"type":"Feature","properties":{"kind":"rail","class":"rail","name":null,"ref":null},"geometry":{"type":"LineString","coordinates":[[14.481182098388672,59.18058980740091],[14.479637145996094,59.18155722094255]]}},{"type":"Feature","properties":{"kind":"rail","class":"rail","name":null,"ref":null},"geometry":{"type":"LineString","coordinates":[[14.776611328125,59.0115773947208],[14.72116470336914,59.0096329267395],[14.715499877929688,59.00883743089733],[14.600486755371094,58.986113844499386],[14.569072723388672,58.97992194178454]]}},{"type":"Feature","properties":{"kind":"rail","class":"rail","name":null,"ref":null},"geometry":{"type":"LineString","coordinates":[[14.249610900878906,58.8080522883846],[14.253044128417969,58.81143049841285],[14.24978256225586,58.8080522883846]]}},{"type":"Feature","properties":{"kind":"rail","class":"rail","name":null,"ref":null},"geometry":{"type":"LineString","coordinates":[[14.253215789794922,58.811697185191974],[14.28274154663086,58.83862198908142],[14.285659790039062,58.84039846818018],[14.31844711303711,58.8578031433853],[14.321880340576172,58.860377582146725],[14.33389663696289,58.87218203873476],[14.338703155517578,58.87582019470278],[14.353294372558594,58.88389375946747],[14.357585906982422,58.88584532744619]]}},{"type":"Feature","properties":{"kind":"rail","class":"rail","name":null,"ref":null},"geometry":{"type":"LineString","coordinates":[[14.253387451171875,58.811697185191974],[14.283084869384766,58.83862198908142],[14.286003112792969,58.84048728974403],[14.319305419921875,58.858247025796004],[14.321880340576172,58.860377582146725],[14.335613250732422,58.87377932504975],[14.3426513671875,58.87812711978077],[14.35312271118164,58.88389375946747],[14.357585906982422,58.88584532744619],[14.366512298583984,58.88921595820662],[14.36960220336914,58.89081245810689],[14.375438690185547,58.89586755482861],[14.376640319824219,58.89764109780543],[14.379558563232422,58.90570956949125],[14.380760192871094,58.90730530778703],[14.382648468017578,58.90890097239142],[14.390201568603516,58.91262390323621],[14.393806457519531,58.913510256211794],[14.408226013183594,58.915903295652384],[14.393806457519531,58.91342162193763],[14.390201568603516,58.912535266687854],[14.382820129394531,58.90890097239142],[14.380760192871094,58.907216657592755],[14.379730224609375,58.90570956949125],[14.376811981201172,58.89764109780543],[14.3756103515625,58.89577887529117],[14.36960220336914,58.89081245810689]]}},{"type":"Feature","properties":{"kind":"road","class":"motorway","name":null,"ref":null},"geometry":{"type":"LineString","coordinates":[[14.776611328125,59.01855889686627],[14.773006439208984,59.018205437134526]]}},{"type":"Feature","properties":{"kind":"road","class":"motorway","name":null,"ref":null},"geometry":{"type":"LineString","coordinates":[[14.773178100585938,59.0180287059068],[14.776611328125,59.01838216745432]]}},{"type":"Feature","properties":{"kind":"rail","class":"rail","name":null,"ref":null},"geometry":{"type":"LineString","coordinates":[[14.408226013183594,58.915903295652384],[14.408740997314453,58.91599192355906]]}},{"type":"Feature","properties":{"kind":"rail","class":"rail","name":null,"ref":null},"geometry":{"type":"LineString","coordinates":[[14.569072723388672,58.97992194178454],[14.568729400634766,58.979833477968384]]}},{"type":"Feature","properties":{"kind":"rail","class":"rail","name":null,"ref":null},"geometry":{"type":"LineString","coordinates":[[14.447193145751953,58.94389839808585],[14.44753646850586,58.9444297310653]]}},{"type":"Feature","properties":{"kind":"rail","class":"rail","name":null,"ref":null},"geometry":{"type":"LineString","coordinates":[[14.44427490234375,58.92724581947377],[14.44478988647461,58.92760021331637],[14.444446563720703,58.92724581947377]]}},{"type":"Feature","properties":{"kind":"rail","class":"rail","name":null,"ref":null},"geometry":{"type":"LineString","coordinates":[[14.649410247802734,59.08415107963043],[14.649066925048828,59.084327471056326]]}},{"type":"Feature","properties":{"kind":"rail","class":"rail","name":null,"ref":null},"geometry":{"type":"LineString","coordinates":[[14.552421569824219,59.123023450180455],[14.552249908447266,59.123023450180455]]}},{"type":"Feature","properties":{"kind":"rail","class":"rail","name":null,"ref":null},"geometry":{"type":"LineString","coordinates":[[14.481353759765625,59.18050185935758],[14.481182098388672,59.18058980740091]]}},{"type":"Feature","properties":{"kind":"rail","class":"rail","name":null,"ref":null},"geometry":{"type":"LineString","coordinates":[[14.253387451171875,58.811697185191974],[14.253044128417969,58.81143049841285],[14.253215789794922,58.811697185191974]]}},{"type":"Feature","properties":{"kind":"road","class":"trunk","name":null,"ref":null},"geometry":{"type":"LineString","coordinates":[[14.0570068359375,58.79880497838326],[14.055461883544922,58.79880497838326],[14.055118560791016,58.79898283451189]]}},{"type":"Feature","properties":{"kind":"road","class":"primary","name":null,"ref":null},"geometry":{"type":"LineString","coordinates":[[14.502296447753906,58.54479069749857],[14.50143814086914,58.54559689360369]]}},{"type":"Feature","properties":{"kind":"road","class":"primary","name":null,"ref":null},"geometry":{"type":"LineString","coordinates":[[14.500923156738281,58.54550731717444],[14.502296447753906,58.54479069749857],[14.504871368408203,58.54353657780851],[14.506072998046875,58.54228241324466],[14.506416320800781,58.54111779168275],[14.506587982177734,58.53968435818055],[14.50469970703125,58.53726530623146],[14.50469970703125,58.536010917283704],[14.505901336669922,58.53421885521962],[14.508476257324219,58.53233709147386],[14.511909484863281,58.52866288072582],[14.512252807617188,58.52821477990889],[14.511909484863281,58.527945916670575]]}},{"type":"Feature","properties":{"kind":"road","class":"primary","name":null,"ref":null},"geometry":{"type":"LineString","coordinates":[[14.500751495361328,58.545865621517834],[14.500579833984375,58.54559689360369],[14.501094818115234,58.54550731717444],[14.50143814086914,58.54577604577537],[14.500751495361328,58.545865621517834]]}},{"type":"Feature","properties":{"kind":"road","class":"primary","name":null,"ref":null},"geometry":{"type":"LineString","coordinates":[[14.501094818115234,58.54595519703133],[14.500408172607422,58.54631349679593]]}},{"type":"Feature","properties":{"kind":"road","class":"primary","name":null,"ref":null},"geometry":{"type":"LineString","coordinates":[[14.506072998046875,58.52050654970091],[14.50693130493164,58.52113402711453],[14.509506225585938,58.523016392018405],[14.511222839355469,58.525884563368464],[14.51070785522461,58.527587429146706],[14.511909484863281,58.527945916670575],[14.512252807617188,58.52812515905845],[14.511909484863281,58.52866288072582]]}},{"type":"Feature","properties":{"kind":"road","class":"primary","name":null,"ref":null},"geometry":{"type":"LineString","coordinates":[[14.505901336669922,58.52068583010714],[14.505043029785156,58.52068583010714],[14.505043029785156,58.52023762737372],[14.505901336669922,58.52032726837848],[14.505901336669922,58.52068583010714]]}},{"type":"Feature","properties":{"kind":"road","class":"primary","name":null,"ref":null},"geometry":{"type":"LineString","coordinates":[[14.504871368408203,58.52050654970091],[14.504356384277344,58.51978941891423]]}},{"type":"Feature","properties":{"kind":"road","class":"primary","name":null,"ref":null},"geometry":{"type":"LineString","coordinates":[[14.50693130493164,58.52113402711453],[14.505729675292969,58.52077546996671]]}},{"type":"Feature","properties":{"kind":"road","class":"primary","name":null,"ref":null},"geometry":{"type":"LineString","coordinates":[[14.776611328125,58.73623205358223],[14.772491455078125,58.732757424901706],[14.763736724853516,58.72839137385432],[14.761848449707031,58.72660915475541],[14.758930206298828,58.72250970442326],[14.757041931152344,58.72090544023655],[14.754981994628906,58.71974675900472],[14.75189208984375,58.71858803920313],[14.740734100341797,58.71609220401115],[14.734210968017578,58.71270471289523],[14.731979370117188,58.71181321308501],[14.7216796875,58.709495206753616],[14.718761444091797,58.70860362476944],[14.714813232421875,58.70637456994041],[14.70846176147461,58.700756718970126],[14.705028533935547,58.699240635689165],[14.700736999511719,58.697992046973866],[14.687519073486328,58.69531634903876],[14.682884216308594,58.69380002899396],[14.679622650146484,58.69210524026656],[14.672927856445312,58.687912513994604],[14.668807983398438,58.686128222159965],[14.664688110351562,58.685057603213835],[14.654045104980469,58.6831839409287],[14.649581909179688,58.682024004281686],[14.645977020263672,58.6804178744371],[14.636192321777344,58.6729216233899],[14.631214141845703,58.67060102858298],[14.625892639160156,58.66881585057885],[14.601860046386719,58.66390613991442],[14.59808349609375,58.662834838478574],[14.594650268554688,58.661495665420944],[14.58984375,58.658995738177225],[14.583663940429688,58.65462043447948],[14.57284927368164,58.64997665502406],[14.564781188964844,58.64452835694141],[14.559288024902344,58.64158056254476],[14.55739974975586,58.64006190466384],[14.554309844970703,58.636398987434575],[14.552764892578125,58.635326841415946],[14.550704956054688,58.634522710302065],[14.542121887207031,58.63264633236807],[14.540061950683594,58.631306000698146],[14.53765869140625,58.62773153146148],[14.534053802490234,58.62344168556655],[14.532508850097656,58.62004518400275],[14.532337188720703,58.61620137617075],[14.532852172851562,58.61155248565203],[14.53165054321289,58.60824424474367],[14.529590606689453,58.60565108031841],[14.528217315673828,58.60448856486744],[14.516716003417969,58.5977809902289],[14.51070785522461,58.593666374583506],[14.507274627685547,58.59071428693491],[14.503669738769531,58.587046194652174],[14.500751495361328,58.583288237958186],[14.495258331298828,58.57398108438838],[14.494915008544922,58.572011946305764],[14.495258331298828,58.57004269746878],[14.500064849853516,58.56162738657602],[14.500579833984375,58.55956801320673],[14.500923156738281,58.556344403119255],[14.499378204345703,58.54909019577539],[14.500408172607422,58.54631349679593],[14.500579833984375,58.54577604577537]]}},{"type":"Feature","properties":{"kind":"road","class":"primary","name":null,"ref":null},"geometry":{"type":"LineString","coordinates":[[14.181804656982422,58.4419834506503],[14.193477630615234,58.448451406994536],[14.197254180908203,58.449978389856454],[14.20583724975586,58.45240346171059],[14.213733673095703,58.45410989354315],[14.224205017089844,58.45545701809414],[14.231929779052734,58.45581624259401],[14.238452911376953,58.455726436812995],[14.243431091308594,58.455367211395895],[14.256649017333984,58.45366084056059],[14.262142181396484,58.45384046244155],[14.266948699951172,58.45473855808763],[14.293041229248047,58.464616096830554],[14.310379028320312,58.4691947416795],[14.322738647460938,58.47278541843957],[14.339733123779297,58.47700399496077],[14.343681335449219,58.47826049434411],[14.349002838134766,58.480683616285745],[14.35964584350586,58.487593083373156],[14.363765716552734,58.48929780779531],[14.36788558959961,58.49037443322578],[14.37234878540039,58.49091273356609],[14.379043579101562,58.49082301741561],[14.382991790771484,58.49028471570031],[14.39483642578125,58.487593083373156],[14.399986267089844,58.487323908796384],[14.404449462890625,58.48795197960038],[14.411659240722656,58.48965668660546],[14.440155029296875,58.49172016860811],[14.444446563720703,58.49243787306264],[14.448738098144531,58.493783529385524],[14.459552764892578,58.498627465248774],[14.462299346923828,58.50069042021752],[14.4635009765625,58.50275325398036],[14.464702606201172,58.50804431680734],[14.46573257446289,58.509299706171674],[14.469165802001953,58.51127237016877],[14.490966796875,58.51710004790709],[14.499893188476562,58.518355113364066],[14.504356384277344,58.51978941891423],[14.50521469116211,58.52023762737372]]}},{"type":"Feature","properties":{"kind":"rail","class":"rail","name":null,"ref":null},"geometry":{"type":"LineString","coordinates":[[14.253215789794922,58.811697185191974],[14.261798858642578,58.819430209826066],[14.253387451171875,58.811697185191974]]}},{"type":"Feature","properties":{"kind":"rail","class":"rail","name":null,"ref":null},"geometry":{"type":"LineString","coordinates":[[14.253044128417969,58.81143049841285],[14.224376678466797,58.78226037350066],[14.140090942382812,58.71849890531311],[14.130306243896484,58.70806866462203],[14.137687683105469,58.716359623483356],[14.143009185791016,58.72081631228036],[14.224376678466797,58.78234934407385],[14.253044128417969,58.81143049841285]]}},{"type":"Feature","properties":{"kind":"rail","class":"rail","name":null,"ref":null},"geometry":{"type":"LineString","coordinates":[[14.051513671875,58.62004518400275],[14.129962921142578,58.707801181466664],[14.051513671875,58.61995579792435]]}},{"type":"Feature","properties":{"kind":"road","class":"trunk","name":null,"ref":null},"geometry":{"type":"LineString","coordinates":[[14.055118560791016,58.798716049977116],[14.051513671875,58.79880497838326]]}},{"type":"Feature","properties":{"kind":"road","class":"trunk","name":null,"ref":null},"geometry":{"type":"LineString","coordinates":[[14.051513671875,58.798716049977116],[14.055118560791016,58.798716049977116],[14.058208465576172,58.79889390656152],[14.060783386230469,58.79933854403444],[14.100780487060547,58.805118312742195],[14.10867691040039,58.80654087737639],[14.122238159179688,58.80974143452562],[14.128761291503906,58.81151939423373],[14.131507873535156,58.81267501917159],[14.143009185791016,58.819430209826066],[14.140949249267578,58.81854144413114],[14.131507873535156,58.81276391180273],[14.124813079833984,58.81045262934549],[14.119491577148438,58.80911912709615],[14.102325439453125,58.80547395936952],[14.060783386230469,58.79933854403444]]}},{"type":"Feature","properties":{"kind":"rail","class":"rail","name":null,"ref":null},"geometry":{"type":"LineString","coordinates":[[14.253387451171875,58.811697185191974],[14.253044128417969,58.81143049841285],[14.253215789794922,58.811697185191974]]}},{"type":"Feature","properties":{"kind":"rail","class":"rail","name":null,"ref":null},"geometry":{"type":"LineString","coordinates":[[14.130306243896484,58.70806866462203],[14.129962921142578,58.707801181466664]]}},{"type":"Feature","properties":{"kind":"road","class":"motorway","name":null,"ref":null},"geometry":{"type":"LineString","coordinates":[[14.572334289550781,58.14643148382325],[14.57010269165039,58.14307933613938],[14.570274353027344,58.139092587489785]]}},{"type":"Feature","properties":{"kind":"road","class":"motorway","name":null,"ref":null},"geometry":{"type":"LineString","coordinates":[[14.571304321289062,58.1426263190005],[14.571819305419922,58.14380415157237],[14.572505950927734,58.144257153724794],[14.573707580566406,58.143985353125004],[14.573192596435547,58.14326054138101],[14.57387924194336,58.143985353125004],[14.57284927368164,58.14561612559865],[14.573192596435547,58.147609190512554]]}},{"type":"Feature","properties":{"kind":"road","class":"motorway","name":null,"ref":null},"geometry":{"type":"LineString","coordinates":[[14.663143157958984,58.226517213571896],[14.669322967529297,58.22787304406555]]}},{"type":"Feature","properties":{"kind":"road","class":"motorway","name":null,"ref":null},"geometry":{"type":"LineString","coordinates":[[14.671382904052734,58.228144203948176],[14.673614501953125,58.2290480552592],[14.677562713623047,58.22977111973222]]}},{"type":"Feature","properties":{"kind":"road","class":"motorway","name":null,"ref":null},"geometry":{"type":"LineString","coordinates":[[14.676704406738281,58.22986150175535],[14.670524597167969,58.22940958933745]]}},{"type":"Feature","properties":{"kind":"road","class":"motorway","name":null,"ref":null},"geometry":{"type":"LineString","coordinates":[[14.668464660644531,58.229228822758756],[14.663143157958984,58.226697993963995]]}},{"type":"Feature","properties":{"kind":"road","class":"primary","name":null,"ref":null},"geometry":{"type":"LineString","coordinates":[[14.128246307373047,58.4202352155711],[14.129104614257812,58.42032511195623],[14.130134582519531,58.42005542211251]]}},{"type":"Feature","properties":{"kind":"road","class":"primary","name":null,"ref":null},"geometry":{"type":"LineString","coordinates":[[14.129619598388672,58.420594799734914],[14.129447937011719,58.42077459044012]]}},{"type":"Feature","properties":{"kind":"road","class":"primary","name":null,"ref":null},"geometry":{"type":"LineString","coordinates":[[14.128761291503906,58.420594799734914],[14.12893295288086,58.42041500811192]]}},{"type":"Feature","properties":{"kind":"road","class":"primary","name":null,"ref":null},"geometry":{"type":"LineString","coordinates":[[14.13116455078125,58.42122406318782],[14.129447937011719,58.42077459044012],[14.128761291503906,58.420594799734914],[14.12790298461914,58.420145318956514]]}},{"type":"Feature","properties":{"kind":"road","class":"primary","name":null,"ref":null},"geometry":{"type":"LineString","coordinates":[[14.051513671875,58.41340241890515],[14.067306518554688,58.414661191563624],[14.089107513427734,58.41690888801526],[14.097347259521484,58.41672907757686],[14.106788635253906,58.41735841009566],[14.117259979248047,58.41735841009566],[14.121551513671875,58.41807763349232],[14.12790298461914,58.420145318956514],[14.12893295288086,58.42041500811192],[14.129619598388672,58.420594799734914],[14.13116455078125,58.42122406318782],[14.139060974121094,58.424639868616595],[14.145069122314453,58.42877434771728],[14.149188995361328,58.43075153568259],[14.152793884277344,58.43156035330222],[14.163780212402344,58.432818477110004],[14.168243408203125,58.433717109444785],[14.172019958496094,58.43506501493553],[14.179573059082031,58.440635810091436],[14.193477630615234,58.448451406994536],[14.197254180908203,58.449978389856454],[14.20583724975586,58.45240346171059],[14.2108154296875,58.45348121776237]]}},{"type":"Feature","properties":{"kind":"road","class":"motorway","name":null,"ref":null},"geometry":{"type":"LineString","coordinates":[[14.776611328125,58.24757193419259],[14.74691390991211,58.24341619823272],[14.71841812133789,58.238356384066066],[14.714469909667969,58.23736240717744],[14.703826904296875,58.23374771097099],[14.697132110595703,58.232211353552344],[14.676704406738281,58.22986150175535],[14.669666290283203,58.228686517497465],[14.663143157958984,58.226697993963995],[14.660568237304688,58.22561329779751],[14.655075073242188,58.22290141233299],[14.651641845703125,58.220641349486925],[14.648895263671875,58.21820031997535],[14.645977020263672,58.21367945169274],[14.64426040649414,58.21178051534227],[14.641170501708984,58.20970061138473],[14.63705062866211,58.2079823379664],[14.627952575683594,58.205178660744764],[14.621944427490234,58.20264611688552],[14.615421295166016,58.19893742329481],[14.60958480834961,58.19332841945533],[14.605636596679688,58.18753755118723],[14.602203369140625,58.183736781054705],[14.59859848022461,58.18093119002231],[14.589500427246094,58.174957258650636],[14.585552215576172,58.170974080089024],[14.583492279052734,58.16744316247062],[14.580402374267578,58.15739170901506],[14.578857421875,58.154946331464686],[14.574394226074219,58.149964487006145],[14.572334289550781,58.14643148382325],[14.570274353027344,58.139092587489785],[14.564266204833984,58.12522610001659],[14.557056427001953,58.104552297052464],[14.554824829101562,58.10028910119905],[14.5513916015625,58.09475525718224],[14.547615051269531,58.08994646609554],[14.537487030029297,58.07905624171278],[14.531822204589844,58.07206659714794]]}},{"type":"Feature","properties":{"kind":"road","class":"motorway","name":null,"ref":null},"geometry":{"type":"LineString","coordinates":[[14.53216552734375,58.07206659714794],[14.536972045898438,58.078057804850744],[14.547958374023438,58.08985572795754],[14.551563262939453,58.0946645312747],[14.554309844970703,58.099109829383366],[14.557228088378906,58.10464299780992],[14.560661315917969,58.113530552899704],[14.564437866210938,58.12522610001659],[14.569759368896484,58.136917809167585],[14.571647644042969,58.144257153724794],[14.574050903320312,58.14923979699154],[14.579029083251953,58.154946331464686],[14.580574035644531,58.15739170901506],[14.58383560180664,58.16744316247062],[14.58658218383789,58.17196991655513],[14.590873718261719,58.175771944760186],[14.598941802978516,58.18084068339925],[14.602375030517578,58.18364628157423],[14.604949951171875,58.18636116576553],[14.609756469726562,58.19323794439532],[14.611988067626953,58.19577115900066],[14.616279602050781,58.199299264104496],[14.622116088867188,58.202555665550875],[14.627952575683594,58.20508821585909],[14.637222290039062,58.20789190022029],[14.64151382446289,58.20970061138473],[14.644432067871094,58.21178051534227],[14.646148681640625,58.21358902845509],[14.648380279541016,58.21711536408915],[14.651813507080078,58.220641349486925],[14.65524673461914,58.2228110125821],[14.663143157958984,58.226517213571896],[14.669837951660156,58.22859613248144],[14.677562713623047,58.22977111973222],[14.692668914794922,58.23148833880538],[14.700050354003906,58.232753604943895],[14.705371856689453,58.23410919716568],[14.7161865234375,58.23763349454566],[14.722023010253906,58.23880818253534],[14.75189208984375,58.2439582783679],[14.776611328125,58.24730092277912]]}},{"type":"Feature","properties":{"kind":"road","class":"motorway","name":null,"ref":null},"geometry":{"type":"LineString","coordinates":[[14.330463409423828,57.93472014522925],[14.330463409423828,57.93380880891465],[14.329776763916016,57.93289744946122]]}},{"type":"Feature","properties":{"kind":"road","class":"motorway","name":null,"ref":null},"geometry":{"type":"LineString","coordinates":[[14.333209991455078,57.93790964011757],[14.330463409423828,57.93645162048094]]}},{"type":"Feature","properties":{"kind":"road","class":"motorway","name":null,"ref":null},"geometry":{"type":"LineString","coordinates":[[14.313297271728516,57.921230004683736],[14.316558837890625,57.92360026126559],[14.31793212890625,57.92432953950859],[14.318790435791016,57.92432953950859]]}},{"type":"Feature","properties":{"kind":"road","class":"motorway","name":null,"ref":null},"geometry":{"type":"LineString","coordinates":[[14.32119369506836,57.92697304898127],[14.31741714477539,57.925879206597386]]}},{"type":"Feature","properties":{"kind":"road","class":"motorway","name":null,"ref":null},"geometry":{"type":"LineString","coordinates":[[14.320850372314453,57.926608438555974],[14.31844711303711,57.92451185675509],[14.317073822021484,57.925514585064036],[14.31741714477539,57.925879206597386],[14.318103790283203,57.92615267031749],[14.318790435791016,57.925879206597386],[14.317588806152344,57.92478533088914]]}},{"type":"Feature","properties":{"kind":"road","class":"motorway","name":null,"ref":null},"geometry":{"type":"LineString","coordinates":[[14.140605926513672,57.75886099637495],[14.138545989990234,57.75867783881273],[14.138031005859375,57.75886099637495]]}},{"type":"Feature","properties":{"kind":"road","class":"motorway","name":null,"ref":null},"geometry":{"type":"LineString","coordinates":[[14.138374328613281,57.75666304436115],[14.137344360351562,57.75647987565938],[14.137001037597656,57.756937795673196],[14.13888931274414,57.75831152090339]]}},{"type":"Feature","properties":{"kind":"road","class":"motorway","name":null,"ref":null},"geometry":{"type":"LineString","coordinates":[[14.157600402832031,57.74997678529573],[14.156055450439453,57.74896915957814],[14.1558837890625,57.74786989949183],[14.156913757324219,57.74677060598148]]}},{"type":"Feature","properties":{"kind":"road","class":"motorway","name":null,"ref":null},"geometry":{"type":"LineString","coordinates":[[14.15639877319336,57.74878595188483],[14.156570434570312,57.74814471764688]]}},{"type":"Feature","properties":{"kind":"road","class":"motorway","name":null,"ref":null},"geometry":{"type":"LineString","coordinates":[[14.157085418701172,57.74814471764688],[14.156570434570312,57.74869434769002],[14.156913757324219,57.74906076307661],[14.157772064208984,57.74906076307661],[14.158287048339844,57.74869434769002],[14.158802032470703,57.74732025691469]]}},{"type":"Feature","properties":{"kind":"road","class":"motorway","name":null,"ref":null},"geometry":{"type":"LineString","coordinates":[[14.159488677978516,57.747961505775606],[14.16086196899414,57.74777829297588],[14.16086196899414,57.747137040865425],[14.159832000732422,57.747137040865425],[14.15914535522461,57.747686686227894],[14.158802032470703,57.74878595188483]]}},{"type":"Feature","properties":{"kind":"road","class":"motorway","name":null,"ref":null},"geometry":{"type":"LineString","coordinates":[[14.15914535522461,57.744755147734224],[14.159660339355469,57.74603772507203],[14.161033630371094,57.74695382388768],[14.161205291748047,57.74814471764688],[14.161033630371094,57.74732025691469]]}},{"type":"Feature","properties":{"kind":"road","class":"motorway","name":null,"ref":null},"geometry":{"type":"LineString","coordinates":[[14.208755493164062,57.77378521720814],[14.211158752441406,57.77515830200528],[14.213390350341797,57.776073662869265]]}},{"type":"Feature","properties":{"kind":"road","class":"motorway","name":null,"ref":null},"geometry":{"type":"LineString","coordinates":[[14.207382202148438,57.77424291794074],[14.211158752441406,57.77515830200528]]}},{"type":"Feature","properties":{"kind":"road","class":"motorway","name":null,"ref":null},"geometry":{"type":"LineString","coordinates":[[14.203777313232422,57.77387675781867],[14.19931411743164,57.77442599660972]]}},{"type":"Feature","properties":{"kind":"road","class":"motorway","name":null,"ref":null},"geometry":{"type":"LineString","coordinates":[[14.19931411743164,57.77332751067527],[14.199657440185547,57.77360213529104],[14.203948974609375,57.77369367636561]]}},{"type":"Feature","properties":{"kind":"road","class":"motorway","name":null,"ref":null},"geometry":{"type":"LineString","coordinates":[[14.198627471923828,57.77442599660972],[14.194679260253906,57.77277825517939]]}},{"type":"Feature","properties":{"kind":"road","class":"motorway","name":null,"ref":null},"geometry":{"type":"LineString","coordinates":[[14.1943359375,57.772503624299276],[14.19708251953125,57.77314442643802],[14.198970794677734,57.77323596867265]]}},{"type":"Feature","properties":{"kind":"road","class":"motorway","name":null,"ref":null},"geometry":{"type":"LineString","coordinates":[[14.186782836914062,57.76124196021203],[14.188156127929688,57.76188296213428],[14.19158935546875,57.762798659441245]]}},{"type":"Feature","properties":{"kind":"road","class":"motorway","name":null,"ref":null},"geometry":{"type":"LineString","coordinates":[[14.188156127929688,57.76188296213428],[14.18935775756836,57.76316493186647],[14.189701080322266,57.763622767176884],[14.190216064453125,57.76408059668603],[14.190044403076172,57.76462998443938],[14.18935775756836,57.76609497760842]]}},{"type":"Feature","properties":{"kind":"road","class":"motorway","name":null,"ref":null},"geometry":{"type":"LineString","coordinates":[[14.157428741455078,57.753915416360684],[14.157600402832031,57.75538084395416],[14.158287048339844,57.75657146012628],[14.160003662109375,57.7577620370773],[14.162063598632812,57.7584946803222],[14.164295196533203,57.75886099637495]]}},{"type":"Feature","properties":{"kind":"road","class":"motorway","name":null,"ref":null},"geometry":{"type":"LineString","coordinates":[[14.157943725585938,57.75144237256893],[14.157600402832031,57.74997678529573],[14.15639877319336,57.74878595188483],[14.15639877319336,57.74823632323435],[14.1558837890625,57.74805311182729]]}},{"type":"Feature","properties":{"kind":"road","class":"motorway","name":null,"ref":null},"geometry":{"type":"LineString","coordinates":[[14.160690307617188,57.75858625968351],[14.159488677978516,57.75876941770986],[14.15863037109375,57.75941046349203],[14.157257080078125,57.75986834637442]]}},{"type":"Feature","properties":{"kind":"road","class":"motorway","name":null,"ref":null},"geometry":{"type":"LineString","coordinates":[[14.156742095947266,57.757945199280954],[14.156227111816406,57.7574872920313],[14.155540466308594,57.75767045562736],[14.155712127685547,57.7580367800347],[14.156570434570312,57.75821994084592]]}},{"type":"Feature","properties":{"kind":"road","class":"motorway","name":null,"ref":null},"geometry":{"type":"LineString","coordinates":[[14.156570434570312,57.758403100728856],[14.155197143554688,57.75895257480798],[14.155540466308594,57.75941046349203],[14.156227111816406,57.75950204053265],[14.156913757324219,57.75876941770986]]}},{"type":"Feature","properties":{"kind":"road","class":"motorway","name":null,"ref":null},"geometry":{"type":"LineString","coordinates":[[14.157428741455078,57.75821994084592],[14.158458709716797,57.757945199280954],[14.15863037109375,57.75739570988512],[14.157772064208984,57.75712096205419],[14.157085418701172,57.7577620370773]]}},{"type":"Feature","properties":{"kind":"road","class":"motorway","name":null,"ref":null},"geometry":{"type":"LineString","coordinates":[[14.154510498046875,57.7584946803222],[14.15639877319336,57.756937795673196],[14.156742095947266,57.75538084395416]]}},{"type":"Feature","properties":{"kind":"road","class":"motorway","name":null,"ref":null},"geometry":{"type":"LineString","coordinates":[[14.156227111816406,57.760143073319085],[14.154853820800781,57.75867783881273],[14.154167175292969,57.75858625968351]]}},{"type":"Feature","properties":{"kind":"road","class":"motorway","name":null,"ref":null},"geometry":{"type":"LineString","coordinates":[[14.186439514160156,57.76389746557851],[14.187126159667969,57.764355291606904],[14.188156127929688,57.76444685611645],[14.1888427734375,57.76417216189168],[14.1888427734375,57.76325649939264]]}},{"type":"Feature","properties":{"kind":"road","class":"motorway","name":null,"ref":null},"geometry":{"type":"LineString","coordinates":[[14.189701080322266,57.763622767176884],[14.190902709960938,57.76371433354282],[14.190902709960938,57.76325649939264]]}},{"type":"Feature","properties":{"kind":"road","class":"motorway","name":null,"ref":null},"geometry":{"type":"LineString","coordinates":[[14.190902709960938,57.76289022789561],[14.190731048583984,57.762615521836295],[14.190044403076172,57.76252395268571],[14.18935775756836,57.76316493186647]]}},{"type":"Feature","properties":{"kind":"road","class":"motorway","name":null,"ref":null},"geometry":{"type":"LineString","coordinates":[[14.19158935546875,57.763073364108266],[14.191246032714844,57.7638058996767],[14.190044403076172,57.76462998443938]]}},{"type":"Feature","properties":{"kind":"road","class":"motorway","name":null,"ref":null},"geometry":{"type":"LineString","coordinates":[[14.189014434814453,57.767010568173646],[14.188671112060547,57.7656371736243],[14.18609619140625,57.763989031248315]]}},{"type":"Feature","properties":{"kind":"road","class":"motorway","name":null,"ref":null},"geometry":{"type":"LineString","coordinates":[[14.20806884765625,57.77488368922198],[14.210128784179688,57.77488368922198],[14.21133041381836,57.77543291270052],[14.213905334472656,57.77634826660437]]}},{"type":"Feature","properties":{"kind":"road","class":"motorway","name":null,"ref":null},"geometry":{"type":"LineString","coordinates":[[14.21133041381836,57.77543291270052],[14.213390350341797,57.776073662869265],[14.21957015991211,57.777721253960095],[14.220771789550781,57.77799584516731]]}},{"type":"Feature","properties":{"kind":"road","class":"motorway","name":null,"ref":null},"geometry":{"type":"LineString","coordinates":[[14.213733673095703,57.77643980071878],[14.2108154296875,57.77598212782689]]}},{"type":"Feature","properties":{"kind":"road","class":"motorway","name":null,"ref":null},"geometry":{"type":"LineString","coordinates":[[14.21905517578125,57.77891113411175],[14.21957015991211,57.778453492539455],[14.218711853027344,57.77799584516731]]}},{"type":"Feature","properties":{"kind":"road","class":"motorway","name":null,"ref":null},"geometry":{"type":"LineString","coordinates":[[14.220428466796875,57.77863654986433],[14.218711853027344,57.77799584516731],[14.216136932373047,57.777080533023394]]}},{"type":"Feature","properties":{"kind":"road","class":"motorway","name":null,"ref":null},"geometry":{"type":"LineString","coordinates":[[14.21957015991211,57.777721253960095],[14.220771789550781,57.777812784594516],[14.220943450927734,57.77726359730815]]}},{"type":"Feature","properties":{"kind":"road","class":"motorway","name":null,"ref":null},"geometry":{"type":"LineString","coordinates":[[14.221973419189453,57.77827043428658],[14.226436614990234,57.779826399857086]]}},{"type":"Feature","properties":{"kind":"road","class":"motorway","name":null,"ref":null},"geometry":{"type":"LineString","coordinates":[[14.225406646728516,57.77964334856395],[14.22128677368164,57.778819606261294]]}},{"type":"Feature","properties":{"kind":"road","class":"motorway","name":null,"ref":null},"geometry":{"type":"LineString","coordinates":[[14.233474731445312,57.784493894309065],[14.234333038330078,57.78504297163573],[14.23553466796875,57.78495145932786]]}},{"type":"Feature","properties":{"kind":"road","class":"motorway","name":null,"ref":null},"geometry":{"type":"LineString","coordinates":[[14.23553466796875,57.78504297163573],[14.23501968383789,57.78522599555552],[14.236564636230469,57.786415628417615]]}},{"type":"Feature","properties":{"kind":"road","class":"motorway","name":null,"ref":null},"geometry":{"type":"LineString","coordinates":[[14.257850646972656,57.78760522207813],[14.262657165527344,57.788428763956176],[14.266090393066406,57.788428763956176]]}},{"type":"Feature","properties":{"kind":"road","class":"motorway","name":null,"ref":null},"geometry":{"type":"LineString","coordinates":[[14.239139556884766,57.78733070394355],[14.235706329345703,57.78650713701404],[14.2327880859375,57.784127838118565]]}},{"type":"Feature","properties":{"kind":"road","class":"motorway","name":null,"ref":null},"geometry":{"type":"LineString","coordinates":[[14.266090393066406,57.78870327374034],[14.26523208618164,57.7886117707109],[14.260082244873047,57.7891607854082],[14.25802230834961,57.78906928353854],[14.2547607421875,57.7878797381251],[14.250984191894531,57.78751371626521]]}},{"type":"Feature","properties":{"kind":"road","class":"motorway","name":null,"ref":null},"geometry":{"type":"LineString","coordinates":[[14.26025390625,57.78833726023089],[14.259052276611328,57.78806274766325],[14.257335662841797,57.78815425208441],[14.257335662841797,57.7887947765378],[14.259567260742188,57.7891607854082],[14.264202117919922,57.78852026744951]]}},{"type":"Feature","properties":{"kind":"road","class":"motorway","name":null,"ref":null},"geometry":{"type":"LineString","coordinates":[[14.26523208618164,57.7886117707109],[14.264202117919922,57.78961829127729],[14.26523208618164,57.79218021698466]]}},{"type":"Feature","properties":{"kind":"road","class":"motorway","name":null,"ref":null},"geometry":{"type":"LineString","coordinates":[[14.270896911621094,57.82071508884832],[14.271068572998047,57.81742375556459],[14.270553588867188,57.81705803331934]]}},{"type":"Feature","properties":{"kind":"road","class":"motorway","name":null,"ref":null},"geometry":{"type":"LineString","coordinates":[[14.271068572998047,57.81742375556459],[14.270553588867188,57.81742375556459]]}},{"type":"Feature","properties":{"kind":"road","class":"motorway","name":null,"ref":null},"geometry":{"type":"LineString","coordinates":[[14.270553588867188,57.81394924446178],[14.270896911621094,57.81367492669483],[14.271411895751953,57.8105658461626]]}},{"type":"Feature","properties":{"kind":"road","class":"motorway","name":null,"ref":null},"geometry":{"type":"LineString","coordinates":[[14.270381927490234,57.81367492669483],[14.270896911621094,57.81367492669483]]}},{"type":"Feature","properties":{"kind":"road","class":"motorway","name":null,"ref":null},"geometry":{"type":"LineString","coordinates":[[14.272270202636719,57.81468074830542],[14.272613525390625,57.81477218524253]]}},{"type":"Feature","properties":{"kind":"road","class":"motorway","name":null,"ref":null},"geometry":{"type":"LineString","coordinates":[[14.271583557128906,57.811937532379034],[14.272270202636719,57.81468074830542],[14.272613525390625,57.81495505842119]]}},{"type":"Feature","properties":{"kind":"road","class":"motorway","name":null,"ref":null},"geometry":{"type":"LineString","coordinates":[[14.271926879882812,57.816235144704706],[14.272441864013672,57.81641801046419]]}},{"type":"Feature","properties":{"kind":"road","class":"motorway","name":null,"ref":null},"geometry":{"type":"LineString","coordinates":[[14.272441864013672,57.81605227801782],[14.272441864013672,57.81641801046419],[14.271411895751953,57.81970943555555]]}},{"type":"Feature","properties":{"kind":"road","class":"motorway","name":null,"ref":null},"geometry":{"type":"LineString","coordinates":[[14.2657470703125,57.85242448195774],[14.26626205444336,57.851328369335704]]}},{"type":"Feature","properties":{"kind":"road","class":"motorway","name":null,"ref":null},"geometry":{"type":"LineString","coordinates":[[14.266948699951172,57.855895285143305],[14.26626205444336,57.854159925372215]]}},{"type":"Feature","properties":{"kind":"road","class":"motorway","name":null,"ref":null},"geometry":{"type":"LineString","coordinates":[[14.266948699951172,57.85370323784639],[14.267120361328125,57.85516461753954]]}},{"type":"Feature","properties":{"kind":"road","class":"motorway","name":null,"ref":null},"geometry":{"type":"LineString","coordinates":[[14.266605377197266,57.84977548600449],[14.266948699951172,57.852150456930275]]}},{"type":"Feature","properties":{"kind":"road","class":"motorway","name":null,"ref":null},"geometry":{"type":"LineString","coordinates":[[14.46023941040039,58.004914538202144],[14.4580078125,58.00400498481284],[14.4525146484375,58.003095408312305]]}},{"type":"Feature","properties":{"kind":"road","class":"motorway","name":null,"ref":null},"geometry":{"type":"LineString","coordinates":[[14.444618225097656,57.996454799669976],[14.441699981689453,57.994908179742936],[14.441184997558594,57.99509013849567],[14.441356658935547,57.9955450313324]]}},{"type":"Feature","properties":{"kind":"road","class":"motorway","name":null,"ref":null},"geometry":{"type":"LineString","coordinates":[[14.439468383789062,57.994362297937215],[14.437580108642578,57.99308854136268],[14.435863494873047,57.992360660121335]]}},{"type":"Feature","properties":{"kind":"road","class":"motorway","name":null,"ref":null},"geometry":{"type":"LineString","coordinates":[[14.438095092773438,57.992815587630844],[14.440841674804688,57.99308854136268],[14.441356658935547,57.99263361732051],[14.440670013427734,57.99226967392593],[14.43929672241211,57.99226967392593]]}},{"type":"Feature","properties":{"kind":"road","class":"motorway","name":null,"ref":null},"geometry":{"type":"LineString","coordinates":[[14.456806182861328,58.00045750576342],[14.456634521484375,58.00063943631747]]}},{"type":"Feature","properties":{"kind":"road","class":"motorway","name":null,"ref":null},"geometry":{"type":"LineString","coordinates":[[14.456462860107422,58.00073040124778],[14.456119537353516,58.00063943631747]]}},{"type":"Feature","properties":{"kind":"road","class":"motorway","name":null,"ref":null},"geometry":{"type":"LineString","coordinates":[[14.456119537353516,58.00054847115601],[14.456634521484375,58.00063943631747],[14.459209442138672,58.003914028202814],[14.460582733154297,58.00500549226993]]}},{"type":"Feature","properties":{"kind":"road","class":"motorway","name":null,"ref":null},"geometry":{"type":"LineString","coordinates":[[14.454231262207031,58.001640037839195],[14.456806182861328,58.00227676970144],[14.45749282836914,58.00200388600433],[14.456462860107422,58.00073040124778],[14.456462860107422,58.00045750576342]]}},{"type":"Feature","properties":{"kind":"road","class":"motorway","name":null,"ref":null},"geometry":{"type":"LineString","coordinates":[[14.452686309814453,58.002913490238825],[14.454059600830078,58.00327732546134],[14.454917907714844,58.00318636700234],[14.45526123046875,58.00282253085541],[14.453372955322266,58.00136714928857]]}},{"type":"Feature","properties":{"kind":"road","class":"motorway","name":null,"ref":null},"geometry":{"type":"LineString","coordinates":[[14.511394500732422,58.057901563282],[14.508132934570312,58.05554017803226],[14.505043029785156,58.051180287471965],[14.50418472290039,58.04927266804799]]}},{"type":"Feature","properties":{"kind":"road","class":"motorway","name":null,"ref":null},"geometry":{"type":"LineString","coordinates":[[14.504528045654297,58.0495451913437],[14.507617950439453,58.052815308780055],[14.508132934570312,58.05390528141973],[14.509506225585938,58.05472273907796],[14.509162902832031,58.05526770045901],[14.508132934570312,58.05554017803226]]}},{"type":"Feature","properties":{"kind":"road","class":"motorway","name":null,"ref":null},"geometry":{"type":"LineString","coordinates":[[14.508304595947266,58.0540869402935],[14.508819580078125,58.05526770045901]]}},{"type":"Feature","properties":{"kind":"road","class":"trunk","name":null,"ref":null},"geometry":{"type":"LineString","coordinates":[[14.137859344482422,57.75876941770986],[14.138031005859375,57.758403100728856],[14.135456085205078,57.75611353547092]]}},{"type":"Feature","properties":{"kind":"road","class":"trunk","name":null,"ref":null},"geometry":{"type":"LineString","coordinates":[[14.135284423828125,57.75556401822584],[14.136486053466797,57.7562967060293],[14.138545989990234,57.75657146012628]]}},{"type":"Feature","properties":{"kind":"road","class":"trunk","name":null,"ref":null},"geometry":{"type":"LineString","coordinates":[[14.102668762207031,57.76243238330312],[14.103527069091797,57.76197453290922]]}},{"type":"Feature","properties":{"kind":"road","class":"trunk","name":null,"ref":null},"geometry":{"type":"LineString","coordinates":[[14.103012084960938,57.76243238330312],[14.101982116699219,57.76453842039393],[14.10146713256836,57.764813111834144]]}},{"type":"Feature","properties":{"kind":"road","class":"trunk","name":null,"ref":null},"geometry":{"type":"LineString","coordinates":[[14.100093841552734,57.76408059668603],[14.1009521484375,57.7633480666868]]}},{"type":"Feature","properties":{"kind":"road","class":"trunk","name":null,"ref":null},"geometry":{"type":"LineString","coordinates":[[14.101123809814453,57.82619997666174],[14.10146713256836,57.828119490240056],[14.10146713256836,57.82720544890438],[14.100608825683594,57.82720544890438]]}},{"type":"Feature","properties":{"kind":"road","class":"trunk","name":null,"ref":null},"geometry":{"type":"LineString","coordinates":[[14.100093841552734,57.8284851002839],[14.099750518798828,57.827845280273266],[14.099235534667969,57.82775387648741],[14.098548889160156,57.828119490240056],[14.098377227783203,57.82866790391503]]}},{"type":"Feature","properties":{"kind":"road","class":"trunk","name":null,"ref":null},"geometry":{"type":"LineString","coordinates":[[14.104728698730469,57.770031852410455],[14.105587005615234,57.770306502084196],[14.106616973876953,57.77103889100522],[14.106616973876953,57.77140507989719]]}},{"type":"Feature","properties":{"kind":"road","class":"trunk","name":null,"ref":null},"geometry":{"type":"LineString","coordinates":[[14.105587005615234,57.770306502084196],[14.104900360107422,57.77039805151142]]}},{"type":"Feature","properties":{"kind":"road","class":"trunk","name":null,"ref":null},"geometry":{"type":"LineString","coordinates":[[14.103870391845703,57.772503624299276],[14.104900360107422,57.77241208020854]]}},{"type":"Feature","properties":{"kind":"road","class":"trunk","name":null,"ref":null},"geometry":{"type":"LineString","coordinates":[[14.104900360107422,57.77296134127275],[14.103870391845703,57.772503624299276],[14.102153778076172,57.77213744654421],[14.10146713256836,57.77140507989719]]}},{"type":"Feature","properties":{"kind":"road","class":"trunk","name":null,"ref":null},"geometry":{"type":"LineString","coordinates":[[14.080352783203125,57.77314442643802],[14.080181121826172,57.77305288397139],[14.079322814941406,57.77277825517939]]}},{"type":"Feature","properties":{"kind":"road","class":"trunk","name":null,"ref":null},"geometry":{"type":"LineString","coordinates":[[14.080352783203125,57.772503624299276],[14.080181121826172,57.77305288397139]]}},{"type":"Feature","properties":{"kind":"road","class":"trunk","name":null,"ref":null},"geometry":{"type":"LineString","coordinates":[[14.22677993774414,57.76737679790267],[14.226093292236328,57.76719368350223]]}},{"type":"Feature","properties":{"kind":"road","class":"trunk","name":null,"ref":null},"geometry":{"type":"LineString","coordinates":[[14.225406646728516,57.76737679790267],[14.226093292236328,57.76664433473201],[14.227638244628906,57.76600341727567]]}},{"type":"Feature","properties":{"kind":"road","class":"trunk","name":null,"ref":null},"geometry":{"type":"LineString","coordinates":[[14.227123260498047,57.766827451916924],[14.22677993774414,57.76737679790267],[14.22677993774414,57.76746835475484]]}},{"type":"Feature","properties":{"kind":"road","class":"trunk","name":null,"ref":null},"geometry":{"type":"LineString","coordinates":[[14.226093292236328,57.76664433473201],[14.226264953613281,57.7669190101613],[14.22677993774414,57.7669190101613]]}},{"type":"Feature","properties":{"kind":"road","class":"trunk","name":null,"ref":null},"geometry":{"type":"LineString","coordinates":[[14.275016784667969,57.75171716356786],[14.274673461914062,57.75208354831702],[14.274158477783203,57.75199195247788]]}},{"type":"Feature","properties":{"kind":"road","class":"trunk","name":null,"ref":null},"geometry":{"type":"LineString","coordinates":[[14.268836975097656,57.75364064207244],[14.26797866821289,57.753915416360684]]}},{"type":"Feature","properties":{"kind":"road","class":"trunk","name":null,"ref":null},"geometry":{"type":"LineString","coordinates":[[14.239139556884766,57.75950204053265],[14.239997863769531,57.7592273087146]]}},{"type":"Feature","properties":{"kind":"road","class":"trunk","name":null,"ref":null},"geometry":{"type":"LineString","coordinates":[[14.312610626220703,57.73375976132388],[14.312267303466797,57.73440125068012]]}},{"type":"Feature","properties":{"kind":"road","class":"trunk","name":null,"ref":null},"geometry":{"type":"LineString","coordinates":[[14.311408996582031,57.73412632806327],[14.311752319335938,57.73348483383157],[14.31192398071289,57.73275168363679],[14.313983917236328,57.732476748482924]]}},{"type":"Feature","properties":{"kind":"road","class":"trunk","name":null,"ref":null},"geometry":{"type":"LineString","coordinates":[[14.311237335205078,57.7342179691677],[14.312267303466797,57.73440125068012],[14.313125610351562,57.73485945039823]]}},{"type":"Feature","properties":{"kind":"road","class":"trunk","name":null,"ref":null},"geometry":{"type":"LineString","coordinates":[[14.311752319335938,57.73348483383157],[14.312610626220703,57.73366811905862]]}},{"type":"Feature","properties":{"kind":"road","class":"trunk","name":null,"ref":null},"geometry":{"type":"LineString","coordinates":[[14.283943176269531,57.73916624405322],[14.284801483154297,57.739349500493006]]}},{"type":"Feature","properties":{"kind":"road","class":"trunk","name":null,"ref":null},"geometry":{"type":"LineString","coordinates":[[14.283599853515625,57.73971601058676],[14.283943176269531,57.73916624405322],[14.284801483154297,57.738341578583146]]}},{"type":"Feature","properties":{"kind":"road","class":"trunk","name":null,"ref":null},"geometry":{"type":"LineString","coordinates":[[14.284114837646484,57.739624383411524],[14.283943176269531,57.74017414298078]]}},{"type":"Feature","properties":{"kind":"road","class":"trunk","name":null,"ref":null},"geometry":{"type":"LineString","coordinates":[[14.284114837646484,57.74026576876315],[14.283943176269531,57.74017414298078],[14.282913208007812,57.740082516966254]]}},{"type":"Feature","properties":{"kind":"road","class":"trunk","name":null,"ref":null},"geometry":{"type":"LineString","coordinates":[[14.376296997070312,57.71744378046728],[14.377670288085938,57.716985360162965],[14.37887191772461,57.71744378046728],[14.379386901855469,57.717627146963395]]}},{"type":"Feature","properties":{"kind":"road","class":"trunk","name":null,"ref":null},"geometry":{"type":"LineString","coordinates":[[14.378700256347656,57.717810512530576],[14.37887191772461,57.71744378046728]]}},{"type":"Feature","properties":{"kind":"road","class":"trunk","name":null,"ref":null},"geometry":{"type":"LineString","coordinates":[[14.38058853149414,57.71744378046728],[14.380073547363281,57.717810512530576]]}},{"type":"Feature","properties":{"kind":"road","class":"trunk","name":null,"ref":null},"geometry":{"type":"LineString","coordinates":[[14.380073547363281,57.719002366075415],[14.38058853149414,57.718452284700675],[14.380073547363281,57.717810512530576],[14.379558563232422,57.717627146963395]]}},{"type":"Feature","properties":{"kind":"road","class":"trunk","name":null,"ref":null},"geometry":{"type":"LineString","coordinates":[[14.409255981445312,57.712492533933045],[14.409599304199219,57.71221744482449],[14.409942626953125,57.71230914142623]]}},{"type":"Feature","properties":{"kind":"road","class":"motorway","name":null,"ref":null},"geometry":{"type":"LineString","coordinates":[[14.206695556640625,57.77543291270052],[14.20806884765625,57.77488368922198]]}},{"type":"Feature","properties":{"kind":"road","class":"motorway","name":null,"ref":null},"geometry":{"type":"LineString","coordinates":[[14.20806884765625,57.77570752130771],[14.20480728149414,57.775890592552514]]}},{"type":"Feature","properties":{"kind":"road","class":"motorway","name":null,"ref":null},"geometry":{"type":"LineString","coordinates":[[14.2108154296875,57.77598212782689],[14.20806884765625,57.77570752130771],[14.206523895263672,57.77561598533731]]}},{"type":"Feature","properties":{"kind":"road","class":"motorway","name":null,"ref":null},"geometry":{"type":"LineString","coordinates":[[14.235706329345703,57.78650713701404],[14.235191345214844,57.78650713701404]]}},{"type":"Feature","properties":{"kind":"road","class":"motorway","name":null,"ref":null},"geometry":{"type":"LineString","coordinates":[[14.234848022460938,57.78650713701404],[14.23501968383789,57.78614110123661]]}},{"type":"Feature","properties":{"kind":"road","class":"trunk","name":null,"ref":null},"geometry":{"type":"LineString","coordinates":[[14.239997863769531,57.7592273087146],[14.240169525146484,57.75931888621935]]}},{"type":"Feature","properties":{"kind":"road","class":"trunk","name":null,"ref":null},"geometry":{"type":"LineString","coordinates":[[14.101982116699219,57.76453842039393],[14.101638793945312,57.765362488449284]]}},{"type":"Feature","properties":{"kind":"rail","class":"rail","name":null,"ref":null},"geometry":{"type":"LineString","coordinates":[[14.742279052734375,57.73266003881767],[14.731636047363281,57.72936067070168],[14.728374481201172,57.72761921621492],[14.723739624023438,57.72395272225637],[14.721508026123047,57.72257769123911],[14.71292495727539,57.71946076083486],[14.701595306396484,57.71625187560008],[14.698162078857422,57.714509790195024]]}},{"type":"Feature","properties":{"kind":"rail","class":"rail","name":null,"ref":null},"geometry":{"type":"LineString","coordinates":[[14.742279052734375,57.73275168363679],[14.730262756347656,57.72890240133165],[14.728031158447266,57.727710873803915],[14.723567962646484,57.7243193883705],[14.720306396484375,57.72248602064698],[14.71292495727539,57.71946076083486],[14.701423645019531,57.71625187560008],[14.698162078857422,57.714509790195024],[14.696273803710938,57.712951011135715],[14.687175750732422,57.69827686055882]]}},{"type":"Feature","properties":{"kind":"rail","class":"rail","name":null,"ref":null},"geometry":{"type":"LineString","coordinates":[[14.742965698242188,57.733026616701096],[14.753093719482422,57.738066685914475]]}},{"type":"Feature","properties":{"kind":"rail","class":"rail","name":null,"ref":null},"geometry":{"type":"LineString","coordinates":[[14.776611328125,57.752999493943435],[14.774036407470703,57.751350775105124],[14.767341613769531,57.745946113913845],[14.759273529052734,57.74228147724446],[14.753093719482422,57.738066685914475],[14.742965698242188,57.73293497257848]]}},{"type":"Feature","properties":{"kind":"rail","class":"rail","name":null,"ref":null},"geometry":{"type":"LineString","coordinates":[[14.776611328125,57.752907900425214],[14.774036407470703,57.751350775105124],[14.767341613769531,57.745854502523514],[14.759273529052734,57.74228147724446]]}},{"type":"Feature","properties":{"kind":"road","class":"trunk","name":null,"ref":null},"geometry":{"type":"LineString","coordinates":[[14.137001037597656,57.757578873945334],[14.132537841796875,57.75235833444194],[14.129962921142578,57.750709586359534],[14.127216339111328,57.749885184118256],[14.123611450195312,57.749610379193314],[14.119491577148438,57.74997678529573],[14.115886688232422,57.750709586359534],[14.111766815185547,57.75235833444194],[14.10919189453125,57.75409859805907],[14.107475280761719,57.756205120866156],[14.105758666992188,57.75986834637442]]}},{"type":"Feature","properties":{"kind":"road","class":"trunk","name":null,"ref":null},"geometry":{"type":"LineString","coordinates":[[14.099407196044922,57.76252395268571],[14.101638793945312,57.76270709075476],[14.102668762207031,57.76243238330312]]}},{"type":"Feature","properties":{"kind":"road","class":"trunk","name":null,"ref":null},"geometry":{"type":"LineString","coordinates":[[14.103527069091797,57.76197453290922],[14.105587005615234,57.75986834637442],[14.108161926269531,57.754922904213515],[14.110565185546875,57.752907900425214],[14.113998413085938,57.75125917740917],[14.117603302001953,57.75015998695426],[14.121379852294922,57.749610379193314],[14.12618637084961,57.749610379193314],[14.130134582519531,57.75061798703891],[14.132709503173828,57.752266739299074],[14.135284423828125,57.75556401822584]]}},{"type":"Feature","properties":{"kind":"road","class":"trunk","name":null,"ref":null},"geometry":{"type":"LineString","coordinates":[[14.101123809814453,57.76462998443938],[14.101982116699219,57.76444685611645],[14.101982116699219,57.763989031248315],[14.10146713256836,57.7638058996767],[14.096660614013672,57.76582029591407]]}},{"type":"Feature","properties":{"kind":"road","class":"trunk","name":null,"ref":null},"geometry":{"type":"LineString","coordinates":[[14.1009521484375,57.7633480666868],[14.100608825683594,57.76270709075476],[14.099578857421875,57.762798659441245]]}},{"type":"Feature","properties":{"kind":"road","class":"trunk","name":null,"ref":null},"geometry":{"type":"LineString","coordinates":[[14.095630645751953,57.76609497760842],[14.100093841552734,57.76408059668603]]}},{"type":"Feature","properties":{"kind":"road","class":"trunk","name":null,"ref":null},"geometry":{"type":"LineString","coordinates":[[14.097862243652344,57.82866790391503],[14.098548889160156,57.828759305382874],[14.099407196044922,57.828850706618965]]}},{"type":"Feature","properties":{"kind":"road","class":"trunk","name":null,"ref":null},"geometry":{"type":"LineString","coordinates":[[14.098548889160156,57.828759305382874],[14.098377227783203,57.82912490893639],[14.09769058227539,57.82912490893639],[14.097862243652344,57.82866790391503],[14.09872055053711,57.827845280273266],[14.100265502929688,57.827296854081055],[14.100780487060547,57.82674841954389],[14.103012084960938,57.82309197603141],[14.103527069091797,57.82062366698085],[14.101982116699219,57.8157779762486]]}},{"type":"Feature","properties":{"kind":"road","class":"trunk","name":null,"ref":null},"geometry":{"type":"LineString","coordinates":[[14.10146713256836,57.828119490240056],[14.10043716430664,57.828759305382874],[14.099407196044922,57.828850706618965],[14.098548889160156,57.82894210762322]]}},{"type":"Feature","properties":{"kind":"road","class":"trunk","name":null,"ref":null},"geometry":{"type":"LineString","coordinates":[[14.062156677246094,57.77497522704843],[14.055633544921875,57.7745175355962],[14.051513671875,57.77369367636561]]}},{"type":"Feature","properties":{"kind":"road","class":"trunk","name":null,"ref":null},"geometry":{"type":"LineString","coordinates":[[14.103012084960938,57.76243238330312],[14.100608825683594,57.763989031248315]]}},{"type":"Feature","properties":{"kind":"road","class":"trunk","name":null,"ref":null},"geometry":{"type":"LineString","coordinates":[[14.10146713256836,57.76499623830071],[14.103527069091797,57.76737679790267],[14.104557037353516,57.76939099505074],[14.104900360107422,57.77122198591525]]}},{"type":"Feature","properties":{"kind":"road","class":"trunk","name":null,"ref":null},"geometry":{"type":"LineString","coordinates":[[14.099578857421875,57.76289022789561],[14.099235534667969,57.76298179611794]]}},{"type":"Feature","properties":{"kind":"road","class":"trunk","name":null,"ref":null},"geometry":{"type":"LineString","coordinates":[[14.10043716430664,57.76389746557851],[14.103527069091797,57.76197453290922]]}},{"type":"Feature","properties":{"kind":"road","class":"trunk","name":null,"ref":null},"geometry":{"type":"LineString","coordinates":[[14.100093841552734,57.7638058996767],[14.099235534667969,57.76298179611794],[14.098892211914062,57.762615521836295],[14.099407196044922,57.76252395268571],[14.099578857421875,57.76289022789561],[14.100093841552734,57.7638058996767],[14.10043716430664,57.764355291606904],[14.100608825683594,57.764813111834144],[14.101123809814453,57.7650878011859],[14.103527069091797,57.76746835475484],[14.104557037353516,57.76920789085969],[14.104900360107422,57.77122198591525],[14.104900360107422,57.77149662654014],[14.104728698730469,57.77515830200528],[14.102325439453125,57.78284661222338],[14.1009521484375,57.79163124821281],[14.097003936767578,57.79977342835949],[14.096488952636719,57.80352370228101],[14.097003936767578,57.807456497590465],[14.101810455322266,57.81541223731048]]}},{"type":"Feature","properties":{"kind":"road","class":"trunk","name":null,"ref":null},"geometry":{"type":"LineString","coordinates":[[14.10043716430664,57.764355291606904],[14.1009521484375,57.76462998443938],[14.10146713256836,57.76490467518343],[14.101123809814453,57.7650878011859]]}},{"type":"Feature","properties":{"kind":"road","class":"trunk","name":null,"ref":null},"geometry":{"type":"LineString","coordinates":[[14.100608825683594,57.764813111834144],[14.1009521484375,57.76462998443938]]}},{"type":"Feature","properties":{"kind":"road","class":"trunk","name":null,"ref":null},"geometry":{"type":"LineString","coordinates":[[14.104900360107422,57.77149662654014],[14.104728698730469,57.775066764642844],[14.103012084960938,57.780924688129176],[14.1009521484375,57.791997228321804],[14.097003936767578,57.79977342835949],[14.096660614013672,57.80407249015701],[14.097175598144531,57.807547952845],[14.101810455322266,57.81541223731048],[14.101982116699219,57.8157779762486],[14.103355407714844,57.818703754210986],[14.10369873046875,57.82071508884832],[14.10318374633789,57.82309197603141],[14.101123809814453,57.82619997666174]]}},{"type":"Feature","properties":{"kind":"road","class":"trunk","name":null,"ref":null},"geometry":{"type":"LineString","coordinates":[[14.08945083618164,57.768292355982794],[14.080867767333984,57.77232053588577],[14.07400131225586,57.77387675781867]]}},{"type":"Feature","properties":{"kind":"road","class":"trunk","name":null,"ref":null},"geometry":{"type":"LineString","coordinates":[[14.051513671875,57.77360213529104],[14.055633544921875,57.7745175355962],[14.062156677246094,57.77488368922198],[14.072456359863281,57.77405983834373],[14.077606201171875,57.77314442643802],[14.083786010742188,57.77113043857625],[14.0899658203125,57.76801769099515],[14.095630645751953,57.76609497760842]]}},{"type":"Feature","properties":{"kind":"road","class":"trunk","name":null,"ref":null},"geometry":{"type":"LineString","coordinates":[[14.221458435058594,57.77799584516731],[14.21957015991211,57.77497522704843],[14.219913482666016,57.77167971912996],[14.221458435058594,57.7694825467982],[14.224205017089844,57.76783457984317],[14.228324890136719,57.7663696572144],[14.231414794921875,57.76444685611645],[14.233989715576172,57.76133353261142],[14.235706329345703,57.760417798175155],[14.239139556884766,57.75950204053265],[14.248580932617188,57.75812836055633],[14.26025390625,57.75501449262583],[14.2657470703125,57.754373368866],[14.278106689453125,57.75061798703891],[14.280681610107422,57.74887755584754],[14.281368255615234,57.747686686227894],[14.280509948730469,57.7429228154723],[14.281368255615234,57.740998766665115],[14.283599853515625,57.73971601058676],[14.285659790039062,57.73916624405322],[14.298534393310547,57.73669219123076],[14.308490753173828,57.73485945039823],[14.312610626220703,57.73366811905862],[14.318275451660156,57.73082709367927],[14.324626922607422,57.72899405567003],[14.329090118408203,57.72871909195837],[14.335098266601562,57.72908570977623],[14.339733123779297,57.72899405567003],[14.344196319580078,57.72807750183796],[14.346771240234375,57.72706926580503],[14.352092742919922,57.72395272225637],[14.355697631835938,57.72257769123911],[14.358959197998047,57.72175264755029],[14.37063217163086,57.71982747246247],[14.377670288085938,57.718085559139695],[14.380931854248047,57.717260413042226],[14.397926330566406,57.715151620887696],[14.402732849121094,57.71423471641461],[14.409942626953125,57.71230914142623],[14.416122436523438,57.71010835888231],[14.427452087402344,57.70524782350381],[14.440841674804688,57.69827686055882],[14.435348510742188,57.7013956150995],[14.426593780517578,57.705706392449514],[14.41629409790039,57.71010835888231],[14.409770965576172,57.71240083779577],[14.405479431152344,57.71368456258321],[14.395694732666016,57.7156100644153],[14.383678436279297,57.71689367540543],[14.377670288085938,57.718085559139695],[14.37063217163086,57.719919149788836],[14.358959197998047,57.72175264755029]]}},{"type":"Feature","properties":{"kind":"road","class":"trunk","name":null,"ref":null},"geometry":{"type":"LineString","coordinates":[[14.285659790039062,57.73916624405322],[14.282913208007812,57.740082516966254],[14.281196594238281,57.74145688280933],[14.280509948730469,57.74310605287678],[14.281539916992188,57.747686686227894],[14.27947998046875,57.74997678529573],[14.27724838256836,57.750984382928806],[14.26797866821289,57.753915416360684],[14.26025390625,57.75510608080606],[14.252185821533203,57.75739570988512],[14.247722625732422,57.758403100728856],[14.244632720947266,57.75867783881273],[14.236736297607422,57.760051497902936],[14.234333038330078,57.76115038758064],[14.231586456298828,57.76453842039393],[14.228324890136719,57.7663696572144],[14.223690032958984,57.76810924622305],[14.221458435058594,57.7694825467982],[14.219741821289062,57.77167971912996],[14.219398498535156,57.7745175355962],[14.219913482666016,57.776073662869265],[14.220943450927734,57.77726359730815],[14.220943450927734,57.7779043149969],[14.220428466796875,57.77863654986433],[14.221115112304688,57.778819606261294],[14.221973419189453,57.77817890481214],[14.221458435058594,57.77799584516731],[14.220943450927734,57.7779043149969]]}},{"type":"Feature","properties":{"kind":"road","class":"trunk","name":null,"ref":null},"geometry":{"type":"LineString","coordinates":[[14.355697631835938,57.72257769123911],[14.352264404296875,57.72404438913321],[14.346942901611328,57.72706926580503],[14.344367980957031,57.72816915826601],[14.34041976928711,57.72899405567003],[14.335098266601562,57.72908570977623],[14.326858520507812,57.7288107467611],[14.322738647460938,57.729452323879144],[14.318962097167969,57.730643794057585],[14.313640594482422,57.73339319086983],[14.310035705566406,57.73458453126386],[14.298534393310547,57.73669219123076]]}},{"type":"Feature","properties":{"kind":"road","class":"trunk","name":null,"ref":null},"geometry":{"type":"LineString","coordinates":[[14.09820556640625,57.82921630924528],[14.097347259521484,57.83022169734451],[14.09271240234375,57.83268934922518],[14.088935852050781,57.833968805900525],[14.076061248779297,57.836984488322116],[14.066104888916016,57.8396344251226],[14.058723449707031,57.84118774573352],[14.051513671875,57.842466900652795]]}},{"type":"Feature","properties":{"kind":"road","class":"trunk","name":null,"ref":null},"geometry":{"type":"LineString","coordinates":[[14.051513671875,57.842375533950616],[14.058723449707031,57.84118774573352],[14.067134857177734,57.839360302768085],[14.077434539794922,57.83652758296702],[14.089622497558594,57.83369464043733],[14.09271240234375,57.83268934922518],[14.097347259521484,57.83013029958536],[14.097518920898438,57.829033508395725]]}},{"type":"Feature","properties":{"kind":"road","class":"trunk","name":null,"ref":null},"geometry":{"type":"LineString","coordinates":[[14.100093841552734,57.76408059668603],[14.10043716430664,57.76389746557851]]}},{"type":"Feature","properties":{"kind":"road","class":"trunk","name":null,"ref":null},"geometry":{"type":"LineString","coordinates":[[14.096660614013672,57.76582029591407],[14.08945083618164,57.768292355982794]]}},{"type":"Feature","properties":{"kind":"road","class":"trunk","name":null,"ref":null},"geometry":{"type":"LineString","coordinates":[[14.07400131225586,57.77387675781867],[14.062156677246094,57.77497522704843]]}},{"type":"Feature","properties":{"kind":"road","class":"trunk","name":null,"ref":null},"geometry":{"type":"LineString","coordinates":[[14.105758666992188,57.75986834637442],[14.103012084960938,57.76243238330312]]}},{"type":"Feature","properties":{"kind":"road","class":"motorway","name":null,"ref":null},"geometry":{"type":"LineString","coordinates":[[14.135284423828125,57.75556401822584],[14.137001037597656,57.75730412750687],[14.13888931274414,57.75831152090339],[14.14215087890625,57.75895257480798],[14.159317016601562,57.75821994084592],[14.162921905517578,57.75876941770986],[14.18386459350586,57.760326223455195],[14.186782836914062,57.76124196021203],[14.189014434814453,57.763073364108266],[14.189529418945312,57.76847546481443],[14.190902709960938,57.770672698400915],[14.195365905761719,57.77296134127275],[14.198627471923828,57.77378521720814],[14.204120635986328,57.77369367636561],[14.208240509033203,57.77442599660972],[14.213905334472656,57.77634826660437],[14.226436614990234,57.779826399857086],[14.229869842529297,57.78147381973807],[14.235363006591797,57.785866571967915],[14.239997863769531,57.78733070394355],[14.24428939819336,57.78769672765907],[14.253902435302734,57.78733070394355],[14.257850646972656,57.78760522207813],[14.261283874511719,57.78870327374034],[14.263858795166016,57.79044178722884],[14.271068572998047,57.80032227328334],[14.272098541259766,57.80443834410309],[14.271411895751953,57.81970943555555],[14.269866943359375,57.824920244150206],[14.270381927490234,57.82976470623086],[14.26797866821289,57.84529915347656],[14.266433715820312,57.85041491666263],[14.268321990966797,57.86374902542127],[14.270896911621094,57.86749264729258],[14.271926879882812,57.86968385501876],[14.274673461914062,57.87333557140093],[14.278106689453125,57.87954263873857],[14.2822265625,57.8842884970457],[14.284629821777344,57.88766497646236],[14.291152954101562,57.89377833512074],[14.293212890625,57.89724515122768],[14.299564361572266,57.90426899036163],[14.302482604980469,57.90892038791671],[14.305400848388672,57.91165622286786],[14.309520721435547,57.914847767009206],[14.313297271728516,57.921230004683736],[14.315185546875,57.923053292863386],[14.327373504638672,57.93071009236462],[14.330806732177734,57.933535403508216],[14.332695007324219,57.93617823520486],[14.333724975585938,57.939458721081735],[14.335269927978516,57.94191888871188],[14.336814880371094,57.94337668623908],[14.341964721679688,57.94674761618401],[14.347801208496094,57.95294201292472],[14.35140609741211,57.95786033073907],[14.355182647705078,57.96113883458273],[14.358787536621094,57.963506456500966],[14.364280700683594,57.96651128994753],[14.369773864746094,57.9689696027192],[14.390544891357422,57.976434556228185],[14.396896362304688,57.980348483601205],[14.40633773803711,57.98435299001423],[14.415950775146484,57.98944898721291],[14.421443939208984,57.9909048532561],[14.43552017211914,57.992178687499404],[14.439811706542969,57.99345247643561],[14.447364807128906,57.99800135279696],[14.460582733154297,58.00500549226993],[14.462299346923828,58.006278824953284],[14.467964172363281,58.01219013335506],[14.4744873046875,58.01728216999817],[14.479808807373047,58.02273711945708],[14.485645294189453,58.026918684099456],[14.489421844482422,58.03046354076713],[14.498348236083984,58.04073255190568],[14.508819580078125,58.05526770045901],[14.510879516601562,58.05726582106985],[14.515342712402344,58.060262792443496],[14.522552490234375,58.063985952072585],[14.527530670166016,58.06725474784986],[14.530277252197266,58.0697061483331],[14.536972045898438,58.078057804850744],[14.542121887207031,58.08368499316043]]}},{"type":"Feature","properties":{"kind":"road","class":"motorway","name":null,"ref":null},"geometry":{"type":"LineString","coordinates":[[14.156570434570312,57.75959361734121],[14.156913757324219,57.75876941770986],[14.156742095947266,57.75538084395416],[14.15863037109375,57.74869434769002],[14.158973693847656,57.74557966695983],[14.157600402832031,57.730643794057585],[14.15811538696289,57.72706926580503],[14.160518646240234,57.72221100747731],[14.161033630371094,57.71854396551035],[14.160518646240234,57.715885127745025],[14.156913757324219,57.70561467912492],[14.156913757324219,57.69827686055882]]}},{"type":"Feature","properties":{"kind":"road","class":"motorway","name":null,"ref":null},"geometry":{"type":"LineString","coordinates":[[14.541950225830078,58.08368499316043],[14.537487030029297,58.07905624171278],[14.528217315673828,58.068071900043805],[14.523754119873047,58.06480317906767],[14.51517105102539,58.06035360583263],[14.511394500732422,58.057901563282],[14.50796127319336,58.054631911372894],[14.496803283691406,58.03927871187224],[14.488048553466797,58.02919106854469],[14.4854736328125,58.02700958224949],[14.47946548461914,58.0228280282345],[14.474315643310547,58.01728216999817],[14.467792510986328,58.01228106893535],[14.4635009765625,58.0076430597062],[14.46023941040039,58.004914538202144],[14.450798034667969,58.00009364188185],[14.438610076904297,57.99308854136268],[14.435863494873047,57.992360660121335],[14.432258605957031,57.99190572683287],[14.421443939208984,57.99099584291889],[14.415950775146484,57.989539980574364],[14.406166076660156,57.984443996321716],[14.396724700927734,57.98043950008139],[14.390373229980469,57.976434556228185],[14.371662139892578,57.969880046149314],[14.360160827636719,57.96450809563305],[14.355697631835938,57.961776286632926],[14.352092742919922,57.958679984801506],[14.350204467773438,57.95676742951272],[14.34762954711914,57.95303309901385],[14.342479705810547,57.947567524229044],[14.336128234863281,57.943012242409736],[14.334583282470703,57.94146331483853],[14.33218002319336,57.93563145840548],[14.329776763916016,57.93289744946122],[14.32342529296875,57.92824915631172],[14.315528869628906,57.92360026126559],[14.31243896484375,57.920318325878526],[14.3096923828125,57.915303678739946],[14.305229187011719,57.91174741377833],[14.302310943603516,57.90892038791671],[14.29922103881836,57.904360200022666],[14.292869567871094,57.89724515122768],[14.290809631347656,57.89386957140704],[14.28445816040039,57.88766497646236],[14.277420043945312,57.87899499940565],[14.27450180053711,57.8734268595621],[14.268150329589844,57.86374902542127],[14.26626205444336,57.851328369335704],[14.270038604736328,57.83040449216742],[14.269695281982422,57.824920244150206],[14.271411895751953,57.81861232724319],[14.271240234375,57.81001715706839],[14.271926879882812,57.80443834410309],[14.270896911621094,57.80032227328334],[14.263687133789062,57.79053328561926],[14.26025390625,57.78833726023089],[14.257678985595703,57.78769672765907],[14.253902435302734,57.78742221022037],[14.243431091308594,57.78778823300806],[14.240684509277344,57.78760522207813],[14.238452911376953,57.78714769069404],[14.235191345214844,57.785958081956096],[14.230899810791016,57.782389020527745],[14.228668212890625,57.780924688129176],[14.22677993774414,57.78010097505694],[14.212360382080078,57.776073662869265],[14.207382202148438,57.77433445739126],[14.204463958740234,57.77387675781867],[14.198627471923828,57.77387675781867],[14.194679260253906,57.77277825517939],[14.191761016845703,57.77140507989719],[14.190216064453125,57.77012340253373],[14.18935775756836,57.768658572717925],[14.189014434814453,57.767010568173646],[14.1888427734375,57.76325649939264],[14.186782836914062,57.76142510477871],[14.18386459350586,57.76050937266308],[14.157600402832031,57.75831152090339],[14.144554138183594,57.759044153008944],[14.141120910644531,57.75895257480798],[14.138717651367188,57.758403100728856],[14.137001037597656,57.757578873945334]]}},{"type":"Feature","properties":{"kind":"road","class":"motorway","name":null,"ref":null},"geometry":{"type":"LineString","coordinates":[[14.157085418701172,57.69827686055882],[14.157257080078125,57.70561467912492],[14.161205291748047,57.71854396551035],[14.160690307617188,57.72221100747731],[14.158287048339844,57.727527558393746],[14.157772064208984,57.730643794057585],[14.15914535522461,57.744755147734224],[14.158458709716797,57.750709586359534],[14.156913757324219,57.756937795673196],[14.157085418701172,57.759685193917676]]}},{"type":"Feature","properties":{"kind":"rail","class":"rail","name":null,"ref":null},"geometry":{"type":"LineString","coordinates":[[14.742279052734375,57.73275168363679],[14.742965698242188,57.733026616701096]]}},{"type":"Feature","properties":{"kind":"rail","class":"rail","name":null,"ref":null},"geometry":{"type":"LineString","coordinates":[[14.742965698242188,57.73293497257848],[14.742279052734375,57.73266003881767]]}},{"type":"Feature","properties":{"kind":"road","class":"motorway","name":null,"ref":null},"geometry":{"type":"LineString","coordinates":[[14.18111801147461,57.62187538019546],[14.184722900390625,57.625000710091456],[14.18558120727539,57.62509262748867],[14.186267852783203,57.62481687459919]]}},{"type":"Feature","properties":{"kind":"road","class":"motorway","name":null,"ref":null},"geometry":{"type":"LineString","coordinates":[[14.186954498291016,57.62435728179838],[14.18609619140625,57.62518454465334],[14.185237884521484,57.62711475138505],[14.185752868652344,57.6290448555508]]}},{"type":"Feature","properties":{"kind":"road","class":"motorway","name":null,"ref":null},"geometry":{"type":"LineString","coordinates":[[14.186782836914062,57.63226146791169],[14.185066223144531,57.630515342265255],[14.18283462524414,57.629136762714694],[14.182662963867188,57.62785004125621],[14.183177947998047,57.628677224569515],[14.184551239013672,57.628493407683436],[14.184207916259766,57.62683901384585]]}},{"type":"Feature","properties":{"kind":"road","class":"motorway","name":null,"ref":null},"geometry":{"type":"LineString","coordinates":[[14.178886413574219,57.6634019160436],[14.177684783935547,57.666982731924605]]}},{"type":"Feature","properties":{"kind":"road","class":"motorway","name":null,"ref":null},"geometry":{"type":"LineString","coordinates":[[14.178028106689453,57.666982731924605],[14.17459487915039,57.670287786658804]]}},{"type":"Feature","properties":{"kind":"road","class":"motorway","name":null,"ref":null},"geometry":{"type":"LineString","coordinates":[[14.175453186035156,57.666523672721894],[14.178714752197266,57.663218274930216]]}},{"type":"Feature","properties":{"kind":"road","class":"motorway","name":null,"ref":null},"geometry":{"type":"LineString","coordinates":[[14.17459487915039,57.67001237693549],[14.175796508789062,57.66661548502725]]}},{"type":"Feature","properties":{"kind":"road","class":"motorway","name":null,"ref":null},"geometry":{"type":"LineString","coordinates":[[14.161205291748047,57.68699206426933],[14.160346984863281,57.69102930574948]]}},{"type":"Feature","properties":{"kind":"road","class":"motorway","name":null,"ref":null},"geometry":{"type":"LineString","coordinates":[[14.157943725585938,57.690754053573585],[14.161205291748047,57.68662502001183]]}},{"type":"Feature","properties":{"kind":"road","class":"motorway","name":null,"ref":null},"geometry":{"type":"LineString","coordinates":[[14.160346984863281,57.691212806038436],[14.159660339355469,57.691579803828375],[14.157772064208984,57.69479087592873]]}},{"type":"Feature","properties":{"kind":"road","class":"motorway","name":null,"ref":null},"geometry":{"type":"LineString","coordinates":[[14.157428741455078,57.69488261666413],[14.157772064208984,57.69093755525654]]}},{"type":"Feature","properties":{"kind":"road","class":"motorway","name":null,"ref":null},"geometry":{"type":"LineString","coordinates":[[14.162578582763672,57.59953063463206],[14.161376953125,57.59769094904007]]}},{"type":"Feature","properties":{"kind":"road","class":"motorway","name":null,"ref":null},"geometry":{"type":"LineString","coordinates":[[14.167900085449219,57.60403747099048],[14.165840148925781,57.60265788653854],[14.163951873779297,57.60210603809966]]}},{"type":"Feature","properties":{"kind":"road","class":"motorway","name":null,"ref":null},"geometry":{"type":"LineString","coordinates":[[14.159832000732422,57.59529921862244],[14.161548614501953,57.5974149881736]]}},{"type":"Feature","properties":{"kind":"road","class":"motorway","name":null,"ref":null},"geometry":{"type":"LineString","coordinates":[[14.1558837890625,57.59143532180698],[14.157772064208984,57.59281533207823]]}},{"type":"Feature","properties":{"kind":"road","class":"motorway","name":null,"ref":null},"geometry":{"type":"LineString","coordinates":[[14.121723175048828,57.53158456572467],[14.118118286132812,57.528451202998326]]}},{"type":"Feature","properties":{"kind":"road","class":"motorway","name":null,"ref":null},"geometry":{"type":"LineString","coordinates":[[14.118289947509766,57.52835904119448],[14.116744995117188,57.52448803507261]]}},{"type":"Feature","properties":{"kind":"road","class":"motorway","name":null,"ref":null},"geometry":{"type":"LineString","coordinates":[[14.120864868164062,57.527713902044894],[14.122066497802734,57.5292806487501],[14.122581481933594,57.53241394019537]]}},{"type":"Feature","properties":{"kind":"road","class":"motorway","name":null,"ref":null},"geometry":{"type":"LineString","coordinates":[[14.11691665649414,57.52430369119742],[14.119834899902344,57.5262392554105],[14.121208190917969,57.527621738377434]]}},{"type":"Feature","properties":{"kind":"road","class":"motorway","name":null,"ref":null},"geometry":{"type":"LineString","coordinates":[[14.106273651123047,57.49737948404575],[14.105415344238281,57.49553463318816],[14.103870391845703,57.49378193851837]]}},{"type":"Feature","properties":{"kind":"road","class":"motorway","name":null,"ref":null},"geometry":{"type":"LineString","coordinates":[[14.103527069091797,57.493505189562995],[14.104385375976562,57.49129112239984],[14.104385375976562,57.48990726224338]]}},{"type":"Feature","properties":{"kind":"road","class":"motorway","name":null,"ref":null},"geometry":{"type":"LineString","coordinates":[[14.104557037353516,57.4895382240106],[14.10696029663086,57.49332068909399]]}},{"type":"Feature","properties":{"kind":"road","class":"motorway","name":null,"ref":null},"geometry":{"type":"LineString","coordinates":[[14.106616973876953,57.49341293944502],[14.106616973876953,57.496826038577524]]}},{"type":"Feature","properties":{"kind":"road","class":"motorway","name":null,"ref":null},"geometry":{"type":"LineString","coordinates":[[14.09872055053711,57.449383054437334],[14.099750518798828,57.453262029862685]]}},{"type":"Feature","properties":{"kind":"road","class":"motorway","name":null,"ref":null},"geometry":{"type":"LineString","coordinates":[[14.09769058227539,57.45667888162214],[14.096317291259766,57.452984973834134]]}},{"type":"Feature","properties":{"kind":"road","class":"motorway","name":null,"ref":null},"geometry":{"type":"LineString","coordinates":[[14.096660614013672,57.452984973834134],[14.098377227783203,57.449383054437334]]}},{"type":"Feature","properties":{"kind":"road","class":"motorway","name":null,"ref":null},"geometry":{"type":"LineString","coordinates":[[14.099922180175781,57.45363143463541],[14.09872055053711,57.454647278518564],[14.098033905029297,57.45640185148224]]}},{"type":"Feature","properties":{"kind":"road","class":"motorway","name":null,"ref":null},"geometry":{"type":"LineString","coordinates":[[14.101638793945312,57.411865075278484],[14.103012084960938,57.4151008988014]]}},{"type":"Feature","properties":{"kind":"road","class":"motorway","name":null,"ref":null},"geometry":{"type":"LineString","coordinates":[[14.100265502929688,57.415840475464535],[14.100093841552734,57.4151008988014],[14.101295471191406,57.412419808187224]]}},{"type":"Feature","properties":{"kind":"road","class":"motorway","name":null,"ref":null},"geometry":{"type":"LineString","coordinates":[[14.10318374633789,57.41547068900002],[14.101810455322266,57.417042255686],[14.101638793945312,57.418521315662076]]}},{"type":"Feature","properties":{"kind":"road","class":"motorway","name":null,"ref":null},"geometry":{"type":"LineString","coordinates":[[14.10146713256836,57.41926082324662],[14.099922180175781,57.41611781286247]]}},{"type":"Feature","properties":{"kind":"road","class":"motorway","name":null,"ref":null},"geometry":{"type":"LineString","coordinates":[[14.102840423583984,57.34227200702003],[14.105243682861328,57.345421353010124]]}},{"type":"Feature","properties":{"kind":"road","class":"motorway","name":null,"ref":null},"geometry":{"type":"LineString","coordinates":[[14.102153778076172,57.345884469345776],[14.102497100830078,57.342364638698484]]}},{"type":"Feature","properties":{"kind":"road","class":"motorway","name":null,"ref":null},"geometry":{"type":"LineString","coordinates":[[14.105415344238281,57.34579184654595],[14.104728698730469,57.34958918975721]]}},{"type":"Feature","properties":{"kind":"road","class":"motorway","name":null,"ref":null},"geometry":{"type":"LineString","coordinates":[[14.104042053222656,57.34866304469935],[14.101810455322266,57.345884469345776]]}},{"type":"Feature","properties":{"kind":"road","class":"trunk","name":null,"ref":null},"geometry":{"type":"LineString","coordinates":[[14.488563537597656,57.6769887785766],[14.487876892089844,57.67735592042749],[14.487533569335938,57.67717234996681]]}},{"type":"Feature","properties":{"kind":"road","class":"trunk","name":null,"ref":null},"geometry":{"type":"LineString","coordinates":[[14.457321166992188,57.68891898563092],[14.456977844238281,57.689286006654214],[14.456462860107422,57.6891942517469]]}},{"type":"Feature","properties":{"kind":"road","class":"trunk","name":null,"ref":null},"geometry":{"type":"LineString","coordinates":[[14.46075439453125,57.68717558500401],[14.460067749023438,57.68708382475282],[14.459381103515625,57.68662502001183],[14.459724426269531,57.68607444665514]]}},{"type":"Feature","properties":{"kind":"road","class":"trunk","name":null,"ref":null},"geometry":{"type":"LineString","coordinates":[[14.460067749023438,57.68745086436343],[14.460067749023438,57.68708382475282]]}},{"type":"Feature","properties":{"kind":"road","class":"trunk","name":null,"ref":null},"geometry":{"type":"LineString","coordinates":[[14.463157653808594,57.68616620946213],[14.463844299316406,57.68625797203674],[14.465045928955078,57.68680854260526],[14.464702606201172,57.68745086436343]]}},{"type":"Feature","properties":{"kind":"road","class":"trunk","name":null,"ref":null},"geometry":{"type":"LineString","coordinates":[[14.46676254272461,57.68442267639733],[14.466934204101562,57.68414737403518],[14.467449188232422,57.68423914172158]]}},{"type":"Feature","properties":{"kind":"road","class":"trunk","name":null,"ref":null},"geometry":{"type":"LineString","coordinates":[[14.463672637939453,57.68589092034415],[14.463844299316406,57.68625797203674]]}},{"type":"Feature","properties":{"kind":"road","class":"trunk","name":null,"ref":null},"geometry":{"type":"LineString","coordinates":[[14.475517272949219,57.680935358623856],[14.47500228881836,57.681394235395686],[14.474658966064453,57.68130246050606]]}},{"type":"Feature","properties":{"kind":"road","class":"trunk","name":null,"ref":null},"geometry":{"type":"LineString","coordinates":[[14.502124786376953,57.67597911931489],[14.501609802246094,57.676162695817595],[14.501266479492188,57.67597911931489]]}},{"type":"Feature","properties":{"kind":"road","class":"trunk","name":null,"ref":null},"geometry":{"type":"LineString","coordinates":[[14.5404052734375,57.673867922721485],[14.540748596191406,57.67359254018942],[14.541263580322266,57.673776128776524]]}},{"type":"Feature","properties":{"kind":"road","class":"trunk","name":null,"ref":null},"geometry":{"type":"LineString","coordinates":[[14.547615051269531,57.67258278634381],[14.54864501953125,57.672399191714305]]}},{"type":"Feature","properties":{"kind":"road","class":"trunk","name":null,"ref":null},"geometry":{"type":"LineString","coordinates":[[14.580745697021484,57.67588733071497],[14.580230712890625,57.67588733071497]]}},{"type":"Feature","properties":{"kind":"road","class":"trunk","name":null,"ref":null},"geometry":{"type":"LineString","coordinates":[[14.581432342529297,57.67597911931489],[14.581775665283203,57.67607090768243]]}},{"type":"Feature","properties":{"kind":"road","class":"trunk","name":null,"ref":null},"geometry":{"type":"LineString","coordinates":[[14.673099517822266,57.68157778447784],[14.67275619506836,57.68185310635832],[14.67275619506836,57.682036653116825]]}},{"type":"Feature","properties":{"kind":"road","class":"trunk","name":null,"ref":null},"geometry":{"type":"LineString","coordinates":[[14.67275619506836,57.68185310635832],[14.672412872314453,57.681669558670364]]}},{"type":"Feature","properties":{"kind":"road","class":"trunk","name":null,"ref":null},"geometry":{"type":"LineString","coordinates":[[14.67172622680664,57.68130246050606],[14.6722412109375,57.68157778447784]]}},{"type":"Feature","properties":{"kind":"road","class":"trunk","name":null,"ref":null},"geometry":{"type":"LineString","coordinates":[[14.671554565429688,57.681669558670364],[14.67172622680664,57.68130246050606],[14.671554565429688,57.680935358623856]]}},{"type":"Feature","properties":{"kind":"road","class":"trunk","name":null,"ref":null},"geometry":{"type":"LineString","coordinates":[[14.645805358886719,57.68157778447784],[14.64529037475586,57.681761332630515],[14.644947052001953,57.68157778447784]]}},{"type":"Feature","properties":{"kind":"road","class":"trunk","name":null,"ref":null},"geometry":{"type":"LineString","coordinates":[[14.639968872070312,57.681394235395686],[14.639110565185547,57.681394235395686]]}},{"type":"Feature","properties":{"kind":"road","class":"trunk","name":null,"ref":null},"geometry":{"type":"LineString","coordinates":[[14.61782455444336,57.68056825302378],[14.61679458618164,57.680660029772355]]}},{"type":"Feature","properties":{"kind":"road","class":"trunk","name":null,"ref":null},"geometry":{"type":"LineString","coordinates":[[14.615764617919922,57.680292921383796],[14.61679458618164,57.680201143705744]]}},{"type":"Feature","properties":{"kind":"road","class":"trunk","name":null,"ref":null},"geometry":{"type":"LineString","coordinates":[[14.716529846191406,57.66459556061801],[14.7161865234375,57.66422828954816]]}},{"type":"Feature","properties":{"kind":"road","class":"trunk","name":null,"ref":null},"geometry":{"type":"LineString","coordinates":[[14.717388153076172,57.66533009160102],[14.716358184814453,57.665789165911434],[14.715843200683594,57.66569735151421],[14.715156555175781,57.665605536884556]]}},{"type":"Feature","properties":{"kind":"road","class":"trunk","name":null,"ref":null},"geometry":{"type":"LineString","coordinates":[[14.715499877929688,57.66533009160102],[14.715843200683594,57.66569735151421]]}},{"type":"Feature","properties":{"kind":"road","class":"trunk","name":null,"ref":null},"geometry":{"type":"LineString","coordinates":[[14.714641571044922,57.66459556061801],[14.71567153930664,57.66404465261863],[14.7161865234375,57.66422828954816],[14.716873168945312,57.66432010766428]]}},{"type":"Feature","properties":{"kind":"road","class":"trunk","name":null,"ref":null},"geometry":{"type":"LineString","coordinates":[[14.67824935913086,57.68047647604283],[14.677906036376953,57.68084358257241]]}},{"type":"Feature","properties":{"kind":"road","class":"trunk","name":null,"ref":null},"geometry":{"type":"LineString","coordinates":[[14.691123962402344,57.675153013549476],[14.691810607910156,57.67561196352082]]}},{"type":"Feature","properties":{"kind":"road","class":"trunk","name":null,"ref":null},"geometry":{"type":"LineString","coordinates":[[14.690780639648438,57.67588733071497],[14.691123962402344,57.675153013549476],[14.691638946533203,57.67469405776836]]}},{"type":"Feature","properties":{"kind":"road","class":"trunk","name":null,"ref":null},"geometry":{"type":"LineString","coordinates":[[14.694042205810547,57.67524480400854],[14.693527221679688,57.675061222858005]]}},{"type":"Feature","properties":{"kind":"road","class":"trunk","name":null,"ref":null},"geometry":{"type":"LineString","coordinates":[[14.6942138671875,57.674877640777964],[14.694042205810547,57.67524480400854],[14.694042205810547,57.675703752817924],[14.693183898925781,57.676162695817595]]}},{"type":"Feature","properties":{"kind":"road","class":"primary","name":null,"ref":null},"geometry":{"type":"LineString","coordinates":[[14.182662963867188,57.62785004125621],[14.183521270751953,57.62683901384585],[14.186267852783203,57.62481687459919],[14.194679260253906,57.61976103397657],[14.201374053955078,57.61700300616161],[14.204635620117188,57.615256146930676],[14.216136932373047,57.60716433527418],[14.218196868896484,57.60514110086038],[14.21957015991211,57.6024739379896],[14.222145080566406,57.59161932620171],[14.229354858398438,57.582141889359974],[14.239826202392578,57.569532151783164],[14.242401123046875,57.56759888611484],[14.258880615234375,57.557931017715106],[14.262657165527344,57.555168298117565],[14.264545440673828,57.550379087705636],[14.264030456542969,57.546141953610345],[14.264888763427734,57.54310196689153],[14.266605377197266,57.54107516817737],[14.269180297851562,57.53628410492033],[14.272785186767578,57.533335445256],[14.27398681640625,57.53186102597803],[14.274845123291016,57.52743741034362],[14.278106689453125,57.52144624196683],[14.27947998046875,57.512688148288674]]}},{"type":"Feature","properties":{"kind":"road","class":"primary","name":null,"ref":null},"geometry":{"type":"LineString","coordinates":[[14.279651641845703,57.512595946644865],[14.279136657714844,57.512595946644865],[14.279651641845703,57.512595946644865]]}},{"type":"Feature","properties":{"kind":"road","class":"primary","name":null,"ref":null},"geometry":{"type":"LineString","coordinates":[[14.27947998046875,57.512411542658185],[14.281024932861328,57.50770892607258],[14.283428192138672,57.50402017522464],[14.290294647216797,57.49940871231078],[14.294242858886719,57.49507340590654],[14.297161102294922,57.489999521218834],[14.299049377441406,57.487692976902395],[14.305744171142578,57.482248954666886],[14.310379028320312,57.47994192080424],[14.31243896484375,57.47855763054608],[14.314842224121094,57.47569659778134],[14.316730499267578,57.472373826936604],[14.317245483398438,57.468589192089354],[14.317073822021484,57.466465932629774],[14.315013885498047,57.46194205547678],[14.314842224121094,57.46046474983601],[14.31741714477539,57.45150730622936],[14.319477081298828,57.44698157774286],[14.319992065429688,57.44485706307077],[14.319820404052734,57.443656195845335],[14.316730499267578,57.438944720635874],[14.316387176513672,57.43755887715591],[14.316902160644531,57.43635777034672],[14.325485229492188,57.42517634626367],[14.343338012695312,57.411865075278484],[14.374752044677734,57.398456474731205],[14.377498626708984,57.396329142278574],[14.38161849975586,57.39216661290317],[14.383678436279297,57.39077899805244],[14.396724700927734,57.38550558252331],[14.401359558105469,57.38180448707456],[14.405136108398438,57.37736267936805],[14.407367706298828,57.37588195723717],[14.420413970947266,57.37014359429401],[14.432601928710938,57.36625580610195],[14.43552017211914,57.36597809118004],[14.440841674804688,57.3664409482154],[14.445648193359375,57.366533518921756],[14.448909759521484,57.36607066305422],[14.452171325683594,57.36486721047132],[14.459896087646484,57.35884935544078],[14.462471008300781,57.35764566600608]]}},{"type":"Feature","properties":{"kind":"road","class":"primary","name":null,"ref":null},"geometry":{"type":"LineString","coordinates":[[14.462814331054688,57.35746047951221],[14.468994140625,57.35607155102409],[14.475688934326172,57.35551596491186],[14.475517272949219,57.35292311852422],[14.47397232055664,57.35116358273817],[14.473457336425781,57.348385196626225],[14.471054077148438,57.34282779358611],[14.469337463378906,57.33532396519249],[14.469852447509766,57.331617805427186],[14.471397399902344,57.32967192187013],[14.474143981933594,57.32791127174983],[14.488906860351562,57.32058976916713]]}},{"type":"Feature","properties":{"kind":"road","class":"primary","name":null,"ref":null},"geometry":{"type":"LineString","coordinates":[[14.462471008300781,57.35755307287596],[14.462814331054688,57.35755307287596],[14.462471008300781,57.35755307287596]]}},{"type":"Feature","properties":{"kind":"rail","class":"rail","name":null,"ref":null},"geometry":{"type":"LineString","coordinates":[[14.666919708251953,57.4058549301956],[14.682884216308594,57.423327847996234],[14.68545913696289,57.42683991490091],[14.686317443847656,57.429704772557784],[14.686832427978516,57.432846616678916],[14.685630798339844,57.43875994453802]]}},{"type":"Feature","properties":{"kind":"rail","class":"rail","name":null,"ref":null},"geometry":{"type":"LineString","coordinates":[[14.65078353881836,57.379861262404376],[14.64529037475586,57.3762521433745],[14.629325866699219,57.367736916850475],[14.615592956542969,57.35783085156558],[14.613361358642578,57.35570116121701],[14.60906982421875,57.3507931434051],[14.602718353271484,57.34254990135449],[14.592761993408203,57.32411168665672],[14.591732025146484,57.32058976916713],[14.593276977539062,57.3248530999646],[14.605464935302734,57.34625495820876],[14.61181640625,57.35394175859051],[14.615764617919922,57.35783085156558],[14.630355834960938,57.36838488400136],[14.645462036132812,57.3762521433745],[14.65078353881836,57.379861262404376],[14.654731750488281,57.383099912978736],[14.659366607666016,57.389113790890036],[14.666919708251953,57.40576245872256],[14.658851623535156,57.38818864311284],[14.654731750488281,57.383099912978736]]}},{"type":"Feature","properties":{"kind":"rail","class":"rail","name":null,"ref":null},"geometry":{"type":"LineString","coordinates":[[14.690780639648438,57.458618033829225],[14.685630798339844,57.44254766803084]]}},{"type":"Feature","properties":{"kind":"rail","class":"rail","name":null,"ref":null},"geometry":{"type":"LineString","coordinates":[[14.690608978271484,57.458802709627776],[14.692325592041016,57.464157902000295],[14.692497253417969,57.46877381751716],[14.69146728515625,57.47301994493327]]}},{"type":"Feature","properties":{"kind":"rail","class":"rail","name":null,"ref":null},"geometry":{"type":"LineString","coordinates":[[14.690608978271484,57.458618033829225],[14.685630798339844,57.44254766803084],[14.685630798339844,57.43875994453802],[14.686660766601562,57.432846616678916],[14.686317443847656,57.429704772557784],[14.685287475585938,57.42683991490091],[14.682884216308594,57.423327847996234],[14.670181274414062,57.40973852129085],[14.667091369628906,57.4058549301956]]}},{"type":"Feature","properties":{"kind":"rail","class":"rail","name":null,"ref":null},"geometry":{"type":"LineString","coordinates":[[14.687519073486328,57.48021877256113],[14.686832427978516,57.48427902393888],[14.687862396240234,57.489815003034835],[14.690437316894531,57.49867082417521],[14.695415496826172,57.507247852607264],[14.69696044921875,57.51084407113942],[14.699020385742188,57.52227584706597]]}},{"type":"Feature","properties":{"kind":"rail","class":"rail","name":null,"ref":null},"geometry":{"type":"LineString","coordinates":[[14.690093994140625,57.47569659778134],[14.689750671386719,57.47625036354452]]}},{"type":"Feature","properties":{"kind":"rail","class":"rail","name":null,"ref":null},"geometry":{"type":"LineString","coordinates":[[14.68923568725586,57.4768964129932],[14.689064025878906,57.477450160570726]]}},{"type":"Feature","properties":{"kind":"rail","class":"rail","name":null,"ref":null},"geometry":{"type":"LineString","coordinates":[[14.69919204711914,57.52227584706597],[14.696788787841797,57.510198622117],[14.695587158203125,57.507247852607264],[14.692497253417969,57.50272902433798],[14.690093994140625,57.497563964003916],[14.686832427978516,57.48363310504587],[14.687519073486328,57.48021877256113],[14.69146728515625,57.47301994493327],[14.692668914794922,57.46877381751716],[14.692497253417969,57.46498880981673],[14.690780639648438,57.458802709627776]]}},{"type":"Feature","properties":{"kind":"rail","class":"rail","name":null,"ref":null},"geometry":{"type":"LineString","coordinates":[[14.699020385742188,57.522368024245424],[14.700393676757812,57.530386547067565],[14.700050354003906,57.54687888189406],[14.699363708496094,57.55019487473058],[14.695243835449219,57.56170639560156]]}},{"type":"Feature","properties":{"kind":"rail","class":"rail","name":null,"ref":null},"geometry":{"type":"LineString","coordinates":[[14.695415496826172,57.5617984730996],[14.699535369873047,57.55019487473058],[14.70022201538086,57.54687888189406],[14.700393676757812,57.530386547067565],[14.69919204711914,57.522368024245424]]}},{"type":"Feature","properties":{"kind":"rail","class":"rail","name":null,"ref":null},"geometry":{"type":"LineString","coordinates":[[14.692497253417969,57.603485643491695],[14.691638946533203,57.59971459807224],[14.691638946533203,57.59631112376553],[14.692497253417969,57.59033127589066],[14.689922332763672,57.58122161836448],[14.689750671386719,57.578552700855425],[14.695243835449219,57.561890550364836]]}},{"type":"Feature","properties":{"kind":"rail","class":"rail","name":null,"ref":null},"geometry":{"type":"LineString","coordinates":[[14.692497253417969,57.59033127589066],[14.69146728515625,57.59677107134101],[14.69146728515625,57.59971459807224],[14.692497253417969,57.603485643491695],[14.70245361328125,57.631526267345805]]}},{"type":"Feature","properties":{"kind":"rail","class":"rail","name":null,"ref":null},"geometry":{"type":"LineString","coordinates":[[14.689750671386719,57.578552700855425],[14.695415496826172,57.561890550364836]]}},{"type":"Feature","properties":{"kind":"rail","class":"rail","name":null,"ref":null},"geometry":{"type":"LineString","coordinates":[[14.699535369873047,57.647605381771996],[14.68597412109375,57.65899427270634],[14.684944152832031,57.66064720171818],[14.683914184570312,57.66845168232649]]}},{"type":"Feature","properties":{"kind":"rail","class":"rail","name":null,"ref":null},"geometry":{"type":"LineString","coordinates":[[14.703998565673828,57.63584535753614],[14.703998565673828,57.63841818837133],[14.703483581542969,57.64053144874819],[14.700736999511719,57.645584398718796]]}},{"type":"Feature","properties":{"kind":"rail","class":"rail","name":null,"ref":null},"geometry":{"type":"LineString","coordinates":[[14.684085845947266,57.66845168232649],[14.685115814208984,57.66064720171818],[14.686145782470703,57.65881060927819],[14.698333740234375,57.64898326024465],[14.699535369873047,57.647605381771996],[14.700736999511719,57.645584398718796],[14.703311920166016,57.64089895973558],[14.704170227050781,57.63851007181512],[14.703998565673828,57.63584535753614],[14.70245361328125,57.63161816823049]]}},{"type":"Feature","properties":{"kind":"rail","class":"rail","name":null,"ref":null},"geometry":{"type":"LineString","coordinates":[[14.683914184570312,57.668635296943165],[14.684429168701172,57.67350074554727],[14.688549041748047,57.68671678142471],[14.68820571899414,57.689469515771805],[14.686145782470703,57.69378171250648],[14.686317443847656,57.696900854067565],[14.694385528564453,57.71001665670647]]}},{"type":"Feature","properties":{"kind":"rail","class":"rail","name":null,"ref":null},"geometry":{"type":"LineString","coordinates":[[14.694557189941406,57.71001665670647],[14.686317443847656,57.696900854067565],[14.686317443847656,57.69378171250648],[14.688377380371094,57.68956126998211],[14.688720703125,57.68671678142471],[14.684429168701172,57.67350074554727],[14.684085845947266,57.668635296943165]]}},{"type":"Feature","properties":{"kind":"road","class":"trunk","name":null,"ref":null},"geometry":{"type":"LineString","coordinates":[[14.416465759277344,57.71001665670647],[14.426593780517578,57.705706392449514],[14.435348510742188,57.7013956150995],[14.456634521484375,57.6891942517469],[14.465904235839844,57.684881509020414],[14.474658966064453,57.68130246050606],[14.480323791503906,57.67909979344387],[14.487533569335938,57.67717234996681],[14.492683410644531,57.67643805882875],[14.501266479492188,57.67597911931489],[14.525127410888672,57.675336594235205],[14.536285400390625,57.67460226591493],[14.54864501953125,57.672490989145274],[14.553108215332031,57.67221559615521],[14.55739974975586,57.67230739405096],[14.569416046142578,57.67340895067272],[14.574222564697266,57.67423509617737],[14.585380554199219,57.6769887785766],[14.591560363769531,57.67781484251245],[14.602031707763672,57.67845732367144],[14.61679458618164,57.68047647604283],[14.639110565185547,57.681394235395686],[14.669151306152344,57.681944879853745],[14.673099517822266,57.68157778447784],[14.680137634277344,57.67983403066978],[14.693527221679688,57.675061222858005],[14.702796936035156,57.67221559615521],[14.707775115966797,57.67010418040897],[14.722709655761719,57.66073902889946],[14.729747772216797,57.65734126837958],[14.73215103149414,57.65532082747538],[14.73318099975586,57.64861583110013]]}},{"type":"Feature","properties":{"kind":"road","class":"trunk","name":null,"ref":null},"geometry":{"type":"LineString","coordinates":[[14.41629409790039,57.71001665670647],[14.427452087402344,57.70524782350381],[14.43929672241211,57.699194169181766],[14.451313018798828,57.6918550497314],[14.458179473876953,57.68836844712584],[14.46676254272461,57.68442267639733],[14.474658966064453,57.68121068538406],[14.483413696289062,57.678090192974906],[14.488391876220703,57.6769887785766],[14.493541717529297,57.67634627139074],[14.501266479492188,57.67597911931489],[14.5294189453125,57.675061222858005],[14.533367156982422,57.674785849389366],[14.5404052734375,57.673867922721485],[14.54864501953125,57.672399191714305],[14.553108215332031,57.67212379802703],[14.558429718017578,57.67230739405096],[14.567527770996094,57.67313356465468],[14.574222564697266,57.674143303162],[14.583492279052734,57.67652984603433],[14.588127136230469,57.67735592042749],[14.601516723632812,57.67836554134587],[14.61679458618164,57.6803846988295],[14.639110565185547,57.681394235395686]]}},{"type":"Feature","properties":{"kind":"road","class":"trunk","name":null,"ref":null},"geometry":{"type":"LineString","coordinates":[[14.669151306152344,57.681944879853745],[14.6722412109375,57.68157778447784],[14.679107666015625,57.68010936579532],[14.688892364501953,57.67652984603433],[14.702796936035156,57.67212379802703],[14.706745147705078,57.67056319429042],[14.722709655761719,57.66073902889946],[14.730091094970703,57.65715759658298],[14.731464385986328,57.65623922365239],[14.732494354248047,57.6546779363197],[14.73318099975586,57.64861583110013],[14.73318099975586,57.64824839823575],[14.73318099975586,57.647880961651424]]}},{"type":"Feature","properties":{"kind":"road","class":"trunk","name":null,"ref":null},"geometry":{"type":"LineString","coordinates":[[14.733695983886719,57.647880961651424],[14.73318099975586,57.64824839823575]]}},{"type":"Feature","properties":{"kind":"road","class":"trunk","name":null,"ref":null},"geometry":{"type":"LineString","coordinates":[[14.733524322509766,57.64723793867779],[14.734554290771484,57.64723793867779],[14.753437042236328,57.644941335057325],[14.760303497314453,57.643379561590564],[14.765625,57.641174590534604],[14.776611328125,57.6350183374783]]}},{"type":"Feature","properties":{"kind":"road","class":"trunk","name":null,"ref":null},"geometry":{"type":"LineString","coordinates":[[14.734554290771484,57.64723793867779],[14.734039306640625,57.64751352134721],[14.733352661132812,57.647880961651424],[14.732837677001953,57.64751352134721],[14.733352661132812,57.64723793867779],[14.734039306640625,57.64751352134721]]}},{"type":"Feature","properties":{"kind":"road","class":"motorway","name":null,"ref":null},"geometry":{"type":"LineString","coordinates":[[14.15811538696289,57.71001665670647],[14.156913757324219,57.70561467912492],[14.156742095947266,57.6994693572388],[14.157428741455078,57.69488261666413],[14.158802032470703,57.69112105601013],[14.162406921386719,57.684881509020414],[14.173049926757812,57.67194020107354],[14.186782836914062,57.65109590563739],[14.18832778930664,57.646503041329424],[14.188671112060547,57.641082713834095],[14.187984466552734,57.636121026702966],[14.186267852783203,57.630882954641294],[14.184207916259766,57.62683901384585],[14.170646667480469,57.607348260091754],[14.167041778564453,57.6031177538392],[14.159660339355469,57.596127143106514],[14.156227111816406,57.59235533447222],[14.153480529785156,57.588583134654556],[14.149703979492188,57.580485384810004],[14.148330688476562,57.571281208449136],[14.146957397460938,57.56713856963313],[14.143695831298828,57.56170639560156],[14.132194519042969,57.54991855352145],[14.126873016357422,57.54236496221969],[14.122238159179688,57.53241394019537],[14.112625122070312,57.518219820518624],[14.109878540039062,57.51231934031529],[14.108333587646484,57.50761671184557],[14.105243682861328,57.49304393664238],[14.100093841552734,57.47735786989065],[14.098548889160156,57.47135847557277],[14.09769058227539,57.46360395296222],[14.097862243652344,57.45289262135813],[14.09872055053711,57.44744341243015],[14.099922180175781,57.44199339152664],[14.103355407714844,57.431737761316725],[14.104042053222656,57.427856502961845],[14.103870391845703,57.42406725850387],[14.10146713256836,57.41926082324662],[14.101123809814453,57.415840475464535],[14.101295471191406,57.412419808187224],[14.099578857421875,57.39540417660595],[14.099922180175781,57.383099912978736],[14.101123809814453,57.37430862446814],[14.105243682861328,57.36144178321871],[14.105758666992188,57.35773825890266],[14.105243682861328,57.35273790820244],[14.103012084960938,57.34532872904208],[14.102153778076172,57.340326687797045],[14.10043716430664,57.32522380100926],[14.099063873291016,57.32058976916713]]}},{"type":"Feature","properties":{"kind":"road","class":"motorway","name":null,"ref":null},"geometry":{"type":"LineString","coordinates":[[14.099407196044922,57.32058976916713],[14.100780487060547,57.32522380100926],[14.103355407714844,57.34523610484038],[14.105243682861328,57.351256191987375],[14.106101989746094,57.3561641478918],[14.10593032836914,57.35940489109578],[14.101123809814453,57.37606705077289],[14.099922180175781,57.38670835810481],[14.100093841552734,57.39725408460603],[14.101638793945312,57.41075558425439],[14.101638793945312,57.418521315662076],[14.10421371459961,57.42397483300712],[14.104385375976562,57.427856502961845],[14.10369873046875,57.431737761316725],[14.099922180175781,57.44384094721525],[14.09820556640625,57.45289262135813],[14.09820556640625,57.46498880981673],[14.099235534667969,57.47255843324433],[14.105587005615234,57.492951685358975],[14.10867691040039,57.50761671184557],[14.110221862792969,57.512227137739416],[14.113998413085938,57.51978697515446],[14.122581481933594,57.53241394019537],[14.127216339111328,57.54227283558768],[14.132537841796875,57.54991855352145],[14.144039154052734,57.56161431787072],[14.147300720214844,57.56713856963313],[14.148674011230469,57.571189154930266],[14.150047302246094,57.580485384810004],[14.153823852539062,57.588583134654556],[14.157428741455078,57.59336732152613],[14.16738510131836,57.603025780844405],[14.170989990234375,57.607348260091754],[14.181804656982422,57.62279462278161],[14.184551239013672,57.62683901384585],[14.18661117553711,57.630882954641294],[14.189014434814453,57.63952077434962],[14.188671112060547,57.647329799800104],[14.187126159667969,57.65109590563739],[14.181632995605469,57.65881060927819],[14.17459487915039,57.670287786658804],[14.162235260009766,57.685523864933884],[14.15914535522461,57.69112105601013],[14.157257080078125,57.696992589459796],[14.156913757324219,57.7013956150995],[14.157257080078125,57.70561467912492],[14.158458709716797,57.71001665670647]]}},{"type":"Feature","properties":{"kind":"rail","class":"rail","name":null,"ref":null},"geometry":{"type":"LineString","coordinates":[[14.667091369628906,57.4058549301956],[14.666919708251953,57.4058549301956]]}},{"type":"Feature","properties":{"kind":"rail","class":"rail","name":null,"ref":null},"geometry":{"type":"LineString","coordinates":[[14.690780639648438,57.458802709627776],[14.690780639648438,57.458618033829225]]}},{"type":"Feature","properties":{"kind":"rail","class":"rail","name":null,"ref":null},"geometry":{"type":"LineString","coordinates":[[14.690608978271484,57.458618033829225],[14.690608978271484,57.458802709627776]]}},{"type":"Feature","properties":{"kind":"rail","class":"rail","name":null,"ref":null},"geometry":{"type":"LineString","coordinates":[[14.699020385742188,57.52227584706597],[14.699020385742188,57.522368024245424]]}},{"type":"Feature","properties":{"kind":"rail","class":"rail","name":null,"ref":null},"geometry":{"type":"LineString","coordinates":[[14.69919204711914,57.522368024245424],[14.69919204711914,57.52227584706597]]}},{"type":"Feature","properties":{"kind":"rail","class":"rail","name":null,"ref":null},"geometry":{"type":"LineString","coordinates":[[14.695243835449219,57.56170639560156],[14.695243835449219,57.561890550364836]]}},{"type":"Feature","properties":{"kind":"rail","class":"rail","name":null,"ref":null},"geometry":{"type":"LineString","coordinates":[[14.695415496826172,57.561890550364836],[14.695415496826172,57.5617984730996]]}},{"type":"Feature","properties":{"kind":"rail","class":"rail","name":null,"ref":null},"geometry":{"type":"LineString","coordinates":[[14.70245361328125,57.631526267345805],[14.70245361328125,57.63161816823049]]}},{"type":"Feature","properties":{"kind":"rail","class":"rail","name":null,"ref":null},"geometry":{"type":"LineString","coordinates":[[14.683914184570312,57.66845168232649],[14.683914184570312,57.668635296943165]]}},{"type":"Feature","properties":{"kind":"rail","class":"rail","name":null,"ref":null},"geometry":{"type":"LineString","coordinates":[[14.684085845947266,57.668635296943165],[14.684085845947266,57.66845168232649]]}},{"type":"Feature","properties":{"kind":"rail","class":"rail","name":null,"ref":null},"geometry":{"type":"LineString","coordinates":[[15.158214569091797,58.83631243007022],[15.157699584960938,58.83418039280116],[15.158042907714844,58.83631243007022]]}},{"type":"Feature","properties":{"kind":"road","class":"motorway","name":null,"ref":null},"geometry":{"type":"LineString","coordinates":[[15.114784240722656,59.17144199882904],[15.113239288330078,59.17047429900896],[15.110492706298828,59.16941859524428],[15.109806060791016,59.16809891970553]]}},{"type":"Feature","properties":{"kind":"road","class":"motorway","name":null,"ref":null},"geometry":{"type":"LineString","coordinates":[[15.112037658691406,59.16836285888735],[15.1116943359375,59.167483053692564]]}},{"type":"Feature","properties":{"kind":"road","class":"motorway","name":null,"ref":null},"geometry":{"type":"LineString","coordinates":[[15.114612579345703,59.165371428876284],[15.113239288330078,59.16642725758149],[15.112895965576172,59.16713112527708],[15.113410949707031,59.168890731139896]]}},{"type":"Feature","properties":{"kind":"road","class":"motorway","name":null,"ref":null},"geometry":{"type":"LineString","coordinates":[[15.10894775390625,59.163435658260454],[15.112724304199219,59.16572337539964],[15.113410949707031,59.16581136146459]]}},{"type":"Feature","properties":{"kind":"road","class":"motorway","name":null,"ref":null},"geometry":{"type":"LineString","coordinates":[[15.086288452148438,59.14160666454461],[15.081825256347656,59.1387009502306],[15.080280303955078,59.136235302259706]]}},{"type":"Feature","properties":{"kind":"road","class":"motorway","name":null,"ref":null},"geometry":{"type":"LineString","coordinates":[[15.079936981201172,59.13553079879861],[15.084400177001953,59.138965116268054],[15.086631774902344,59.14160666454461]]}},{"type":"Feature","properties":{"kind":"road","class":"motorway","name":null,"ref":null},"geometry":{"type":"LineString","coordinates":[[15.06500244140625,59.10786758657969],[15.063114166259766,59.10645739803033],[15.061054229736328,59.10539971854911],[15.060539245605469,59.10434200643638]]}},{"type":"Feature","properties":{"kind":"road","class":"motorway","name":null,"ref":null},"geometry":{"type":"LineString","coordinates":[[15.06448745727539,59.10390128342516],[15.064144134521484,59.10557600072869]]}},{"type":"Feature","properties":{"kind":"road","class":"motorway","name":null,"ref":null},"geometry":{"type":"LineString","coordinates":[[15.061054229736328,59.103636846899036],[15.060710906982422,59.10416571791174],[15.061225891113281,59.10460643752381],[15.062084197998047,59.10460643752381],[15.062599182128906,59.10434200643638],[15.062599182128906,59.103636846899036]]}},{"type":"Feature","properties":{"kind":"road","class":"motorway","name":null,"ref":null},"geometry":{"type":"LineString","coordinates":[[15.059165954589844,59.09993452137766],[15.061397552490234,59.10116867430301],[15.063800811767578,59.10205018491172],[15.067062377929688,59.102755377081934]]}},{"type":"Feature","properties":{"kind":"road","class":"motorway","name":null,"ref":null},"geometry":{"type":"LineString","coordinates":[[15.009384155273438,59.07083090806353],[15.006465911865234,59.070477985548536],[15.005607604980469,59.06986036241722],[15.005435943603516,59.06906625920749],[15.005779266357422,59.06986036241722],[15.006637573242188,59.07030152293052],[15.007667541503906,59.0700368273028],[15.007495880126953,59.069507429924926],[15.006465911865234,59.06897802438374]]}},{"type":"Feature","properties":{"kind":"road","class":"motorway","name":null,"ref":null},"geometry":{"type":"LineString","coordinates":[[15.012474060058594,59.07144851373474],[15.012130737304688,59.07136028503339]]}},{"type":"Feature","properties":{"kind":"road","class":"motorway","name":null,"ref":null},"geometry":{"type":"LineString","coordinates":[[15.005779266357422,59.06721328028783],[15.006122589111328,59.067742713040786],[15.009040832519531,59.06977212963429]]}},{"type":"Feature","properties":{"kind":"road","class":"motorway","name":null,"ref":null},"geometry":{"type":"LineString","coordinates":[[15.005779266357422,59.06765447481553],[15.006122589111328,59.067742713040786]]}},{"type":"Feature","properties":{"kind":"road","class":"motorway","name":null,"ref":null},"geometry":{"type":"LineString","coordinates":[[15.000972747802734,59.06721328028783],[15.005607604980469,59.06765447481553]]}},{"type":"Feature","properties":{"kind":"road","class":"motorway","name":null,"ref":null},"geometry":{"type":"LineString","coordinates":[[14.863815307617188,59.03428417874014],[14.866218566894531,59.033842555486956],[14.86724853515625,59.03331260009506],[14.86724853515625,59.033047619335804],[14.868106842041016,59.03401920546895],[14.869651794433594,59.034460826453056]]}},{"type":"Feature","properties":{"kind":"road","class":"motorway","name":null,"ref":null},"geometry":{"type":"LineString","coordinates":[[14.87222671508789,59.03596229536754],[14.872913360595703,59.035873975481906]]}},{"type":"Feature","properties":{"kind":"road","class":"motorway","name":null,"ref":null},"geometry":{"type":"LineString","coordinates":[[14.876174926757812,59.035255729929276],[14.873943328857422,59.03543237265026],[14.872913360595703,59.03613893445808],[14.872913360595703,59.035873975481906],[14.872913360595703,59.035255729929276],[14.870853424072266,59.0347257963206]]}},{"type":"Feature","properties":{"kind":"road","class":"motorway","name":null,"ref":null},"geometry":{"type":"LineString","coordinates":[[14.932479858398438,59.04479313813991],[14.930248260498047,59.04443994798939],[14.929389953613281,59.04479313813991],[14.929046630859375,59.045058028370704],[14.929561614990234,59.04391015595766],[14.928531646728516,59.04320375387741]]}},{"type":"Feature","properties":{"kind":"road","class":"motorway","name":null,"ref":null},"geometry":{"type":"LineString","coordinates":[[14.929389953613281,59.04479313813991],[14.92990493774414,59.04523462072359]]}},{"type":"Feature","properties":{"kind":"road","class":"motorway","name":null,"ref":null},"geometry":{"type":"LineString","coordinates":[[14.92818832397461,59.04293884935396],[14.932823181152344,59.04408675420905],[14.934711456298828,59.04488143511037],[14.937458038330078,59.04655903444552]]}},{"type":"Feature","properties":{"kind":"road","class":"trunk","name":null,"ref":null},"geometry":{"type":"LineString","coordinates":[[15.018310546875,59.04594098106071],[15.017452239990234,59.04523462072359]]}},{"type":"Feature","properties":{"kind":"road","class":"trunk","name":null,"ref":null},"geometry":{"type":"LineString","coordinates":[[15.018997192382812,59.04488143511037],[15.018310546875,59.04523462072359],[15.017452239990234,59.04523462072359],[15.016593933105469,59.04532291655974],[15.015907287597656,59.045852686812566]]}},{"type":"Feature","properties":{"kind":"road","class":"trunk","name":null,"ref":null},"geometry":{"type":"LineString","coordinates":[[15.020370483398438,59.04602927508196],[15.019340515136719,59.04558780270705],[15.018482208251953,59.045852686812566]]}},{"type":"Feature","properties":{"kind":"road","class":"trunk","name":null,"ref":null},"geometry":{"type":"LineString","coordinates":[[15.019340515136719,59.04435164988459],[15.020370483398438,59.04602927508196],[15.020027160644531,59.0466473268788]]}},{"type":"Feature","properties":{"kind":"road","class":"trunk","name":null,"ref":null},"geometry":{"type":"LineString","coordinates":[[15.005607604980469,59.06765447481553],[15.005779266357422,59.06765447481553]]}},{"type":"Feature","properties":{"kind":"road","class":"trunk","name":null,"ref":null},"geometry":{"type":"LineString","coordinates":[[15.043716430664062,59.001853956034154],[15.04354476928711,59.00211917716413]]}},{"type":"Feature","properties":{"kind":"road","class":"trunk","name":null,"ref":null},"geometry":{"type":"LineString","coordinates":[[15.04354476928711,59.001853956034154],[15.043373107910156,59.00194236330452]]}},{"type":"Feature","properties":{"kind":"road","class":"trunk","name":null,"ref":null},"geometry":{"type":"LineString","coordinates":[[14.929218292236328,58.83178169406864],[14.928874969482422,58.831337472379204],[14.929218292236328,58.831248627358065]]}},{"type":"Feature","properties":{"kind":"road","class":"trunk","name":null,"ref":null},"geometry":{"type":"LineString","coordinates":[[14.926300048828125,58.83986553401505],[14.926471710205078,58.839954356945185]]}},{"type":"Feature","properties":{"kind":"road","class":"trunk","name":null,"ref":null},"geometry":{"type":"LineString","coordinates":[[14.915828704833984,58.848125092365564],[14.915657043457031,58.848125092365564]]}},{"type":"Feature","properties":{"kind":"road","class":"trunk","name":null,"ref":null},"geometry":{"type":"LineString","coordinates":[[14.914970397949219,58.84936829619383],[14.91445541381836,58.85114422425022],[14.913768768310547,58.851410605603746],[14.913768768310547,58.851943362163524],[14.909992218017578,58.85354158266563]]}},{"type":"Feature","properties":{"kind":"road","class":"trunk","name":null,"ref":null},"geometry":{"type":"LineString","coordinates":[[14.911365509033203,58.85247611052705],[14.912052154541016,58.85105543001035],[14.91119384765625,58.85052265978996]]}},{"type":"Feature","properties":{"kind":"road","class":"trunk","name":null,"ref":null},"geometry":{"type":"LineString","coordinates":[[14.91119384765625,58.85043386395634],[14.913768768310547,58.85052265978996]]}},{"type":"Feature","properties":{"kind":"road","class":"trunk","name":null,"ref":null},"geometry":{"type":"LineString","coordinates":[[14.906902313232422,58.8557612109922],[14.906902313232422,58.856205119582995],[14.90621566772461,58.8565602423578]]}},{"type":"Feature","properties":{"kind":"road","class":"trunk","name":null,"ref":null},"geometry":{"type":"LineString","coordinates":[[14.906387329101562,58.856116338320135],[14.906902313232422,58.856205119582995]]}},{"type":"Feature","properties":{"kind":"road","class":"trunk","name":null,"ref":null},"geometry":{"type":"LineString","coordinates":[[14.901409149169922,58.86552588534596],[14.901237487792969,58.86552588534596]]}},{"type":"Feature","properties":{"kind":"road","class":"trunk","name":null,"ref":null},"geometry":{"type":"LineString","coordinates":[[14.899864196777344,58.888861170440265],[14.90020751953125,58.8887724729299]]}},{"type":"Feature","properties":{"kind":"road","class":"trunk","name":null,"ref":null},"geometry":{"type":"LineString","coordinates":[[14.92544174194336,58.89302969679244],[14.925785064697266,58.89285232293025]]}},{"type":"Feature","properties":{"kind":"road","class":"trunk","name":null,"ref":null},"geometry":{"type":"LineString","coordinates":[[14.925956726074219,58.8931183833823],[14.925956726074219,58.89302969679244]]}},{"type":"Feature","properties":{"kind":"road","class":"trunk","name":null,"ref":null},"geometry":{"type":"LineString","coordinates":[[14.925956726074219,58.89285232293025],[14.926471710205078,58.8931183833823]]}},{"type":"Feature","properties":{"kind":"road","class":"trunk","name":null,"ref":null},"geometry":{"type":"LineString","coordinates":[[14.94363784790039,58.89994656764088],[14.943809509277344,58.899857898567575]]}},{"type":"Feature","properties":{"kind":"road","class":"trunk","name":null,"ref":null},"geometry":{"type":"LineString","coordinates":[[14.941749572753906,58.89897119532358],[14.942436218261719,58.89923720868529]]}},{"type":"Feature","properties":{"kind":"road","class":"trunk","name":null,"ref":null},"geometry":{"type":"LineString","coordinates":[[14.97762680053711,58.9153715234369],[14.977798461914062,58.91528289393841]]}},{"type":"Feature","properties":{"kind":"road","class":"trunk","name":null,"ref":null},"geometry":{"type":"LineString","coordinates":[[15.00234603881836,58.93911603305264],[15.00234603881836,58.93893889569284]]}},{"type":"Feature","properties":{"kind":"road","class":"trunk","name":null,"ref":null},"geometry":{"type":"LineString","coordinates":[[15.002689361572266,58.93893889569284],[15.002517700195312,58.93902746448643]]}},{"type":"Feature","properties":{"kind":"road","class":"trunk","name":null,"ref":null},"geometry":{"type":"LineString","coordinates":[[14.999942779541016,58.931498305500554],[15.000114440917969,58.931498305500554]]}},{"type":"Feature","properties":{"kind":"road","class":"trunk","name":null,"ref":null},"geometry":{"type":"LineString","coordinates":[[15.009899139404297,58.941418735990766],[15.01007080078125,58.94133017333442]]}},{"type":"Feature","properties":{"kind":"road","class":"trunk","name":null,"ref":null},"geometry":{"type":"LineString","coordinates":[[15.039253234863281,58.97992194178454],[15.039596557617188,58.980364257458234],[15.039081573486328,58.98045271991157]]}},{"type":"Feature","properties":{"kind":"road","class":"trunk","name":null,"ref":null},"geometry":{"type":"LineString","coordinates":[[15.038909912109375,58.97523304652344],[15.038738250732422,58.97523304652344]]}},{"type":"Feature","properties":{"kind":"road","class":"trunk","name":null,"ref":null},"geometry":{"type":"LineString","coordinates":[[15.034961700439453,58.96487982990092],[15.035476684570312,58.96514533584261],[15.034618377685547,58.965499340584074],[15.035133361816406,58.96585334169038]]}},{"type":"Feature","properties":{"kind":"road","class":"trunk","name":null,"ref":null},"geometry":{"type":"LineString","coordinates":[[15.033416748046875,58.95921521600948],[15.033760070800781,58.95956928164367],[15.033245086669922,58.95965779748414]]}},{"type":"Feature","properties":{"kind":"road","class":"primary","name":null,"ref":null},"geometry":{"type":"LineString","coordinates":[[14.869651794433594,58.81765265565488],[14.869651794433594,58.81774153552769]]}},{"type":"Feature","properties":{"kind":"road","class":"primary","name":null,"ref":null},"geometry":{"type":"LineString","coordinates":[[14.882011413574219,58.821740894018944],[14.881839752197266,58.821740894018944]]}},{"type":"Feature","properties":{"kind":"road","class":"primary","name":null,"ref":null},"geometry":{"type":"LineString","coordinates":[[14.887847900390625,58.82476232560859],[14.887161254882812,58.82458460162795],[14.887676239013672,58.824318013948556],[14.88698959350586,58.82414028769003]]}},{"type":"Feature","properties":{"kind":"road","class":"primary","name":null,"ref":null},"geometry":{"type":"LineString","coordinates":[[14.900894165039062,58.831337472379204],[14.900035858154297,58.831248627358065],[14.90020751953125,58.83098209092802]]}},{"type":"Feature","properties":{"kind":"road","class":"primary","name":null,"ref":null},"geometry":{"type":"LineString","coordinates":[[14.907417297363281,58.847681080183094],[14.907245635986328,58.847681080183094]]}},{"type":"Feature","properties":{"kind":"road","class":"primary","name":null,"ref":null},"geometry":{"type":"LineString","coordinates":[[15.341548919677734,59.046294155784636],[15.341720581054688,59.046294155784636]]}},{"type":"Feature","properties":{"kind":"road","class":"primary","name":null,"ref":null},"geometry":{"type":"LineString","coordinates":[[15.3094482421875,59.079652791879795],[15.309619903564453,59.079652791879795]]}},{"type":"Feature","properties":{"kind":"road","class":"primary","name":null,"ref":null},"geometry":{"type":"LineString","coordinates":[[15.309276580810547,59.080799470244614],[15.3094482421875,59.080799470244614]]}},{"type":"Feature","properties":{"kind":"road","class":"primary","name":null,"ref":null},"geometry":{"type":"LineString","coordinates":[[15.311336517333984,59.071007367960476],[15.31167984008789,59.07144851373474],[15.310993194580078,59.07144851373474]]}},{"type":"Feature","properties":{"kind":"road","class":"primary","name":null,"ref":null},"geometry":{"type":"LineString","coordinates":[[15.318546295166016,59.06130072663052],[15.318717956542969,59.06130072663052]]}},{"type":"Feature","properties":{"kind":"road","class":"primary","name":null,"ref":null},"geometry":{"type":"LineString","coordinates":[[15.35116195678711,59.04028969181613],[15.35116195678711,59.04020138304824]]}},{"type":"Feature","properties":{"kind":"road","class":"primary","name":null,"ref":null},"geometry":{"type":"LineString","coordinates":[[15.183963775634766,59.11879458109266],[15.180702209472656,59.11861836688678]]}},{"type":"Feature","properties":{"kind":"road","class":"primary","name":null,"ref":null},"geometry":{"type":"LineString","coordinates":[[15.27597427368164,59.140726171098294],[15.275630950927734,59.14125446988356]]}},{"type":"Feature","properties":{"kind":"road","class":"primary","name":null,"ref":null},"geometry":{"type":"LineString","coordinates":[[15.275287628173828,59.141166420652155],[15.274944305419922,59.14107837119431],[15.274600982666016,59.14160666454461]]}},{"type":"Feature","properties":{"kind":"road","class":"primary","name":null,"ref":null},"geometry":{"type":"LineString","coordinates":[[15.282669067382812,59.132800710978415],[15.282669067382812,59.132712640005565]]}},{"type":"Feature","properties":{"kind":"road","class":"primary","name":null,"ref":null},"geometry":{"type":"LineString","coordinates":[[15.266532897949219,59.15613153726446],[15.266532897949219,59.15674760768616],[15.265846252441406,59.15665959830508],[15.265846252441406,59.1571876511957]]}},{"type":"Feature","properties":{"kind":"road","class":"primary","name":null,"ref":null},"geometry":{"type":"LineString","coordinates":[[15.263442993164062,59.16545941584664],[15.26327133178711,59.16545941584664]]}},{"type":"Feature","properties":{"kind":"road","class":"primary","name":null,"ref":null},"geometry":{"type":"LineString","coordinates":[[15.261726379394531,59.17487271388978],[15.261898040771484,59.17487271388978]]}},{"type":"Feature","properties":{"kind":"road","class":"primary","name":null,"ref":null},"geometry":{"type":"LineString","coordinates":[[15.32318115234375,59.129277695397946],[15.323352813720703,59.12954193413725]]}},{"type":"Feature","properties":{"kind":"road","class":"primary","name":null,"ref":null},"geometry":{"type":"LineString","coordinates":[[15.322494506835938,59.129453854784],[15.323009490966797,59.12918961536516]]}},{"type":"Feature","properties":{"kind":"road","class":"primary","name":null,"ref":null},"geometry":{"type":"LineString","coordinates":[[15.322837829589844,59.12954193413725],[15.322837829589844,59.129453854784]]}},{"type":"Feature","properties":{"kind":"road","class":"primary","name":null,"ref":null},"geometry":{"type":"LineString","coordinates":[[15.306015014648438,59.10874892496534],[15.305843353271484,59.10866079214642]]}},{"type":"Feature","properties":{"kind":"road","class":"primary","name":null,"ref":null},"geometry":{"type":"LineString","coordinates":[[15.308418273925781,59.10178573410866],[15.308246612548828,59.10178573410866]]}},{"type":"Feature","properties":{"kind":"road","class":"primary","name":null,"ref":null},"geometry":{"type":"LineString","coordinates":[[15.308246612548828,59.08706142220436],[15.308074951171875,59.08706142220436]]}},{"type":"Feature","properties":{"kind":"road","class":"primary","name":null,"ref":null},"geometry":{"type":"LineString","coordinates":[[14.854545593261719,58.81329726280484],[14.855575561523438,58.813386153841094],[14.855232238769531,58.813741715707806],[14.85626220703125,58.81383060560489]]}},{"type":"Feature","properties":{"kind":"road","class":"primary","name":null,"ref":null},"geometry":{"type":"LineString","coordinates":[[14.843730926513672,58.80929693035813],[14.843559265136719,58.80929693035813]]}},{"type":"Feature","properties":{"kind":"road","class":"primary","name":null,"ref":null},"geometry":{"type":"LineString","coordinates":[[15.087146759033203,59.10372499263434],[15.08697509765625,59.10354870093707]]}},{"type":"Feature","properties":{"kind":"road","class":"primary","name":null,"ref":null},"geometry":{"type":"LineString","coordinates":[[15.087146759033203,59.10354870093707],[15.087318420410156,59.10293167285829],[15.087318420410156,59.10266722885382]]}},{"type":"Feature","properties":{"kind":"road","class":"primary","name":null,"ref":null},"geometry":{"type":"LineString","coordinates":[[15.087318420410156,59.10293167285829],[15.08749008178711,59.10346055474852],[15.087661743164062,59.10372499263434]]}},{"type":"Feature","properties":{"kind":"road","class":"primary","name":null,"ref":null},"geometry":{"type":"LineString","coordinates":[[15.085945129394531,59.10372499263434],[15.08697509765625,59.10354870093707],[15.087146759033203,59.10354870093707],[15.08749008178711,59.10346055474852],[15.088348388671875,59.10354870093707]]}},{"type":"Feature","properties":{"kind":"road","class":"primary","name":null,"ref":null},"geometry":{"type":"LineString","coordinates":[[14.913768768310547,58.851410605603746],[14.912910461425781,58.85105543001035],[14.909133911132812,58.84945709475963],[14.907760620117188,58.84830269564472],[14.907073974609375,58.84697064885117],[14.90621566772461,58.83711191022658],[14.905014038085938,58.83444690463375],[14.901752471923828,58.83178169406864],[14.890594482421875,58.82627294265666],[14.882526397705078,58.822007501516396],[14.875831604003906,58.81951908514259],[14.855403900146484,58.81356393523012],[14.84853744506836,58.81151939423373],[14.844589233398438,58.80983033467558],[14.841499328613281,58.8080522883846]]}},{"type":"Feature","properties":{"kind":"road","class":"primary","name":null,"ref":null},"geometry":{"type":"LineString","coordinates":[[15.363693237304688,59.02907266287457],[15.360088348388672,59.03181101545641],[15.353221893310547,59.03852347334998],[15.34566879272461,59.04391015595766],[15.333137512207031,59.05053196935998],[15.326957702636719,59.05423962750973],[15.321121215820312,59.05891776795809],[15.315628051757812,59.064742486163965],[15.313053131103516,59.06800742635588],[15.311164855957031,59.07144851373474],[15.310134887695312,59.07506569526126],[15.3094482421875,59.08132869349038],[15.307559967041016,59.09058877921365],[15.307388305664062,59.094556622343504],[15.308418273925781,59.10169758338773],[15.307559967041016,59.105752282001845],[15.305328369140625,59.109542110138705],[15.30344009399414,59.111745305987085],[15.292797088623047,59.12090908088052],[15.28799057006836,59.127251797337095],[15.282840728759766,59.132536497380414],[15.282669067382812,59.1336814082498],[15.283012390136719,59.13394561301473],[15.283184051513672,59.13412174839223],[15.283184051513672,59.13420981574126],[15.28249740600586,59.13588305234097],[15.281295776367188,59.13702785132796],[15.275287628173828,59.141166420652155],[15.270652770996094,59.144864293397546],[15.269107818603516,59.147065218481885],[15.267391204833984,59.15445929020066],[15.266189575195312,59.15665959830508],[15.264129638671875,59.160619796333464],[15.261726379394531,59.17487271388978],[15.259666442871094,59.17724762267116],[15.254688262939453,59.18155722094255],[15.259838104248047,59.177335579087384],[15.261898040771484,59.17487271388978],[15.264301300048828,59.16053179691315],[15.266189575195312,59.15665959830508],[15.267219543457031,59.15445929020066],[15.26824951171875,59.14873782689776],[15.269622802734375,59.14592075509998],[15.270824432373047,59.144424091397894],[15.280952453613281,59.13711591120318],[15.282154083251953,59.13597111516037],[15.282669067382812,59.13420981574126],[15.28249740600586,59.134033680816714]]}},{"type":"Feature","properties":{"kind":"road","class":"primary","name":null,"ref":null},"geometry":{"type":"LineString","coordinates":[[15.165939331054688,59.11139280416788],[15.165767669677734,59.11156905553062]]}},{"type":"Feature","properties":{"kind":"road","class":"primary","name":null,"ref":null},"geometry":{"type":"LineString","coordinates":[[15.165424346923828,59.11148092996254],[15.165596008300781,59.111216551898764]]}},{"type":"Feature","properties":{"kind":"road","class":"primary","name":null,"ref":null},"geometry":{"type":"LineString","coordinates":[[15.166969299316406,59.11192155553721],[15.165767669677734,59.11156905553062],[15.165424346923828,59.11148092996254],[15.162677764892578,59.110335276958295]]}},{"type":"Feature","properties":{"kind":"road","class":"primary","name":null,"ref":null},"geometry":{"type":"LineString","coordinates":[[15.281639099121094,59.13429788286379],[15.28249740600586,59.134033680816714],[15.282669067382812,59.134033680816714],[15.283012390136719,59.13394561301473],[15.284042358398438,59.13376947673129],[15.2984619140625,59.131479622604076],[15.306873321533203,59.13051079207398],[15.321464538574219,59.129453854784],[15.32318115234375,59.12954193413725],[15.324554443359375,59.12998232750604],[15.333480834960938,59.132712640005565],[15.338115692138672,59.1336814082498],[15.373477935791016,59.13773232398847],[15.393390655517578,59.14099032151],[15.398368835449219,59.142751272170074],[15.403690338134766,59.14583271787018],[15.407295227050781,59.14732931998179],[15.413475036621094,59.1490019154914],[15.427894592285156,59.15146664409946],[15.437164306640625,59.15331507406623],[15.44729232788086,59.1541952437195],[15.455360412597656,59.15542744319899],[15.460853576660156,59.155515455749565],[15.472869873046875,59.1541952437195],[15.479736328125,59.153843178575016]]}},{"type":"Feature","properties":{"kind":"road","class":"primary","name":null,"ref":null},"geometry":{"type":"LineString","coordinates":[[15.284042358398438,59.13376947673129],[15.283184051513672,59.13412174839223]]}},{"type":"Feature","properties":{"kind":"road","class":"primary","name":null,"ref":null},"geometry":{"type":"LineString","coordinates":[[15.283184051513672,59.13420981574126],[15.282669067382812,59.13420981574126],[15.281639099121094,59.13429788286379],[15.278549194335938,59.13465014908911],[15.260181427001953,59.13447401642941],[15.256576538085938,59.13438594975983],[15.253314971923828,59.13394561301473],[15.227909088134766,59.128661130411814],[15.216751098632812,59.12513768899757],[15.20181655883789,59.12249487008842],[15.183963775634766,59.11879458109266],[15.179157257080078,59.11808971883181],[15.176753997802734,59.11738484207157],[15.170402526855469,59.113507760704294],[15.166969299316406,59.11192155553721],[15.165939331054688,59.11139280416788],[15.165596008300781,59.111216551898764],[15.162677764892578,59.110335276958295],[15.142936706542969,59.10354870093707],[15.137271881103516,59.102226484314],[15.132465362548828,59.101521281266],[15.109634399414062,59.100551603392745],[15.104656219482422,59.10072791050021],[15.10019302368164,59.10125682638369],[15.09246826171875,59.10293167285829],[15.088348388671875,59.10354870093707],[15.087661743164062,59.10372499263434],[15.087146759033203,59.10372499263434],[15.085945129394531,59.10372499263434],[15.080623626708984,59.10372499263434],[15.072383880615234,59.10319611482319]]}},{"type":"Feature","properties":{"kind":"road","class":"primary","name":null,"ref":null},"geometry":{"type":"LineString","coordinates":[[15.282669067382812,59.134033680816714],[15.283012390136719,59.13209613685393],[15.287818908691406,59.127163712094585],[15.292625427246094,59.12108528330603],[15.302066802978516,59.11289091186251],[15.30447006225586,59.11042340547195],[15.306529998779297,59.107426908889494],[15.307731628417969,59.1045182940546],[15.308246612548828,59.10169758338773],[15.30721664428711,59.09402760311207],[15.307388305664062,59.09111785148397],[15.310478210449219,59.073124815977934],[15.312881469726562,59.06800742635588],[15.315628051757812,59.064742486163965],[15.319747924804688,59.06015339679735],[15.323867797851562,59.05662291074614],[15.330562591552734,59.05203273633677],[15.34566879272461,59.04408675420905],[15.35116195678711,59.04028969181613],[15.35562515258789,59.03666884628407],[15.36163330078125,59.03057436710088],[15.363693237304688,59.02907266287457],[15.37038803100586,59.02509724687911],[15.3753662109375,59.02359530345919],[15.377082824707031,59.02262342276617],[15.382575988769531,59.017056667925345],[15.387554168701172,59.014052013249],[15.399913787841797,59.00883743089733],[15.401630401611328,59.00768834888419],[15.403003692626953,59.006008852311965],[15.40506362915039,58.99593015169154],[15.40609359741211,58.994250081366374],[15.4083251953125,58.99186247199398],[15.409183502197266,58.990005328030435],[15.40884017944336,58.98487555298826],[15.409870147705078,58.9795680851571],[15.408668518066406,58.97479066497695],[15.408496856689453,58.97222474001629],[15.409183502197266,58.96957013383894],[15.415878295898438,58.95593993654026],[15.416221618652344,58.9500967737398],[15.416908264160156,58.9485030120787],[15.418453216552734,58.94655498116069],[15.421886444091797,58.94434117613696],[15.424461364746094,58.94221578966932],[15.427379608154297,58.93831890777321],[15.434761047363281,58.91625780591457],[15.435104370117188,58.90898961826437],[15.434932708740234,58.906330143140735],[15.434246063232422,58.904468388757124],[15.435104370117188,58.901985893544605],[15.43527603149414,58.9000352364867],[15.434761047363281,58.89879385194507],[15.434246063232422,58.897995795481506],[15.431842803955078,58.89639962727614],[15.431327819824219,58.89294100997509],[15.427722930908203,58.888861170440265],[15.424976348876953,58.88407117928904],[15.421028137207031,58.88167593490229],[15.418109893798828,58.87768349229003],[15.415878295898438,58.87280321439712],[15.413131713867188,58.86925348897245],[15.410385131835938,58.86730098476602],[15.410385131835938,58.86632469135188],[15.412616729736328,58.86472706090302],[15.412616729736328,58.86286306550193],[15.411930084228516,58.86206417960037],[15.40884017944336,58.860111269773626],[15.407466888427734,58.85673780237926],[15.404376983642578,58.85345279457289],[15.404720306396484,58.849723489090934],[15.404033660888672,58.84492807759804],[15.40283203125,58.84199722148807],[15.40283203125,58.841020214344866],[15.404376983642578,58.83915494237556],[15.404891967773438,58.83755605789824],[15.410728454589844,58.832936643813525],[15.41055679321289,58.83213706732053],[15.407123565673828,58.82947167910464],[15.406780242919922,58.82858317081295],[15.407123565673828,58.82796120145642],[15.409698486328125,58.82627294265666],[15.413818359375,58.82182976341258],[15.413990020751953,58.82058557117202],[15.412960052490234,58.81871919909261],[15.41433334350586,58.81454171657967],[15.413818359375,58.812230552598436],[15.414161682128906,58.8080522883846]]}},{"type":"Feature","properties":{"kind":"road","class":"primary","name":null,"ref":null},"geometry":{"type":"LineString","coordinates":[[15.324554443359375,59.12998232750604],[15.323009490966797,59.12954193413725],[15.321464538574219,59.129453854784]]}},{"type":"Feature","properties":{"kind":"road","class":"primary","name":null,"ref":null},"geometry":{"type":"LineString","coordinates":[[14.841670989990234,58.8080522883846],[14.843902587890625,58.80938583164732],[14.848194122314453,58.81134160236411],[14.855403900146484,58.81356393523012],[14.871883392333984,58.818274809980295],[14.87823486328125,58.82031895274005],[14.882526397705078,58.822007501516396],[14.88698959350586,58.82414028769003],[14.890594482421875,58.82627294265666],[14.89471435546875,58.82858317081295],[14.902610778808594,58.83231475257992],[14.904499053955078,58.83400271710735],[14.90570068359375,58.83569059941746],[14.90621566772461,58.83720074021639],[14.906902313232422,58.84697064885117],[14.90793228149414,58.84865789947074],[14.909820556640625,58.84998988137306],[14.912910461425781,58.85105543001035]]}},{"type":"Feature","properties":{"kind":"rail","class":"rail","name":null,"ref":null},"geometry":{"type":"LineString","coordinates":[[15.029125213623047,59.05256240314756],[15.026206970214844,59.051238220809296],[15.01882553100586,59.050090554831854]]}},{"type":"Feature","properties":{"kind":"rail","class":"rail","name":null,"ref":null},"geometry":{"type":"LineString","coordinates":[[15.098133087158203,59.06500722260989],[15.058479309082031,59.058211674376935],[15.116157531738281,59.06800742635588],[15.11941909790039,59.068889789333184],[15.121822357177734,59.07083090806353],[15.13864517211914,59.12082097932796],[15.13967514038086,59.12434486473177]]}},{"type":"Feature","properties":{"kind":"rail","class":"rail","name":null,"ref":null},"geometry":{"type":"LineString","coordinates":[[15.058135986328125,59.058211674376935],[15.045433044433594,59.055828501372986],[15.035476684570312,59.05485753163359],[15.032215118408203,59.05415135458475],[15.029468536376953,59.05282723349072]]}},{"type":"Feature","properties":{"kind":"rail","class":"rail","name":null,"ref":null},"geometry":{"type":"LineString","coordinates":[[15.058135986328125,59.05812341165867],[15.044746398925781,59.05574023253078],[15.03427505493164,59.05459271694144]]}},{"type":"Feature","properties":{"kind":"rail","class":"rail","name":null,"ref":null},"geometry":{"type":"LineString","coordinates":[[15.039596557617188,59.0437335567988],[15.032901763916016,59.04488143511037],[15.030670166015625,59.04567609763575],[15.029125213623047,59.04673561908521],[15.027751922607422,59.04823655188545],[15.027408599853516,59.049649134632716],[15.027923583984375,59.051238220809296],[15.029296875,59.05256240314756]]}},{"type":"Feature","properties":{"kind":"rail","class":"rail","name":null,"ref":null},"geometry":{"type":"LineString","coordinates":[[15.088863372802734,59.02006106021145],[15.090923309326172,59.02421375869301],[15.090923309326172,59.02810093695743],[15.089378356933594,59.03030936523817],[15.085945129394531,59.03260598019878],[15.085086822509766,59.034460826453056],[15.083370208740234,59.036403891392126],[15.080795288085938,59.04196751529872],[15.081310272216797,59.04435164988459],[15.083026885986328,59.04541121216903],[15.085086822509766,59.045852686812566],[15.08920669555664,59.04594098106071],[15.099163055419922,59.047177076714405],[15.103797912597656,59.04700049434331],[15.106029510498047,59.047177076714405],[15.112380981445312,59.04867799023228],[15.11495590209961,59.049560849912325],[15.1171875,59.05088509689935],[15.118904113769531,59.05265068015544],[15.123367309570312,59.06324227441749]]}},{"type":"Feature","properties":{"kind":"rail","class":"rail","name":null,"ref":null},"geometry":{"type":"LineString","coordinates":[[14.907588958740234,59.032517651690625],[14.912223815917969,59.0335775788121],[14.969730377197266,59.04285054739239],[14.974193572998047,59.0437335567988],[14.981918334960938,59.045852686812566],[14.987411499023438,59.0472653675597],[14.99135971069336,59.047883397124764],[15.009899139404297,59.04867799023228],[15.014190673828125,59.04911942290789],[15.031700134277344,59.05318033743933],[15.058135986328125,59.05803514871357],[15.03152847290039,59.05318033743933],[15.014190673828125,59.04911942290789],[15.01007080078125,59.04867799023228],[14.991188049316406,59.047795107867444],[14.987068176269531,59.047177076714405],[14.981918334960938,59.045852686812566],[14.970760345458984,59.04293884935396],[14.912223815917969,59.0335775788121]]}},{"type":"Feature","properties":{"kind":"rail","class":"rail","name":null,"ref":null},"geometry":{"type":"LineString","coordinates":[[14.907417297363281,59.032517651690625],[14.840126037597656,59.01520088278559],[14.832229614257812,59.01378688406197],[14.839954376220703,59.015289255776395],[14.907417297363281,59.032517651690625]]}},{"type":"Feature","properties":{"kind":"rail","class":"rail","name":null,"ref":null},"geometry":{"type":"LineString","coordinates":[[14.825706481933594,59.01334499754367],[14.831714630126953,59.01378688406197]]}},{"type":"Feature","properties":{"kind":"rail","class":"rail","name":null,"ref":null},"geometry":{"type":"LineString","coordinates":[[14.754638671875,59.01087032816733],[14.825706481933594,59.01334499754367],[14.831714630126953,59.0136985072123]]}},{"type":"Feature","properties":{"kind":"rail","class":"rail","name":null,"ref":null},"geometry":{"type":"LineString","coordinates":[[15.090751647949219,58.905620915202974],[15.140190124511719,58.88052260992393],[15.146198272705078,58.87688494847001],[15.149803161621094,58.87377932504975],[15.159587860107422,58.859045999793466],[15.162334442138672,58.852120945862055],[15.162677764892578,58.84794748817566],[15.162162780761719,58.84448402443002],[15.159244537353516,58.83871081519973],[15.158214569091797,58.83631243007022]]}},{"type":"Feature","properties":{"kind":"rail","class":"rail","name":null,"ref":null},"geometry":{"type":"LineString","coordinates":[[15.090579986572266,58.90570956949125],[15.08474349975586,58.90836909237774],[15.054702758789062,58.91962547193947]]}},{"type":"Feature","properties":{"kind":"rail","class":"rail","name":null,"ref":null},"geometry":{"type":"LineString","coordinates":[[15.08474349975586,58.90836909237774],[15.060710906982422,58.91714406565174],[15.054702758789062,58.91962547193947],[15.05126953125,58.92157502324298],[15.048351287841797,58.92405611118912],[15.046119689941406,58.92768881120861],[15.04079818725586,58.93973600665177],[15.040283203125,58.942481470137494],[15.040454864501953,58.94522671519269],[15.041656494140625,58.951778997832434]]}},{"type":"Feature","properties":{"kind":"rail","class":"rail","name":null,"ref":null},"geometry":{"type":"LineString","coordinates":[[15.040111541748047,58.98346030818175],[15.038223266601562,58.98487555298826]]}},{"type":"Feature","properties":{"kind":"rail","class":"rail","name":null,"ref":null},"geometry":{"type":"LineString","coordinates":[[15.04354476928711,58.9614280665775],[15.041828155517578,58.95204460466334]]}},{"type":"Feature","properties":{"kind":"rail","class":"rail","name":null,"ref":null},"geometry":{"type":"LineString","coordinates":[[15.041656494140625,58.95204460466334],[15.04354476928711,58.9614280665775],[15.048866271972656,58.98832496862448],[15.049896240234375,58.98956313613519],[15.066032409667969,59.001853956034154],[15.07272720336914,59.00768834888419],[15.087318420410156,59.01581948895449],[15.088176727294922,59.0167915618911],[15.088863372802734,59.02006106021145],[15.088863372802734,59.022358359629266],[15.087318420410156,59.02439045814583],[15.07822036743164,59.03066270060128],[15.07375717163086,59.036403891392126],[15.069122314453125,59.03975983580554],[15.066719055175781,59.04108446051748],[15.063285827636719,59.04223242730902],[15.059165954589844,59.04285054739239],[15.055389404296875,59.04293884935396],[15.047492980957031,59.04249733727741],[15.043888092041016,59.04285054739239],[15.040111541748047,59.043645256879074]]}},{"type":"Feature","properties":{"kind":"rail","class":"rail","name":null,"ref":null},"geometry":{"type":"LineString","coordinates":[[15.041828155517578,58.951778997832434],[15.040626525878906,58.94522671519269],[15.04079818725586,58.93973600665177],[15.04629135131836,58.92768881120861],[15.04852294921875,58.92405611118912],[15.05126953125,58.92157502324298]]}},{"type":"Feature","properties":{"kind":"rail","class":"rail","name":null,"ref":null},"geometry":{"type":"LineString","coordinates":[[15.158042907714844,58.83631243007022],[15.159244537353516,58.83871081519973],[15.161819458007812,58.84386234043117],[15.162677764892578,58.84794748817566],[15.162162780761719,58.8523873197023],[15.1611328125,58.8555836459623],[15.159416198730469,58.859045999793466],[15.150489807128906,58.87289195286709],[15.146713256835938,58.8764413050495],[15.141048431396484,58.879990293117174],[15.090751647949219,58.90553226068721]]}},{"type":"Feature","properties":{"kind":"rail","class":"rail","name":null,"ref":null},"geometry":{"type":"LineString","coordinates":[[15.119075775146484,59.06791918881095],[15.121479034423828,59.06730151964692],[15.123023986816406,59.06633087422466]]}},{"type":"Feature","properties":{"kind":"rail","class":"rail","name":null,"ref":null},"geometry":{"type":"LineString","coordinates":[[15.12319564819336,59.06615439029076],[15.123882293701172,59.065095467638315],[15.123367309570312,59.0634187733188]]}},{"type":"Feature","properties":{"kind":"rail","class":"rail","name":null,"ref":null},"geometry":{"type":"LineString","coordinates":[[15.126972198486328,59.06915449380449],[15.16611099243164,59.07303659158481],[15.183963775634766,59.076124310434096],[15.189456939697266,59.076741820873906],[15.212287902832031,59.07691825038759],[15.237865447998047,59.07462459596965],[15.242500305175781,59.07453637543111],[15.252456665039062,59.075418570613266],[15.257091522216797,59.07550678888447],[15.262584686279297,59.074801036366495],[15.267906188964844,59.073301264083995],[15.280609130859375,59.06933096231822],[15.285415649414062,59.06818390076546],[15.312881469726562,59.0645659940661],[15.318889617919922,59.0641247598528],[15.387210845947266,59.0634187733188],[15.464286804199219,59.06730151964692],[15.479736328125,59.06721328028783]]}},{"type":"Feature","properties":{"kind":"rail","class":"rail","name":null,"ref":null},"geometry":{"type":"LineString","coordinates":[[15.126628875732422,59.06906625920749],[15.116329193115234,59.06791918881095],[15.110149383544922,59.066948560849994],[15.058479309082031,59.05812341165867],[15.110149383544922,59.066948560849994],[15.120620727539062,59.06853684686345],[15.126628875732422,59.06915449380449]]}},{"type":"Feature","properties":{"kind":"rail","class":"rail","name":null,"ref":null},"geometry":{"type":"LineString","coordinates":[[15.212287902832031,59.07691825038759],[15.189456939697266,59.07665360577698],[15.184822082519531,59.076212526891425],[15.166282653808594,59.07294836696494],[15.126972198486328,59.06906625920749]]}},{"type":"Feature","properties":{"kind":"rail","class":"rail","name":null,"ref":null},"geometry":{"type":"LineString","coordinates":[[15.280609130859375,59.06933096231822],[15.285415649414062,59.06827213763012],[15.312881469726562,59.0645659940661]]}},{"type":"Feature","properties":{"kind":"rail","class":"rail","name":null,"ref":null},"geometry":{"type":"LineString","coordinates":[[15.267906188964844,59.073301264083995],[15.262413024902344,59.074801036366495],[15.257091522216797,59.075418570613266],[15.252456665039062,59.075418570613266]]}},{"type":"Feature","properties":{"kind":"rail","class":"rail","name":null,"ref":null},"geometry":{"type":"LineString","coordinates":[[15.141563415527344,59.12910153510589],[15.139846801757812,59.12469723333737],[15.14139175415039,59.12910153510589]]}},{"type":"Feature","properties":{"kind":"rail","class":"rail","name":null,"ref":null},"geometry":{"type":"LineString","coordinates":[[15.139846801757812,59.12434486473177],[15.13864517211914,59.12082097932796],[15.121650695800781,59.070742677774916],[15.119762420654297,59.06915449380449],[15.116157531738281,59.06800742635588]]}},{"type":"Feature","properties":{"kind":"rail","class":"rail","name":null,"ref":null},"geometry":{"type":"LineString","coordinates":[[15.160274505615234,59.18155722094255],[15.158729553222656,59.173641214755776],[15.15512466430664,59.16475551374583],[15.148086547851562,59.14741735336227],[15.141563415527344,59.12936577520421],[15.15512466430664,59.16475551374583],[15.159072875976562,59.17478475113697],[15.160102844238281,59.18155722094255]]}},{"type":"Feature","properties":{"kind":"rail","class":"rail","name":null,"ref":null},"geometry":{"type":"LineString","coordinates":[[15.479736328125,59.067125040701995],[15.464286804199219,59.06721328028783],[15.387554168701172,59.0634187733188],[15.318889617919922,59.0641247598528]]}},{"type":"Feature","properties":{"kind":"rail","class":"rail","name":null,"ref":null},"geometry":{"type":"LineString","coordinates":[[15.159416198730469,58.8080522883846],[15.159072875976562,58.81098601589082],[15.159244537353516,58.815519470361835],[15.16061782836914,58.821385414166485],[15.160789489746094,58.82449573929594],[15.15787124633789,58.831070936632415],[15.157699584960938,58.83418039280116],[15.158042907714844,58.831070936632415],[15.160446166992188,58.82591750927358],[15.160961151123047,58.82387369659381],[15.159244537353516,58.815519470361835],[15.159587860107422,58.8080522883846]]}},{"type":"Feature","properties":{"kind":"road","class":"trunk","name":null,"ref":null},"geometry":{"type":"LineString","coordinates":[[15.110149383544922,59.167571035230594],[15.109977722167969,59.168274879386416],[15.110492706298828,59.168714774627745],[15.111351013183594,59.16880275299698],[15.112037658691406,59.16836285888735]]}},{"type":"Feature","properties":{"kind":"road","class":"trunk","name":null,"ref":null},"geometry":{"type":"LineString","coordinates":[[15.109806060791016,59.16809891970553],[15.110149383544922,59.167571035230594],[15.1116943359375,59.16651524183567],[15.114612579345703,59.165371428876284]]}},{"type":"Feature","properties":{"kind":"road","class":"trunk","name":null,"ref":null},"geometry":{"type":"LineString","coordinates":[[15.072383880615234,59.10319611482319],[15.06826400756836,59.102843525083415],[15.066547393798828,59.10266722885382],[15.062427520751953,59.10293167285829],[15.061054229736328,59.103636846899036],[15.060539245605469,59.10434200643638]]}},{"type":"Feature","properties":{"kind":"road","class":"trunk","name":null,"ref":null},"geometry":{"type":"LineString","coordinates":[[15.06826400756836,59.102843525083415],[15.065860748291016,59.103107967728164],[15.06448745727539,59.10390128342516]]}},{"type":"Feature","properties":{"kind":"road","class":"trunk","name":null,"ref":null},"geometry":{"type":"LineString","coordinates":[[15.00680923461914,59.062977524364555],[15.010414123535156,59.056975975681496],[15.01607894897461,59.049560849912325],[15.016250610351562,59.0493842797911],[15.018138885498047,59.046294155784636],[15.018310546875,59.04620586244391],[15.023460388183594,59.03481411915598],[15.02655029296875,59.02951434739603],[15.036849975585938,59.015466001077044],[15.03702163696289,59.015289255776395],[15.041999816894531,59.00945615147478],[15.043373107910156,59.00653922850452],[15.04354476928711,59.001853956034154],[15.041141510009766,58.99283522172158],[15.039596557617188,58.98584850006583],[15.038738250732422,58.97523304652344],[15.03753662109375,58.97107443577565],[15.033588409423828,58.9614280665775],[15.033245086669922,58.95505467247267],[15.031700134277344,58.949476986288005],[15.029983520507812,58.94779464992672],[15.027751922607422,58.94664353040699],[15.022087097167969,58.94513816230989],[15.01556396484375,58.94336705692396],[15.014019012451172,58.942747148560045],[15.002517700195312,58.93902746448643],[15.001487731933594,58.93831890777321],[15.000114440917969,58.937078898518905],[14.999427795410156,58.93548453543855],[15.000114440917969,58.92946072130917],[14.999256134033203,58.92680282205495],[14.99685287475586,58.92476496071748],[14.994449615478516,58.92361307284432],[14.986209869384766,58.92095472340239],[14.98208999633789,58.91891651690605],[14.97762680053711,58.9153715234369],[14.97213363647461,58.910053350999476],[14.96835708618164,58.907925852778476],[14.960803985595703,58.905266295775306],[14.950675964355469,58.90260653406611],[14.9468994140625,58.90127657644362],[14.94140625,58.898882523748085],[14.93642807006836,58.89586755482861],[14.934024810791016,58.89480338536458],[14.930076599121094,58.8936504981439],[14.925956726074219,58.8931183833823]]}},{"type":"Feature","properties":{"kind":"road","class":"trunk","name":null,"ref":null},"geometry":{"type":"LineString","coordinates":[[15.018310546875,59.04620586244391],[15.022945404052734,59.03560901446363],[15.025177001953125,59.03145769189325],[15.036849975585938,59.015466001077044]]}},{"type":"Feature","properties":{"kind":"road","class":"trunk","name":null,"ref":null},"geometry":{"type":"LineString","coordinates":[[15.005950927734375,59.065095467638315],[15.005607604980469,59.06915449380449]]}},{"type":"Feature","properties":{"kind":"road","class":"trunk","name":null,"ref":null},"geometry":{"type":"LineString","coordinates":[[15.005435943603516,59.06906625920749],[15.005950927734375,59.065095467638315],[15.00680923461914,59.062977524364555],[15.009727478027344,59.057946885541696],[15.01607894897461,59.049560849912325]]}},{"type":"Feature","properties":{"kind":"road","class":"trunk","name":null,"ref":null},"geometry":{"type":"LineString","coordinates":[[15.03702163696289,59.015289255776395],[15.042171478271484,59.00883743089733],[15.043373107910156,59.00609724891163],[15.043373107910156,59.00194236330452],[15.041141510009766,58.99283522172158],[15.03976821899414,58.986732973562226],[15.038738250732422,58.97425979962489],[15.035133361816406,58.96532233866776],[15.033416748046875,58.95965779748414],[15.033245086669922,58.95425791538261],[15.03255844116211,58.951070702950716],[15.03152847290039,58.94912281703],[15.02981185913086,58.94752901036978],[15.027236938476562,58.94628933205814],[15.022087097167969,58.94513816230989]]}},{"type":"Feature","properties":{"kind":"road","class":"trunk","name":null,"ref":null},"geometry":{"type":"LineString","coordinates":[[14.773006439208984,59.018205437134526],[14.766483306884766,59.01749850677618],[14.7601318359375,59.01608460247917],[14.754638671875,59.01396363708031]]}},{"type":"Feature","properties":{"kind":"road","class":"trunk","name":null,"ref":null},"geometry":{"type":"LineString","coordinates":[[14.754638671875,59.01387526068464],[14.76236343383789,59.01661482340003],[14.773178100585938,59.0180287059068]]}},{"type":"Feature","properties":{"kind":"road","class":"trunk","name":null,"ref":null},"geometry":{"type":"LineString","coordinates":[[14.89522933959961,58.87848201767716],[14.895744323730469,58.878393293544406]]}},{"type":"Feature","properties":{"kind":"road","class":"trunk","name":null,"ref":null},"geometry":{"type":"LineString","coordinates":[[14.898319244384766,58.883538917093915],[14.898147583007812,58.883184071079654]]}},{"type":"Feature","properties":{"kind":"road","class":"trunk","name":null,"ref":null},"geometry":{"type":"LineString","coordinates":[[14.925956726074219,58.89302969679244],[14.92767333984375,58.893207069744676],[14.93368148803711,58.894626020602345],[14.937114715576172,58.89613359207607],[14.941749572753906,58.89897119532358],[14.945011138916016,58.90038990959525],[14.952735900878906,58.90313850278491],[14.960803985595703,58.90517764034976],[14.967842102050781,58.90757125700517],[14.971961975097656,58.90978742088603],[14.978141784667969,58.91563741056797],[14.981060028076172,58.91803030264879],[14.984321594238281,58.92006856144516],[14.98758316040039,58.921397795854006],[14.994621276855469,58.92370168096804],[14.997024536132812,58.92476496071748],[14.999427795410156,58.92680282205495],[15.000286102294922,58.92910634656434],[14.999427795410156,58.93521880109782],[15.000629425048828,58.93752176408145],[15.0018310546875,58.938496048315386],[15.007152557373047,58.94053309919886],[15.014019012451172,58.942747148560045]]}},{"type":"Feature","properties":{"kind":"road","class":"trunk","name":null,"ref":null},"geometry":{"type":"LineString","coordinates":[[14.947586059570312,58.8080522883846],[14.936943054199219,58.81089711870288],[14.933509826660156,58.81240833991123],[14.930591583251953,58.81445282850524],[14.929389953613281,58.815875010356905],[14.928359985351562,58.81818593147443],[14.929218292236328,58.831248627358065],[14.929389953613281,58.83622359780307],[14.92767333984375,58.83879964109036],[14.925956726074219,58.84030964638865],[14.919090270996094,58.84403996556941],[14.917545318603516,58.84554974246973],[14.915828704833984,58.84803629038447],[14.913082122802734,58.851233018262405],[14.908790588378906,58.85416309293984],[14.905529022216797,58.85735925528334],[14.900550842285156,58.867478489700574],[14.896774291992188,58.87191581717991],[14.89522933959961,58.876707491784515],[14.895744323730469,58.878393293544406],[14.895915985107422,58.87865946526],[14.895401000976562,58.87874818871009],[14.89522933959961,58.87848201767716],[14.89522933959961,58.87626384608831],[14.896602630615234,58.87182707620644],[14.90072250366211,58.86694597216564],[14.901752471923828,58.864194501031506],[14.905529022216797,58.85735925528334]]}},{"type":"Feature","properties":{"kind":"road","class":"trunk","name":null,"ref":null},"geometry":{"type":"LineString","coordinates":[[14.947929382324219,58.8080522883846],[14.936943054199219,58.81089711870288],[14.93368148803711,58.81240833991123],[14.930763244628906,58.81445282850524],[14.929561614990234,58.815875010356905],[14.928359985351562,58.81907470628184],[14.929218292236328,58.831248627358065],[14.929218292236328,58.83622359780307],[14.92767333984375,58.83879964109036],[14.924068450927734,58.84128667357106],[14.918231964111328,58.844572835519045],[14.915828704833984,58.84803629038447],[14.913253784179688,58.851233018262405],[14.908790588378906,58.85416309293984]]}},{"type":"Feature","properties":{"kind":"road","class":"trunk","name":null,"ref":null},"geometry":{"type":"LineString","coordinates":[[14.895401000976562,58.87874818871009],[14.896430969238281,58.88025645254456],[14.898490905761719,58.883538917093915],[14.900379180908203,58.88921595820662],[14.902095794677734,58.891167225851916],[14.905357360839844,58.89276363565787],[14.909133911132812,58.893473127466706],[14.9139404296875,58.8936504981439]]}},{"type":"Feature","properties":{"kind":"road","class":"trunk","name":null,"ref":null},"geometry":{"type":"LineString","coordinates":[[14.895744323730469,58.87865946526],[14.896430969238281,58.88025645254456]]}},{"type":"Feature","properties":{"kind":"road","class":"trunk","name":null,"ref":null},"geometry":{"type":"LineString","coordinates":[[14.925956726074219,58.8931183833823],[14.921493530273438,58.893207069744676]]}},{"type":"Feature","properties":{"kind":"road","class":"trunk","name":null,"ref":null},"geometry":{"type":"LineString","coordinates":[[14.925956726074219,58.89302969679244],[14.921493530273438,58.893207069744676],[14.9139404296875,58.8936504981439],[14.909133911132812,58.893561812919046],[14.905357360839844,58.89276363565787],[14.902095794677734,58.89125591721941],[14.899864196777344,58.888861170440265],[14.898319244384766,58.883538917093915]]}},{"type":"Feature","properties":{"kind":"road","class":"motorway","name":null,"ref":null},"geometry":{"type":"LineString","coordinates":[[15.012130737304688,59.07136028503339],[15.009384155273438,59.07083090806353]]}},{"type":"Feature","properties":{"kind":"road","class":"motorway","name":null,"ref":null},"geometry":{"type":"LineString","coordinates":[[14.773178100585938,59.0180287059068],[14.79583740234375,59.02032614105147],[14.802875518798828,59.02165151461128],[14.810256958007812,59.023948707811655],[14.82278823852539,59.029779355385756],[14.826221466064453,59.030927699740914],[14.829826354980469,59.031722684905986],[14.850940704345703,59.034372502710056],[14.85677719116211,59.03463747325833],[14.863815307617188,59.03428417874014],[14.869651794433594,59.034460826453056],[14.885272979736328,59.03596229536754],[14.9029541015625,59.03693379913395],[14.908103942871094,59.037463698707484],[14.91617202758789,59.03905334841909],[14.926815032958984,59.042409034181475],[14.937458038330078,59.04655903444552],[14.942092895507812,59.047883397124764],[14.952564239501953,59.05017883819116],[14.96011734008789,59.05256240314756],[14.96561050415039,59.05485753163359],[14.975738525390625,59.05997688111336],[14.982261657714844,59.06262452111898],[14.98758316040039,59.0641247598528],[15.000972747802734,59.06721328028783],[15.009040832519531,59.06977212963429],[15.012989044189453,59.07144851373474],[15.020198822021484,59.0753303521154],[15.036849975585938,59.08706142220436],[15.05126953125,59.094909297298045],[15.057964324951172,59.09914111389804],[15.062427520751953,59.10301982040653],[15.06551742553711,59.107955721437946],[15.074615478515625,59.12795647112284],[15.076675415039062,59.131479622604076],[15.079593658447266,59.13509047677488],[15.083370208740234,59.13878900580286],[15.09796142578125,59.150938502912595],[15.10568618774414,59.15947578621228],[15.11495590209961,59.17109011115397],[15.118904113769531,59.1768078371955],[15.121135711669922,59.18155722094255]]}},{"type":"Feature","properties":{"kind":"road","class":"motorway","name":null,"ref":null},"geometry":{"type":"LineString","coordinates":[[15.120792388916016,59.18155722094255],[15.118560791015625,59.176895794743245],[15.115470886230469,59.172233732857876],[15.105342864990234,59.15956378834909],[15.096588134765625,59.14997022290029],[15.082683563232422,59.138612894431816],[15.07925033569336,59.1351785416326],[15.076675415039062,59.131919991057885],[15.074443817138672,59.128484966948605],[15.06500244140625,59.10786758657969],[15.062599182128906,59.103636846899036],[15.060367584228516,59.10116867430301],[15.052471160888672,59.095790968818875],[15.035991668701172,59.08670866655552],[15.020370483398438,59.075595006928864],[15.014190673828125,59.07215433518249],[15.006465911865234,59.06897802438374],[15.002517700195312,59.067742713040786],[14.986038208007812,59.063860016603456],[14.977970123291016,59.0612124718503],[14.965095520019531,59.05476926029638],[14.959430694580078,59.05247412591285],[14.951705932617188,59.050090554831854],[14.93865966796875,59.04708878564227],[14.924755096435547,59.0417909061575],[14.915485382080078,59.03905334841909],[14.907417297363281,59.037463698707484],[14.902095794677734,59.03693379913395],[14.87823486328125,59.03543237265026],[14.86673355102539,59.034372502710056],[14.856605529785156,59.0347257963206],[14.850940704345703,59.03454914996914],[14.829998016357422,59.03198767587645],[14.822616577148438,59.030044361333125],[14.810256958007812,59.02421375869301],[14.802532196044922,59.02173987103288],[14.795665740966797,59.02050286047668],[14.773006439208984,59.018205437134526]]}},{"type":"Feature","properties":{"kind":"rail","class":"rail","name":null,"ref":null},"geometry":{"type":"LineString","coordinates":[[15.058479309082031,59.05812341165867],[15.058135986328125,59.05803514871357]]}},{"type":"Feature","properties":{"kind":"rail","class":"rail","name":null,"ref":null},"geometry":{"type":"LineString","coordinates":[[15.058135986328125,59.058211674376935],[15.058479309082031,59.058211674376935],[15.058135986328125,59.05812341165867]]}},{"type":"Feature","properties":{"kind":"rail","class":"rail","name":null,"ref":null},"geometry":{"type":"LineString","coordinates":[[15.057964324951172,59.05856472298197],[15.058307647705078,59.05856472298197]]}},{"type":"Feature","properties":{"kind":"rail","class":"rail","name":null,"ref":null},"geometry":{"type":"LineString","coordinates":[[15.029468536376953,59.05282723349072],[15.029125213623047,59.05256240314756]]}},{"type":"Feature","properties":{"kind":"rail","class":"rail","name":null,"ref":null},"geometry":{"type":"LineString","coordinates":[[15.029296875,59.05256240314756],[15.031700134277344,59.05388653444882],[15.03427505493164,59.05459271694144]]}},{"type":"Feature","properties":{"kind":"rail","class":"rail","name":null,"ref":null},"geometry":{"type":"LineString","coordinates":[[15.040111541748047,59.043645256879074],[15.039596557617188,59.0437335567988]]}},{"type":"Feature","properties":{"kind":"rail","class":"rail","name":null,"ref":null},"geometry":{"type":"LineString","coordinates":[[14.907588958740234,59.032517651690625],[14.907417297363281,59.032517651690625]]}},{"type":"Feature","properties":{"kind":"rail","class":"rail","name":null,"ref":null},"geometry":{"type":"LineString","coordinates":[[14.831714630126953,59.01378688406197],[14.832229614257812,59.01378688406197],[14.831714630126953,59.0136985072123]]}},{"type":"Feature","properties":{"kind":"rail","class":"rail","name":null,"ref":null},"geometry":{"type":"LineString","coordinates":[[15.090751647949219,58.90553226068721],[15.090751647949219,58.905620915202974]]}},{"type":"Feature","properties":{"kind":"rail","class":"rail","name":null,"ref":null},"geometry":{"type":"LineString","coordinates":[[15.041828155517578,58.95204460466334],[15.041828155517578,58.951778997832434]]}},{"type":"Feature","properties":{"kind":"rail","class":"rail","name":null,"ref":null},"geometry":{"type":"LineString","coordinates":[[15.041656494140625,58.951778997832434],[15.041656494140625,58.95204460466334]]}},{"type":"Feature","properties":{"kind":"rail","class":"rail","name":null,"ref":null},"geometry":{"type":"LineString","coordinates":[[15.123367309570312,59.0634187733188],[15.123367309570312,59.06324227441749]]}},{"type":"Feature","properties":{"kind":"rail","class":"rail","name":null,"ref":null},"geometry":{"type":"LineString","coordinates":[[15.123023986816406,59.06633087422466],[15.12319564819336,59.06615439029076]]}},{"type":"Feature","properties":{"kind":"rail","class":"rail","name":null,"ref":null},"geometry":{"type":"LineString","coordinates":[[15.126972198486328,59.06906625920749],[15.126628875732422,59.06906625920749]]}},{"type":"Feature","properties":{"kind":"rail","class":"rail","name":null,"ref":null},"geometry":{"type":"LineString","coordinates":[[15.126628875732422,59.06915449380449],[15.126972198486328,59.06915449380449]]}},{"type":"Feature","properties":{"kind":"rail","class":"rail","name":null,"ref":null},"geometry":{"type":"LineString","coordinates":[[15.14139175415039,59.12910153510589],[15.141563415527344,59.12936577520421],[15.141563415527344,59.12910153510589]]}},{"type":"Feature","properties":{"kind":"rail","class":"rail","name":null,"ref":null},"geometry":{"type":"LineString","coordinates":[[15.13967514038086,59.12434486473177],[15.139846801757812,59.12469723333737],[15.139846801757812,59.12434486473177]]}},{"type":"Feature","properties":{"kind":"road","class":"primary","name":null,"ref":null},"geometry":{"type":"LineString","coordinates":[[14.843730926513672,58.80929693035813],[14.843559265136719,58.80929693035813]]}},{"type":"Feature","properties":{"kind":"road","class":"primary","name":null,"ref":null},"geometry":{"type":"LineString","coordinates":[[14.839954376220703,58.80689650942034],[14.83978271484375,58.80698541686169]]}},{"type":"Feature","properties":{"kind":"road","class":"primary","name":null,"ref":null},"geometry":{"type":"LineString","coordinates":[[14.854545593261719,58.81329726280484],[14.855575561523438,58.813386153841094],[14.855232238769531,58.813741715707806],[14.85626220703125,58.81383060560489]]}},{"type":"Feature","properties":{"kind":"road","class":"primary","name":null,"ref":null},"geometry":{"type":"LineString","coordinates":[[14.869651794433594,58.81765265565488],[14.869651794433594,58.81774153552769]]}},{"type":"Feature","properties":{"kind":"road","class":"primary","name":null,"ref":null},"geometry":{"type":"LineString","coordinates":[[15.070323944091797,58.5697741549551],[15.07101058959961,58.5697741549551],[15.07101058959961,58.57004269746878]]}},{"type":"Feature","properties":{"kind":"road","class":"primary","name":null,"ref":null},"geometry":{"type":"LineString","coordinates":[[15.142765045166016,58.58695672418267],[15.143795013427734,58.58677778255739]]}},{"type":"Feature","properties":{"kind":"road","class":"primary","name":null,"ref":null},"geometry":{"type":"LineString","coordinates":[[15.144824981689453,58.58713566489291],[15.143795013427734,58.58731460468806]]}},{"type":"Feature","properties":{"kind":"road","class":"primary","name":null,"ref":null},"geometry":{"type":"LineString","coordinates":[[15.27151107788086,58.573086035353185],[15.270824432373047,58.57317554128642]]}},{"type":"Feature","properties":{"kind":"road","class":"primary","name":null,"ref":null},"geometry":{"type":"LineString","coordinates":[[15.273399353027344,58.57281751618049],[15.27322769165039,58.57245948741337]]}},{"type":"Feature","properties":{"kind":"road","class":"primary","name":null,"ref":null},"geometry":{"type":"LineString","coordinates":[[15.274085998535156,58.57263850225459],[15.273399353027344,58.57281751618049],[15.272884368896484,58.573086035353185],[15.27151107788086,58.573086035353185],[15.27099609375,58.573086035353185]]}},{"type":"Feature","properties":{"kind":"road","class":"primary","name":null,"ref":null},"geometry":{"type":"LineString","coordinates":[[15.271682739257812,58.57111684692819],[15.271167755126953,58.5710273357318]]}},{"type":"Feature","properties":{"kind":"road","class":"primary","name":null,"ref":null},"geometry":{"type":"LineString","coordinates":[[15.270137786865234,58.57129586863434],[15.270137786865234,58.57174341889524]]}},{"type":"Feature","properties":{"kind":"road","class":"primary","name":null,"ref":null},"geometry":{"type":"LineString","coordinates":[[15.269279479980469,58.57147488942522],[15.270137786865234,58.57129586863434],[15.271167755126953,58.5710273357318],[15.271682739257812,58.5710273357318]]}},{"type":"Feature","properties":{"kind":"road","class":"primary","name":null,"ref":null},"geometry":{"type":"LineString","coordinates":[[15.46823501586914,58.491451025656545],[15.468578338623047,58.492079022668634]]}},{"type":"Feature","properties":{"kind":"road","class":"primary","name":null,"ref":null},"geometry":{"type":"LineString","coordinates":[[15.466861724853516,58.492348160807865],[15.467548370361328,58.49100244948741],[15.470123291015625,58.49019499794571]]}},{"type":"Feature","properties":{"kind":"road","class":"primary","name":null,"ref":null},"geometry":{"type":"LineString","coordinates":[[15.466175079345703,58.492796719790135],[15.467548370361328,58.492168735610875],[15.468578338623047,58.492079022668634],[15.469608306884766,58.49172016860811]]}},{"type":"Feature","properties":{"kind":"road","class":"primary","name":null,"ref":null},"geometry":{"type":"LineString","coordinates":[[15.461711883544922,58.49593647226007],[15.462226867675781,58.495487953378955]]}},{"type":"Feature","properties":{"kind":"road","class":"primary","name":null,"ref":null},"geometry":{"type":"LineString","coordinates":[[15.46274185180664,58.49521883930058],[15.462570190429688,58.49566736161884]]}},{"type":"Feature","properties":{"kind":"road","class":"trunk","name":null,"ref":null},"geometry":{"type":"LineString","coordinates":[[15.015392303466797,58.523374926262704],[15.013847351074219,58.521761493305235]]}},{"type":"Feature","properties":{"kind":"road","class":"trunk","name":null,"ref":null},"geometry":{"type":"LineString","coordinates":[[15.013675689697266,58.51934120472859],[15.015392303466797,58.52149258059774]]}},{"type":"Feature","properties":{"kind":"road","class":"trunk","name":null,"ref":null},"geometry":{"type":"LineString","coordinates":[[15.013675689697266,58.521582218395935],[15.013675689697266,58.51952049108996]]}},{"type":"Feature","properties":{"kind":"road","class":"trunk","name":null,"ref":null},"geometry":{"type":"LineString","coordinates":[[15.026378631591797,58.5088513579818],[15.02328872680664,58.51019638536994]]}},{"type":"Feature","properties":{"kind":"road","class":"trunk","name":null,"ref":null},"geometry":{"type":"LineString","coordinates":[[15.024147033691406,58.50947904384401],[15.024662017822266,58.507775298958876]]}},{"type":"Feature","properties":{"kind":"road","class":"trunk","name":null,"ref":null},"geometry":{"type":"LineString","coordinates":[[15.025177001953125,58.50741660528692],[15.028266906738281,58.506161148568935],[15.028953552246094,58.505533403371146]]}},{"type":"Feature","properties":{"kind":"road","class":"trunk","name":null,"ref":null},"geometry":{"type":"LineString","coordinates":[[15.028438568115234,58.50634050227782],[15.027751922607422,58.50840300406469]]}},{"type":"Feature","properties":{"kind":"road","class":"trunk","name":null,"ref":null},"geometry":{"type":"LineString","coordinates":[[15.049896240234375,58.4562652680595],[15.050582885742188,58.45680409105111],[15.05178451538086,58.457163301792775],[15.051956176757812,58.45770211102632]]}},{"type":"Feature","properties":{"kind":"road","class":"trunk","name":null,"ref":null},"geometry":{"type":"LineString","coordinates":[[15.049552917480469,58.457612310060654],[15.049724578857422,58.455995853468124]]}},{"type":"Feature","properties":{"kind":"road","class":"trunk","name":null,"ref":null},"geometry":{"type":"LineString","coordinates":[[15.051097869873047,58.45770211102632],[15.05075454711914,58.459318489199006]]}},{"type":"Feature","properties":{"kind":"road","class":"trunk","name":null,"ref":null},"geometry":{"type":"LineString","coordinates":[[15.050582885742188,58.459049097996],[15.050239562988281,58.458600108071806],[15.048866271972656,58.458151112415266],[15.048694610595703,58.45752250886568]]}},{"type":"Feature","properties":{"kind":"road","class":"trunk","name":null,"ref":null},"geometry":{"type":"LineString","coordinates":[[15.01607894897461,58.5430886670442],[15.015907287597656,58.5449698537912]]}},{"type":"Feature","properties":{"kind":"road","class":"trunk","name":null,"ref":null},"geometry":{"type":"LineString","coordinates":[[15.015735626220703,58.54532816362914],[15.01504898071289,58.54774665922474]]}},{"type":"Feature","properties":{"kind":"road","class":"trunk","name":null,"ref":null},"geometry":{"type":"LineString","coordinates":[[15.014877319335938,58.54720923018195],[15.01504898071289,58.54523858651305]]}},{"type":"Feature","properties":{"kind":"road","class":"trunk","name":null,"ref":null},"geometry":{"type":"LineString","coordinates":[[15.012645721435547,58.55455338044587],[15.013504028320312,58.55258314975197]]}},{"type":"Feature","properties":{"kind":"road","class":"trunk","name":null,"ref":null},"geometry":{"type":"LineString","coordinates":[[15.013675689697266,58.55258314975197],[15.013504028320312,58.55455338044587]]}},{"type":"Feature","properties":{"kind":"road","class":"trunk","name":null,"ref":null},"geometry":{"type":"LineString","coordinates":[[14.96286392211914,58.803340024916395],[14.962692260742188,58.80325110813243]]}},{"type":"Feature","properties":{"kind":"road","class":"trunk","name":null,"ref":null},"geometry":{"type":"LineString","coordinates":[[14.965782165527344,58.80004995214068],[14.966297149658203,58.80004995214068],[14.966297149658203,58.79960532378345]]}},{"type":"Feature","properties":{"kind":"road","class":"trunk","name":null,"ref":null},"geometry":{"type":"LineString","coordinates":[[14.99582290649414,58.77443007031232],[14.99582290649414,58.77451906094774]]}},{"type":"Feature","properties":{"kind":"road","class":"trunk","name":null,"ref":null},"geometry":{"type":"LineString","coordinates":[[14.99685287475586,58.779502172660415],[14.997024536132812,58.77959115030063]]}},{"type":"Feature","properties":{"kind":"road","class":"trunk","name":null,"ref":null},"geometry":{"type":"LineString","coordinates":[[14.992733001708984,58.76472872413103],[14.992389678955078,58.7644616762951],[14.992733001708984,58.764372659893695]]}},{"type":"Feature","properties":{"kind":"road","class":"trunk","name":null,"ref":null},"geometry":{"type":"LineString","coordinates":[[15.027408599853516,58.50867201710224],[15.026378631591797,58.5088513579818]]}},{"type":"Feature","properties":{"kind":"road","class":"trunk","name":null,"ref":null},"geometry":{"type":"LineString","coordinates":[[15.013504028320312,58.55491159230536],[15.012130737304688,58.55661304862332],[15.012645721435547,58.55482203968387]]}},{"type":"Feature","properties":{"kind":"road","class":"trunk","name":null,"ref":null},"geometry":{"type":"LineString","coordinates":[[15.000801086425781,58.56485051052647],[15.000286102294922,58.565387669014655],[14.999771118164062,58.5652981431721]]}},{"type":"Feature","properties":{"kind":"road","class":"trunk","name":null,"ref":null},"geometry":{"type":"LineString","coordinates":[[14.979686737060547,58.62648038081804],[14.979686737060547,58.626927225477175]]}},{"type":"Feature","properties":{"kind":"road","class":"trunk","name":null,"ref":null},"geometry":{"type":"LineString","coordinates":[[15.015392303466797,58.521761493305235],[15.01607894897461,58.523912720758204]]}},{"type":"Feature","properties":{"kind":"road","class":"trunk","name":null,"ref":null},"geometry":{"type":"LineString","coordinates":[[15.01504898071289,58.54488027575937],[15.01607894897461,58.54255116657177]]}},{"type":"Feature","properties":{"kind":"road","class":"primary","name":null,"ref":null},"geometry":{"type":"LineString","coordinates":[[14.812660217285156,58.78644174401674],[14.818153381347656,58.79400251832257],[14.820899963378906,58.79631489686497],[14.823474884033203,58.79773782246812],[14.833431243896484,58.80209516920391],[14.840812683105469,58.80760776257088],[14.843902587890625,58.80938583164732],[14.848194122314453,58.81134160236411],[14.855403900146484,58.81356393523012],[14.87548828125,58.819430209826066],[14.855403900146484,58.81356393523012],[14.84853744506836,58.81151939423373],[14.844589233398438,58.80983033467558],[14.840641021728516,58.80751885672461],[14.836864471435547,58.8045848359651],[14.831714630126953,58.8012948812316],[14.823131561279297,58.79764889132721],[14.820556640625,58.79613702706226],[14.818668365478516,58.79462509693238],[14.812660217285156,58.78644174401674],[14.810771942138672,58.7848404275706],[14.80184555053711,58.780569889296885],[14.798240661621094,58.77745562401316],[14.797039031982422,58.77318417747651],[14.79806900024414,58.766865032935385],[14.797725677490234,58.76490675488148],[14.797039031982422,58.76357150201943],[14.7930908203125,58.758942228174476],[14.791202545166016,58.751373818019516],[14.789485931396484,58.748702220987866],[14.78759765625,58.747188224876595],[14.783306121826172,58.74496164024899],[14.781074523925781,58.743358411035445],[14.779701232910156,58.74166603334612],[14.777469635009766,58.73730110028285],[14.775581359863281,58.73516297402725],[14.772491455078125,58.732757424901706],[14.763736724853516,58.72839137385432],[14.761848449707031,58.72660915475541],[14.758930206298828,58.72250970442326],[14.757041931152344,58.72090544023655],[14.754638671875,58.71965762808165]]}},{"type":"Feature","properties":{"kind":"road","class":"primary","name":null,"ref":null},"geometry":{"type":"LineString","coordinates":[[15.033931732177734,58.555538454246744],[15.036163330078125,58.555538454246744],[15.036849975585938,58.55544890322756],[15.038394927978516,58.55535935197943],[15.046119689941406,58.55535935197943],[15.047492980957031,58.55526980050243],[15.048179626464844,58.55518024879652],[15.049724578857422,58.55535935197943],[15.057792663574219,58.55571755559848],[15.06277084350586,58.555986205909335],[15.062942504882812,58.5561653049721],[15.062255859375,58.55876213849473],[15.06448745727539,58.5652981431721],[15.065174102783203,58.56646196127437],[15.067920684814453,58.56869996430453],[15.07101058959961,58.57004269746878],[15.110149383544922,58.5815880773506],[15.119590759277344,58.58391459209929],[15.127315521240234,58.585256741795575],[15.13641357421875,58.58641989656152],[15.151004791259766,58.58758301266499],[15.16387939453125,58.589103952310865],[15.173149108886719,58.58946181085477],[15.184822082519531,58.58847769105165],[15.199756622314453,58.585256741795575],[15.217094421386719,58.582482909018495],[15.228252410888672,58.579171917564594],[15.233230590820312,58.57720307145203],[15.237178802490234,58.57514461392509],[15.240097045898438,58.57290702280025],[15.242671966552734,58.57165390930072],[15.24627685546875,58.57066928865808],[15.253314971923828,58.569595125468425],[15.255374908447266,58.56950561038181]]}},{"type":"Feature","properties":{"kind":"road","class":"primary","name":null,"ref":null},"geometry":{"type":"LineString","coordinates":[[15.036849975585938,58.55526980050243],[15.036849975585938,58.55544890322756]]}},{"type":"Feature","properties":{"kind":"road","class":"primary","name":null,"ref":null},"geometry":{"type":"LineString","coordinates":[[15.036163330078125,58.555538454246744],[15.036163330078125,58.55526980050243]]}},{"type":"Feature","properties":{"kind":"road","class":"primary","name":null,"ref":null},"geometry":{"type":"LineString","coordinates":[[15.049724578857422,58.55535935197943],[15.048351287841797,58.55544890322756],[15.047664642333984,58.555538454246744],[15.046119689941406,58.55535935197943]]}},{"type":"Feature","properties":{"kind":"road","class":"primary","name":null,"ref":null},"geometry":{"type":"LineString","coordinates":[[15.048179626464844,58.55518024879652],[15.048351287841797,58.55544890322756]]}},{"type":"Feature","properties":{"kind":"road","class":"primary","name":null,"ref":null},"geometry":{"type":"LineString","coordinates":[[15.047664642333984,58.555538454246744],[15.047492980957031,58.55526980050243]]}},{"type":"Feature","properties":{"kind":"road","class":"primary","name":null,"ref":null},"geometry":{"type":"LineString","coordinates":[[15.062942504882812,58.5561653049721],[15.06277084350586,58.556075755555156],[15.057792663574219,58.55571755559848]]}},{"type":"Feature","properties":{"kind":"road","class":"primary","name":null,"ref":null},"geometry":{"type":"LineString","coordinates":[[15.06277084350586,58.555986205909335],[15.06277084350586,58.556075755555156],[15.062084197998047,58.55876213849473],[15.06448745727539,58.565387669014655],[15.066204071044922,58.567536220579115],[15.06826400756836,58.568968515056554],[15.076160430908203,58.57165390930072],[15.112037658691406,58.582214461920415],[15.118732452392578,58.58382511362262],[15.127315521240234,58.585346216611754],[15.143795013427734,58.58713566489291],[15.151004791259766,58.587672481533104],[15.16387939453125,58.58919341728995],[15.172977447509766,58.58946181085477],[15.179672241210938,58.589103952310865],[15.186023712158203,58.58838822424241],[15.204219818115234,58.58463041167647],[15.206794738769531,58.584361981050876],[15.217094421386719,58.582482909018495],[15.22378921508789,58.58069322280349],[15.231170654296875,58.57809801523155],[15.237350463867188,58.57514461392509],[15.24026870727539,58.57290702280025],[15.24404525756836,58.57120635789565],[15.249366760253906,58.57022172466705],[15.255374908447266,58.56950561038181],[15.257434844970703,58.56932657952211],[15.263099670410156,58.5697741549551],[15.272712707519531,58.57236997964952],[15.279407501220703,58.57317554128642],[15.287818908691406,58.57299652919113],[15.294685363769531,58.57210145498493],[15.2984619140625,58.57075880076977],[15.301895141601562,58.568431411492924],[15.303611755371094,58.56637243817809],[15.305671691894531,58.56485051052647],[15.308074951171875,58.56368663887105],[15.313739776611328,58.56162738657602],[15.317859649658203,58.55929939036267],[15.319747924804688,58.557687610039096],[15.321121215820312,58.55571755559848],[15.321807861328125,58.55374739037123],[15.320606231689453,58.548015370655605],[15.32094955444336,58.54407406317037],[15.322151184082031,58.54174490040876],[15.32318115234375,58.54066985000969],[15.328330993652344,58.536817315330666],[15.332965850830078,58.53538370597994],[15.34017562866211,58.534129249712095],[15.349960327148438,58.533233182042466],[15.353221893310547,58.5333227898399],[15.358543395996094,58.53484608736076],[15.374679565429688,58.53690691396878],[15.378456115722656,58.53717570850927],[15.381717681884766,58.53663811736752],[15.39459228515625,58.53117213950006],[15.406265258789062,58.52911097581756],[15.409183502197266,58.52830440053029],[15.41656494140625,58.52498828501433],[15.427722930908203,58.517996527814574],[15.435447692871094,58.515934589783484],[15.443172454833984,58.51243798314212],[15.448837280273438,58.50786497180411],[15.457935333251953,58.499075944031006],[15.464115142822266,58.494142362363846],[15.473213195800781,58.48831087216084],[15.479736328125,58.48418338632868]]}},{"type":"Feature","properties":{"kind":"road","class":"primary","name":null,"ref":null},"geometry":{"type":"LineString","coordinates":[[15.02328872680664,58.556075755555156],[15.024490356445312,58.556075755555156],[15.025177001953125,58.556075755555156],[15.02655029296875,58.5561653049721]]}},{"type":"Feature","properties":{"kind":"road","class":"primary","name":null,"ref":null},"geometry":{"type":"LineString","coordinates":[[15.024490356445312,58.55625485416013],[15.024490356445312,58.556075755555156]]}},{"type":"Feature","properties":{"kind":"road","class":"primary","name":null,"ref":null},"geometry":{"type":"LineString","coordinates":[[15.025177001953125,58.556075755555156],[15.025177001953125,58.55625485416013]]}},{"type":"Feature","properties":{"kind":"road","class":"primary","name":null,"ref":null},"geometry":{"type":"LineString","coordinates":[[15.017452239990234,58.555538454246744],[15.013675689697266,58.55464293375411],[15.0128173828125,58.554463826908744],[15.012645721435547,58.55491159230536],[15.013504028320312,58.55491159230536],[15.017452239990234,58.555538454246744],[15.02328872680664,58.556075755555156],[15.024490356445312,58.55625485416013],[15.025177001953125,58.55625485416013],[15.02655029296875,58.5561653049721],[15.033931732177734,58.555538454246744],[15.036163330078125,58.55526980050243],[15.036849975585938,58.55526980050243],[15.038394927978516,58.55535935197943]]}},{"type":"Feature","properties":{"kind":"road","class":"primary","name":null,"ref":null},"geometry":{"type":"LineString","coordinates":[[15.013675689697266,58.55464293375411],[15.013504028320312,58.55491159230536]]}},{"type":"Feature","properties":{"kind":"road","class":"primary","name":null,"ref":null},"geometry":{"type":"LineString","coordinates":[[15.41330337524414,58.819430209826066],[15.412960052490234,58.81871919909261],[15.41433334350586,58.81454171657967],[15.413818359375,58.812230552598436],[15.41433334350586,58.80778557357996],[15.41604995727539,58.80627415095083],[15.419139862060547,58.80547395936952],[15.420684814453125,58.80440700854976],[15.421886444091797,58.802806520794405],[15.424633026123047,58.80182840859743],[15.428581237792969,58.80209516920391],[15.434417724609375,58.800939191763376],[15.436992645263672,58.801205959206385],[15.439910888671875,58.802006249229635],[15.449867248535156,58.80173948793953],[15.453300476074219,58.80111703695326],[15.461883544921875,58.79640383142444],[15.462398529052734,58.79480297448396],[15.464286804199219,58.792935214723315],[15.468063354492188,58.791512092203504],[15.472183227539062,58.79080050906279],[15.479736328125,58.79071156014456]]}},{"type":"Feature","properties":{"kind":"road","class":"primary","name":null,"ref":null},"geometry":{"type":"LineString","coordinates":[[15.479736328125,58.4842731194382],[15.473213195800781,58.48831087216084]]}},{"type":"Feature","properties":{"kind":"rail","class":"rail","name":null,"ref":null},"geometry":{"type":"LineString","coordinates":[[15.02157211303711,58.525705309529826],[15.038566589355469,58.52955906518412]]}},{"type":"Feature","properties":{"kind":"rail","class":"rail","name":null,"ref":null},"geometry":{"type":"LineString","coordinates":[[15.02105712890625,58.5255260547751],[15.017967224121094,58.52480902659525],[15.01556396484375,58.52382308891487],[15.01333236694336,58.52229931253626],[15.012645721435547,58.52095474899869],[15.01230239868164,58.518444759178806],[15.01333236694336,58.51647249834306],[15.018310546875,58.512617304778786],[15.019512176513672,58.510824047178176],[15.037708282470703,58.46120416983922],[15.05350112915039,58.4419834506503]]}},{"type":"Feature","properties":{"kind":"rail","class":"rail","name":null,"ref":null},"geometry":{"type":"LineString","coordinates":[[15.043201446533203,58.531351365399615],[15.041141510009766,58.53027599626242],[15.038566589355469,58.52955906518412],[15.021743774414062,58.52561568226699]]}},{"type":"Feature","properties":{"kind":"rail","class":"rail","name":null,"ref":null},"geometry":{"type":"LineString","coordinates":[[15.043373107910156,58.53153059038317],[15.043888092041016,58.53197864883461]]}},{"type":"Feature","properties":{"kind":"rail","class":"rail","name":null,"ref":null},"geometry":{"type":"LineString","coordinates":[[15.044059753417969,58.53197864883461],[15.04354476928711,58.53153059038317]]}},{"type":"Feature","properties":{"kind":"rail","class":"rail","name":null,"ref":null},"geometry":{"type":"LineString","coordinates":[[15.044403076171875,58.53251631141953],[15.044746398925781,58.533143574016094]]}},{"type":"Feature","properties":{"kind":"rail","class":"rail","name":null,"ref":null},"geometry":{"type":"LineString","coordinates":[[15.044918060302734,58.533143574016094],[15.044403076171875,58.53242670156121]]}},{"type":"Feature","properties":{"kind":"rail","class":"rail","name":null,"ref":null},"geometry":{"type":"LineString","coordinates":[[15.073413848876953,58.57093782430664],[15.075645446777344,58.574339097595384],[15.081653594970703,58.58006681100716],[15.084915161132812,58.58498831597433],[15.08646011352539,58.58919341728995],[15.086116790771484,58.59804931791578],[15.086631774902344,58.600195865304926],[15.089893341064453,58.60520396356503],[15.09521484375,58.61047957695601],[15.09744644165039,58.612088927651854],[15.101051330566406,58.61387700819836],[15.117359161376953,58.619598251324476],[15.145511627197266,58.63345050668303],[15.115985870361328,58.619061924565585],[15.100364685058594,58.613698204259606],[15.096931457519531,58.61182070768095],[15.093841552734375,58.60940663533097],[15.089378356933594,58.60457799050508],[15.08646011352539,58.600195865304926],[15.085945129394531,58.59715488428742],[15.08646011352539,58.58919341728995],[15.084915161132812,58.584898840243056],[15.081653594970703,58.58006681100716],[15.075302124023438,58.57380207641194],[15.073413848876953,58.5710273357318]]}},{"type":"Feature","properties":{"kind":"rail","class":"rail","name":null,"ref":null},"geometry":{"type":"LineString","coordinates":[[15.0732421875,58.570490263748184],[15.063800811767578,58.550344116750836],[15.06174087524414,58.54738837411193],[15.048694610595703,58.537623694830614],[15.0457763671875,58.534666879322515],[15.048351287841797,58.537623694830614],[15.060539245605469,58.546492645304625],[15.062427520751953,58.54819451046484],[15.063800811767578,58.550344116750836],[15.073070526123047,58.57040075094997]]}},{"type":"Feature","properties":{"kind":"rail","class":"rail","name":null,"ref":null},"geometry":{"type":"LineString","coordinates":[[15.150318145751953,58.6374711005395],[15.157356262207031,58.64783316379939],[15.15838623046875,58.65051250726401]]}},{"type":"Feature","properties":{"kind":"rail","class":"rail","name":null,"ref":null},"geometry":{"type":"LineString","coordinates":[[15.146541595458984,58.63416531275294],[15.148773193359375,58.63577357292368]]}},{"type":"Feature","properties":{"kind":"rail","class":"rail","name":null,"ref":null},"geometry":{"type":"LineString","coordinates":[[15.146713256835938,58.63407596279424],[15.148773193359375,58.63577357292368],[15.150318145751953,58.6374711005395],[15.157527923583984,58.64783316379939],[15.15838623046875,58.65051250726401],[15.159931182861328,58.657299256962915],[15.159416198730469,58.6608707004024],[15.151004791259766,58.68077479857507],[15.15066146850586,58.6838977289126],[15.152721405029297,58.71814236747076],[15.152206420898438,58.72562889534399],[15.153236389160156,58.72839137385432],[15.154953002929688,58.73124273456179]]}},{"type":"Feature","properties":{"kind":"rail","class":"rail","name":null,"ref":null},"geometry":{"type":"LineString","coordinates":[[15.164737701416016,58.742289550497304],[15.165767669677734,58.75075046374059]]}},{"type":"Feature","properties":{"kind":"rail","class":"rail","name":null,"ref":null},"geometry":{"type":"LineString","coordinates":[[15.15512466430664,58.73124273456179],[15.153236389160156,58.72839137385432],[15.15237808227539,58.725272430530254],[15.15289306640625,58.71814236747076],[15.150833129882812,58.68336238929493],[15.151004791259766,58.68077479857507]]}},{"type":"Feature","properties":{"kind":"rail","class":"rail","name":null,"ref":null},"geometry":{"type":"LineString","coordinates":[[15.15512466430664,58.73142093684791],[15.162162780761719,58.73783561131296],[15.16387939453125,58.740240809309626]]}},{"type":"Feature","properties":{"kind":"rail","class":"rail","name":null,"ref":null},"geometry":{"type":"LineString","coordinates":[[15.165767669677734,58.750928566103596],[15.16611099243164,58.753421903387675]]}},{"type":"Feature","properties":{"kind":"rail","class":"rail","name":null,"ref":null},"geometry":{"type":"LineString","coordinates":[[15.165939331054688,58.750928566103596],[15.16611099243164,58.753421903387675],[15.165081024169922,58.76339346442782],[15.164909362792969,58.77122625558829],[15.163707733154297,58.77692172192289],[15.159072875976562,58.81098601589082],[15.159244537353516,58.815519470361835],[15.160102844238281,58.819430209826066]]}},{"type":"Feature","properties":{"kind":"rail","class":"rail","name":null,"ref":null},"geometry":{"type":"LineString","coordinates":[[15.165939331054688,58.75075046374059],[15.164737701416016,58.742289550497304],[15.16387939453125,58.740240809309626],[15.162334442138672,58.73783561131296],[15.15512466430664,58.731331835818935]]}},{"type":"Feature","properties":{"kind":"rail","class":"rail","name":null,"ref":null},"geometry":{"type":"LineString","coordinates":[[15.159244537353516,58.815519470361835],[15.159244537353516,58.81098601589082],[15.163707733154297,58.77692172192289]]}},{"type":"Feature","properties":{"kind":"rail","class":"rail","name":null,"ref":null},"geometry":{"type":"LineString","coordinates":[[15.053329467773438,58.4419834506503],[15.037879943847656,58.46057562086088],[15.019340515136719,58.51091371223444],[15.018138885498047,58.51270696525353],[15.013160705566406,58.51647249834306],[15.01230239868164,58.51781723366551],[15.012130737304688,58.51907227346865],[15.012645721435547,58.52140294257049],[15.014190673828125,58.523106025923],[15.017108917236328,58.52462976726005],[15.02105712890625,58.52561568226699]]}},{"type":"Feature","properties":{"kind":"road","class":"trunk","name":null,"ref":null},"geometry":{"type":"LineString","coordinates":[[14.992904663085938,58.76508478471973],[14.993934631347656,58.770425255735915],[14.996681213378906,58.776654767799954],[14.997024536132812,58.77896830203153],[14.996681213378906,58.78048091416434],[14.995651245117188,58.78226037350066],[14.993762969970703,58.7841287076653],[14.9798583984375,58.7921347154855],[14.97161865234375,58.79551447557384],[14.969043731689453,58.79693743399528],[14.96664047241211,58.79889390656152],[14.96337890625,58.802806520794405],[14.961833953857422,58.80387352083483],[14.957714080810547,58.80547395936952],[14.936943054199219,58.81089711870288],[14.93368148803711,58.81240833991123],[14.930763244628906,58.81445282850524],[14.929561614990234,58.815875010356905],[14.928359985351562,58.819430209826066],[14.928359985351562,58.81818593147443],[14.929389953613281,58.815875010356905],[14.930591583251953,58.81445282850524],[14.933509826660156,58.81240833991123],[14.936943054199219,58.81089711870288],[14.957714080810547,58.8055628704567],[14.961490631103516,58.804140265717734],[14.964408874511719,58.802006249229635],[14.968700408935547,58.79738209653701],[14.972305297851562,58.79533660166885],[14.980545043945312,58.791867878303606],[14.99307632446289,58.7847514633803],[14.994792938232422,58.783328005333175],[14.996681213378906,58.7806588642014],[14.997024536132812,58.77959115030063],[14.99685287475586,58.77718867399395],[14.99410629272461,58.770425255735915],[14.992904663085938,58.76508478471973],[14.990158081054688,58.75297667770201],[14.984321594238281,58.74603041866317],[14.983291625976562,58.74389282898571],[14.982776641845703,58.739973573300915],[14.985179901123047,58.73124273456179],[14.983634948730469,58.72741116464539],[14.976081848144531,58.71921197004286],[14.968528747558594,58.71430935503432],[14.964237213134766,58.709495206753616],[14.96286392211914,58.70717704611462],[14.964408874511719,58.7017376788757],[14.967498779296875,58.69736773583526],[14.967670440673828,58.69638665287127],[14.963207244873047,58.68122094860888],[14.963722229003906,58.678365489729316],[14.964923858642578,58.67658070916539],[14.968185424804688,58.67372487023172],[14.9688720703125,58.67131507420075],[14.968185424804688,58.6680124906666],[14.96561050415039,58.66390613991442],[14.964580535888672,58.66069213691236],[14.961490631103516,58.65578128280342],[14.955310821533203,58.64899423788495],[14.954795837402344,58.6472079540647],[14.95513916015625,58.64515361466678],[14.956855773925781,58.64166989330434],[14.957542419433594,58.63872185756358],[14.95840072631836,58.63684570522818],[14.960289001464844,58.6346120591179],[14.965095520019531,58.632110205871896],[14.971790313720703,58.63050177700876],[14.975738525390625,58.628982637298805],[14.979171752929688,58.62674848829934],[14.98037338256836,58.625139812549264],[14.980201721191406,58.622994796327646],[14.97934341430664,58.620670880149646],[14.979515075683594,58.6186149793123],[14.986038208007812,58.60761832611203],[14.98586654663086,58.602252849598585],[14.988269805908203,58.59590263878124],[14.98861312866211,58.59268237304582],[14.988269805908203,58.58981966573853],[14.986896514892578,58.58480936428296],[14.986209869384766,58.579529877687236],[14.986724853515625,58.57675559098192],[14.98758316040039,58.574786608955634],[14.9908447265625,58.57093782430664],[14.993934631347656,58.56861044692951],[15.003204345703125,58.5635075782603],[15.007495880126953,58.5611797070126],[15.010757446289062,58.55831442231042],[15.012130737304688,58.55661304862332],[15.01007080078125,58.55894122336625],[15.00732421875,58.56109017041328],[15.003204345703125,58.5635075782603],[14.994449615478516,58.56834189343135],[14.991016387939453,58.57093782430664],[14.98809814453125,58.57424959463685],[14.986896514892578,58.57675559098192],[14.986209869384766,58.58069322280349],[14.98861312866211,58.591877260291454],[14.988441467285156,58.59590263878124],[14.986209869384766,58.6017162566645],[14.98586654663086,58.60439913900112],[14.986209869384766,58.60779716115019],[14.979686737060547,58.61834680941661],[14.979686737060547,58.62165409431748],[14.980201721191406,58.622994796327646],[14.980716705322266,58.624335446897845],[14.980545043945312,58.625139812549264],[14.97934341430664,58.626837857002585],[14.97659683227539,58.62862518306014],[14.971790313720703,58.63050177700876]]}},{"type":"Feature","properties":{"kind":"road","class":"trunk","name":null,"ref":null},"geometry":{"type":"LineString","coordinates":[[15.013675689697266,58.51934120472859],[15.014705657958984,58.52185113041634],[15.018310546875,58.52713931458902],[15.018997192382812,58.529648682370436],[15.018138885498047,58.53305396576067],[15.017623901367188,58.53807167542766],[15.01607894897461,58.5430886670442]]}},{"type":"Feature","properties":{"kind":"road","class":"trunk","name":null,"ref":null},"geometry":{"type":"LineString","coordinates":[[15.014877319335938,58.54720923018195],[15.017623901367188,58.537713291407954],[15.017967224121094,58.53296435727631],[15.01882553100586,58.529648682370436],[15.018138885498047,58.52713931458902],[15.015392303466797,58.523374926262704]]}},{"type":"Feature","properties":{"kind":"road","class":"trunk","name":null,"ref":null},"geometry":{"type":"LineString","coordinates":[[15.015392303466797,58.523374926262704],[15.013504028320312,58.518982629257266],[15.013675689697266,58.517368994284396],[15.015220642089844,58.515396672977715],[15.024147033691406,58.50947904384401],[15.027408599853516,58.507057907949445],[15.029296875,58.50499532712371],[15.029983520507812,58.50275325398036],[15.029468536376953,58.50095949236453],[15.026721954345703,58.496833492836686],[15.02655029296875,58.49306585242962],[15.030670166015625,58.48247841370133],[15.032215118408203,58.479875927537734],[15.034103393554688,58.47790149910463],[15.037364959716797,58.47583720530545],[15.044231414794922,58.472875180659145],[15.04800796508789,58.47018221435306],[15.050239562988281,58.46686060508961],[15.051097869873047,58.46264081103041],[15.05075454711914,58.459767469951544],[15.048351287841797,58.451595123001084],[15.049552917480469,58.447912456042786],[15.05401611328125,58.4419834506503]]}},{"type":"Feature","properties":{"kind":"road","class":"trunk","name":null,"ref":null},"geometry":{"type":"LineString","coordinates":[[15.01607894897461,58.5430886670442],[15.014705657958984,58.549358896904494],[15.012130737304688,58.55661304862332],[15.012989044189453,58.554732486833416],[15.014877319335938,58.54720923018195]]}},{"type":"Feature","properties":{"kind":"road","class":"trunk","name":null,"ref":null},"geometry":{"type":"LineString","coordinates":[[15.054359436035156,58.4419834506503],[15.050926208496094,58.44620572356084],[15.048866271972656,58.44979874825384],[15.048694610595703,58.45276271739692],[15.050926208496094,58.45985726541414],[15.050926208496094,58.46425696221161],[15.049896240234375,58.467937918157844],[15.047664642333984,58.470720824119724],[15.04354476928711,58.473323988318384],[15.039596557617188,58.474939648440625],[15.034961700439453,58.47736299936892],[15.03204345703125,58.48041438876595],[15.029640197753906,58.48472178154796],[15.026721954345703,58.49306585242962],[15.02655029296875,58.49638498541265],[15.029640197753906,58.5013182520195],[15.029983520507812,58.50347073296575],[15.029468536376953,58.50499532712371],[15.028438568115234,58.50634050227782],[15.014533996582031,58.516203545094044],[15.013847351074219,58.517548290723994],[15.013675689697266,58.51934120472859]]}},{"type":"Feature","properties":{"kind":"rail","class":"rail","name":null,"ref":null},"geometry":{"type":"LineString","coordinates":[[15.02105712890625,58.52561568226699],[15.02157211303711,58.525705309529826]]}},{"type":"Feature","properties":{"kind":"rail","class":"rail","name":null,"ref":null},"geometry":{"type":"LineString","coordinates":[[15.021743774414062,58.52561568226699],[15.02105712890625,58.5255260547751]]}},{"type":"Feature","properties":{"kind":"rail","class":"rail","name":null,"ref":null},"geometry":{"type":"LineString","coordinates":[[15.04354476928711,58.53153059038317],[15.043201446533203,58.531351365399615],[15.043373107910156,58.53153059038317]]}},{"type":"Feature","properties":{"kind":"rail","class":"rail","name":null,"ref":null},"geometry":{"type":"LineString","coordinates":[[15.043888092041016,58.53197864883461],[15.044403076171875,58.53251631141953]]}},{"type":"Feature","properties":{"kind":"rail","class":"rail","name":null,"ref":null},"geometry":{"type":"LineString","coordinates":[[15.044403076171875,58.53242670156121],[15.044059753417969,58.53197864883461]]}},{"type":"Feature","properties":{"kind":"rail","class":"rail","name":null,"ref":null},"geometry":{"type":"LineString","coordinates":[[15.044746398925781,58.533143574016094],[15.0457763671875,58.534666879322515],[15.044918060302734,58.533143574016094]]}},{"type":"Feature","properties":{"kind":"rail","class":"rail","name":null,"ref":null},"geometry":{"type":"LineString","coordinates":[[15.073413848876953,58.5710273357318],[15.0732421875,58.570490263748184]]}},{"type":"Feature","properties":{"kind":"rail","class":"rail","name":null,"ref":null},"geometry":{"type":"LineString","coordinates":[[15.073070526123047,58.57040075094997],[15.073413848876953,58.57093782430664]]}},{"type":"Feature","properties":{"kind":"rail","class":"rail","name":null,"ref":null},"geometry":{"type":"LineString","coordinates":[[15.146713256835938,58.63407596279424],[15.145511627197266,58.63345050668303],[15.146541595458984,58.63416531275294]]}},{"type":"Feature","properties":{"kind":"rail","class":"rail","name":null,"ref":null},"geometry":{"type":"LineString","coordinates":[[15.154953002929688,58.73124273456179],[15.15512466430664,58.73142093684791]]}},{"type":"Feature","properties":{"kind":"rail","class":"rail","name":null,"ref":null},"geometry":{"type":"LineString","coordinates":[[15.15512466430664,58.731331835818935],[15.15512466430664,58.73124273456179]]}},{"type":"Feature","properties":{"kind":"rail","class":"rail","name":null,"ref":null},"geometry":{"type":"LineString","coordinates":[[15.165939331054688,58.750928566103596],[15.165939331054688,58.75075046374059]]}},{"type":"Feature","properties":{"kind":"rail","class":"rail","name":null,"ref":null},"geometry":{"type":"LineString","coordinates":[[15.165767669677734,58.75075046374059],[15.165767669677734,58.750928566103596]]}},{"type":"Feature","properties":{"kind":"rail","class":"rail","name":null,"ref":null},"geometry":{"type":"LineString","coordinates":[[15.145854949951172,58.33941560020088],[15.145854949951172,58.33914529108969],[15.145683288574219,58.33941560020088]]}},{"type":"Feature","properties":{"kind":"road","class":"trunk","name":null,"ref":null},"geometry":{"type":"LineString","coordinates":[[15.093326568603516,58.327970705111],[15.092296600341797,58.329953550786854],[15.092811584472656,58.33157579633374],[15.093669891357422,58.33265725199945],[15.095558166503906,58.33373867457345],[15.102596282958984,58.33608164329712],[15.104312896728516,58.337072852533],[15.105171203613281,58.33815413998903],[15.106201171875,58.34563213901387],[15.11117935180664,58.35959283935074],[15.111522674560547,58.3626544484645],[15.104656219482422,58.3773284753274],[15.104312896728516,58.380478544292686],[15.105857849121094,58.39253620858648],[15.10568618774414,58.3943355064271],[15.104827880859375,58.39595479597594],[15.103111267089844,58.39757401115119],[15.10019302368164,58.39937305189804],[15.095901489257812,58.40135189067493],[15.090923309326172,58.40324067860357],[15.085601806640625,58.405758905059315],[15.082340240478516,58.40791724166499],[15.079421997070312,58.41070489746636],[15.071868896484375,58.41978573020373],[15.066204071044922,58.42769583475399],[15.052814483642578,58.443420877031514],[15.049552917480469,58.447912456042786],[15.048351287841797,58.451595123001084],[15.04903793334961,58.45348121776237],[15.048694610595703,58.45276271739692],[15.048866271972656,58.44979874825384],[15.050926208496094,58.44620572356084],[15.067577362060547,58.42598812166452],[15.072040557861328,58.41978573020373],[15.08148193359375,58.40872658381116],[15.08474349975586,58.40629850160397],[15.087833404541016,58.40467968718295],[15.096073150634766,58.40135189067493],[15.101051330566406,58.398923300318984],[15.103797912597656,58.39721419198392],[15.105857849121094,58.3943355064271],[15.106029510498047,58.39253620858648],[15.104484558105469,58.380478544292686],[15.104827880859375,58.3773284753274],[15.105857849121094,58.374268138984576],[15.1116943359375,58.36274449177185],[15.111351013183594,58.35950278800428],[15.106372833251953,58.34563213901387],[15.10568618774414,58.33905518759306],[15.105171203613281,58.33788382122708],[15.104141235351562,58.336802525498854],[15.100879669189453,58.33536074638883],[15.095558166503906,58.33364855728951],[15.093841552734375,58.33265725199945],[15.09246826171875,58.33013380396906],[15.093326568603516,58.327970705111],[15.09469985961914,58.325807473875216],[15.094528198242188,58.325266645381674],[15.094871520996094,58.32535678403852],[15.09469985961914,58.325807473875216]]}},{"type":"Feature","properties":{"kind":"road","class":"motorway","name":null,"ref":null},"geometry":{"type":"LineString","coordinates":[[15.089035034179688,58.324906088455975],[15.093154907226562,58.32544692246552],[15.094528198242188,58.32535678403852]]}},{"type":"Feature","properties":{"kind":"road","class":"motorway","name":null,"ref":null},"geometry":{"type":"LineString","coordinates":[[15.094528198242188,58.324906088455975],[15.095386505126953,58.3255370606627],[15.096931457519531,58.32752004285362],[15.098648071289062,58.32851149223575]]}},{"type":"Feature","properties":{"kind":"road","class":"motorway","name":null,"ref":null},"geometry":{"type":"LineString","coordinates":[[15.094871520996094,58.32535678403852],[15.095386505126953,58.3255370606627]]}},{"type":"Feature","properties":{"kind":"road","class":"motorway","name":null,"ref":null},"geometry":{"type":"LineString","coordinates":[[15.093154907226562,58.32544692246552],[15.094184875488281,58.32517650649501],[15.094356536865234,58.32472580861412]]}},{"type":"Feature","properties":{"kind":"road","class":"motorway","name":null,"ref":null},"geometry":{"type":"LineString","coordinates":[[15.094528198242188,58.32697924056055],[15.093154907226562,58.32661870110198],[15.092124938964844,58.32679897129091],[15.092296600341797,58.32742990971266],[15.093498229980469,58.327700308446055]]}},{"type":"Feature","properties":{"kind":"road","class":"motorway","name":null,"ref":null},"geometry":{"type":"LineString","coordinates":[[15.093498229980469,58.32779044089753],[15.092296600341797,58.32761017576473]]}},{"type":"Feature","properties":{"kind":"road","class":"motorway","name":null,"ref":null},"geometry":{"type":"LineString","coordinates":[[15.09298324584961,58.328421361622844],[15.09298324584961,58.327970705111],[15.092296600341797,58.32761017576473],[15.090408325195312,58.325717336367546],[15.088005065917969,58.32472580861412]]}},{"type":"Feature","properties":{"kind":"road","class":"motorway","name":null,"ref":null},"geometry":{"type":"LineString","coordinates":[[14.916000366210938,58.293703995384135],[14.920291900634766,58.2937942145048],[14.92218017578125,58.29325289633144],[14.921150207519531,58.29361377603351],[14.920806884765625,58.294064870487006],[14.92269515991211,58.29478660965469]]}},{"type":"Feature","properties":{"kind":"road","class":"motorway","name":null,"ref":null},"geometry":{"type":"LineString","coordinates":[[14.92990493774414,58.296771316481056],[14.92767333984375,58.296500681194715],[14.924068450927734,58.296771316481056],[14.922866821289062,58.29659089318676],[14.92441177368164,58.296681104948874],[14.925098419189453,58.29613983092693],[14.924583435058594,58.2955985486268],[14.922866821289062,58.29505725804833]]}},{"type":"Feature","properties":{"kind":"road","class":"motorway","name":null,"ref":null},"geometry":{"type":"LineString","coordinates":[[15.169200897216797,58.33941560020088],[15.174007415771484,58.34211857757518],[15.177783966064453,58.34365017296204]]}},{"type":"Feature","properties":{"kind":"road","class":"motorway","name":null,"ref":null},"geometry":{"type":"LineString","coordinates":[[15.165596008300781,58.341127509882284],[15.168342590332031,58.3412176080941],[15.170574188232422,58.34058691578613]]}},{"type":"Feature","properties":{"kind":"road","class":"motorway","name":null,"ref":null},"geometry":{"type":"LineString","coordinates":[[15.184135437011719,58.34572222573766],[15.18087387084961,58.34500152551402],[15.175552368164062,58.34500152551402],[15.176753997802734,58.34482134816059],[15.177268981933594,58.344280810586156],[15.176753997802734,58.34365017296204],[15.174694061279297,58.34292943046319]]}},{"type":"Feature","properties":{"kind":"road","class":"motorway","name":null,"ref":null},"geometry":{"type":"LineString","coordinates":[[15.207481384277344,58.353378757560336],[15.20456314086914,58.352207866090225]]}},{"type":"Feature","properties":{"kind":"road","class":"motorway","name":null,"ref":null},"geometry":{"type":"LineString","coordinates":[[15.21383285522461,58.35445954599783],[15.210742950439453,58.35400922150225]]}},{"type":"Feature","properties":{"kind":"road","class":"motorway","name":null,"ref":null},"geometry":{"type":"LineString","coordinates":[[15.29022216796875,58.36832672827322],[15.292797088623047,58.36868684224763],[15.297431945800781,58.36850678571972],[15.2984619140625,58.369407059172886],[15.299148559570312,58.37039733344611],[15.300865173339844,58.371387579931564],[15.302753448486328,58.37192770266614]]}},{"type":"Feature","properties":{"kind":"road","class":"motorway","name":null,"ref":null},"geometry":{"type":"LineString","coordinates":[[15.29897689819336,58.367426427260966],[15.2984619140625,58.369407059172886]]}},{"type":"Feature","properties":{"kind":"road","class":"motorway","name":null,"ref":null},"geometry":{"type":"LineString","coordinates":[[15.302410125732422,58.37210774174051],[15.299663543701172,58.3718376827845],[15.296058654785156,58.3718376827845],[15.294513702392578,58.37129755867207],[15.295543670654297,58.3715676217617],[15.296573638916016,58.37165764233228],[15.297260284423828,58.37129755867207],[15.297088623046875,58.37084744892971],[15.295543670654297,58.37012726140017]]}},{"type":"Feature","properties":{"kind":"road","class":"motorway","name":null,"ref":null},"geometry":{"type":"LineString","coordinates":[[15.295372009277344,58.3707574262923],[15.295543670654297,58.3715676217617]]}},{"type":"Feature","properties":{"kind":"road","class":"trunk","name":null,"ref":null},"geometry":{"type":"LineString","coordinates":[[15.094013214111328,58.40216138360998],[15.093326568603516,58.40270103523815],[15.09298324584961,58.40369037509632]]}},{"type":"Feature","properties":{"kind":"road","class":"trunk","name":null,"ref":null},"geometry":{"type":"LineString","coordinates":[[15.09246826171875,58.40378031370631],[15.090579986572266,58.40378031370631],[15.088691711425781,58.40431994054646]]}},{"type":"Feature","properties":{"kind":"road","class":"trunk","name":null,"ref":null},"geometry":{"type":"LineString","coordinates":[[15.089893341064453,58.40279097637284],[15.090065002441406,58.40324067860357],[15.09195327758789,58.402880917278054]]}},{"type":"Feature","properties":{"kind":"road","class":"trunk","name":null,"ref":null},"geometry":{"type":"LineString","coordinates":[[15.088691711425781,58.40423000331356],[15.089550018310547,58.403420557889206],[15.089378356933594,58.40279097637284]]}},{"type":"Feature","properties":{"kind":"road","class":"trunk","name":null,"ref":null},"geometry":{"type":"LineString","coordinates":[[15.106544494628906,58.372827888852186],[15.106544494628906,58.3712075371829]]}},{"type":"Feature","properties":{"kind":"road","class":"trunk","name":null,"ref":null},"geometry":{"type":"LineString","coordinates":[[15.106372833251953,58.3709374713375],[15.108776092529297,58.368236699205454]]}},{"type":"Feature","properties":{"kind":"road","class":"trunk","name":null,"ref":null},"geometry":{"type":"LineString","coordinates":[[15.108776092529297,58.3709374713375],[15.106887817382812,58.37255783540763]]}},{"type":"Feature","properties":{"kind":"road","class":"trunk","name":null,"ref":null},"geometry":{"type":"LineString","coordinates":[[15.108776092529297,58.36859681409851],[15.108776092529297,58.370667403425216]]}},{"type":"Feature","properties":{"kind":"road","class":"trunk","name":null,"ref":null},"geometry":{"type":"LineString","coordinates":[[15.105514526367188,58.33950570277841],[15.104999542236328,58.33815413998903],[15.10345458984375,58.337433285361556]]}},{"type":"Feature","properties":{"kind":"road","class":"trunk","name":null,"ref":null},"geometry":{"type":"LineString","coordinates":[[15.100879669189453,58.33536074638883],[15.104999542236328,58.336532196396604]]}},{"type":"Feature","properties":{"kind":"road","class":"trunk","name":null,"ref":null},"geometry":{"type":"LineString","coordinates":[[15.105171203613281,58.336802525498854],[15.10568618774414,58.33905518759306]]}},{"type":"Feature","properties":{"kind":"road","class":"trunk","name":null,"ref":null},"geometry":{"type":"LineString","coordinates":[[15.103111267089844,58.33725306940687],[15.102424621582031,58.336261865226305],[15.10019302368164,58.33527063324124]]}},{"type":"Feature","properties":{"kind":"road","class":"primary","name":null,"ref":null},"geometry":{"type":"LineString","coordinates":[[15.096588134765625,58.275836078578806],[15.096073150634766,58.275475017639025]]}},{"type":"Feature","properties":{"kind":"road","class":"primary","name":null,"ref":null},"geometry":{"type":"LineString","coordinates":[[14.971961975097656,58.079782360070396],[14.972476959228516,58.07987312382642],[14.972305297851562,58.08014541370966]]}},{"type":"Feature","properties":{"kind":"road","class":"primary","name":null,"ref":null},"geometry":{"type":"LineString","coordinates":[[15.055217742919922,58.19595209599038],[15.055046081542969,58.19595209599038]]}},{"type":"Feature","properties":{"kind":"road","class":"primary","name":null,"ref":null},"geometry":{"type":"LineString","coordinates":[[15.093841552734375,58.3227426696765],[15.094013214111328,58.32265252435437]]}},{"type":"Feature","properties":{"kind":"road","class":"primary","name":null,"ref":null},"geometry":{"type":"LineString","coordinates":[[14.967155456542969,58.13755213323125],[14.96835708618164,58.13981748408298]]}},{"type":"Feature","properties":{"kind":"road","class":"primary","name":null,"ref":null},"geometry":{"type":"LineString","coordinates":[[14.97934341430664,58.105096498136476],[14.981746673583984,58.102466115952836],[14.98260498046875,58.10001696501027],[14.982261657714844,58.09765836438689],[14.98037338256836,58.09157971311768]]}},{"type":"Feature","properties":{"kind":"road","class":"primary","name":null,"ref":null},"geometry":{"type":"LineString","coordinates":[[14.97488021850586,58.08205138472829],[14.972476959228516,58.08014541370966],[14.966812133789062,58.07678702663273],[14.963722229003906,58.07442688991239],[14.961318969726562,58.07206659714794],[14.96612548828125,58.07642393883225],[14.97213363647461,58.08005465064605],[14.97488021850586,58.08205138472829],[14.976425170898438,58.08386650059242],[14.9798583984375,58.09067236289172],[14.98037338256836,58.09157971311768],[14.982776641845703,58.09929125835464],[14.982261657714844,58.101921874723644],[14.97934341430664,58.105096498136476],[14.977970123291016,58.10645696450945],[14.976425170898438,58.10881498325611],[14.976425170898438,58.11126352996695],[14.978485107421875,58.11652280241148],[14.978656768798828,58.11842683040234],[14.977970123291016,58.120512077678455],[14.97213363647461,58.126585798257196],[14.971275329589844,58.12794544460658],[14.968700408935547,58.13030204202451],[14.967327117919922,58.13220533382352],[14.966812133789062,58.13347413852432],[14.967155456542969,58.13755213323125],[14.967498779296875,58.13882074746283],[14.96835708618164,58.13981748408298],[14.970073699951172,58.141357840346444],[14.973678588867188,58.14344174570036],[14.979686737060547,58.148696269797995],[14.992733001708984,58.1536782917627],[14.994621276855469,58.15512747630527],[15.000114440917969,58.162553620911495],[15.008010864257812,58.169978215738325],[15.010414123535156,58.173146778247116],[15.014190673828125,58.176224540089265],[15.021743774414062,58.1806596694619],[15.026206970214844,58.185546722280435],[15.028610229492188,58.187628040760785],[15.03255844116211,58.189256813689724],[15.042858123779297,58.191156954433694],[15.045089721679688,58.192514135621934],[15.04629135131836,58.19387126497796],[15.048179626464844,58.194956931144446],[15.055046081542969,58.1958616276107],[15.057106018066406,58.196856767117936],[15.062255859375,58.199208804247604],[15.063800811767578,58.20020385000507],[15.064659118652344,58.202103405422804],[15.064830780029297,58.20436464848231],[15.064830780029297,58.20807277548218],[15.063457489013672,58.216120792064686],[15.063972473144531,58.219556468204985],[15.065689086914062,58.222178207879125],[15.077018737792969,58.2352840018616],[15.083198547363281,58.248294621168895],[15.083541870117188,58.25660446278803],[15.084056854248047,58.258410692364606],[15.087146759033203,58.2620228753984],[15.09298324584961,58.26653758649675],[15.095386505126953,58.27041977801608],[15.09572982788086,58.274211275365616],[15.096588134765625,58.275836078578806],[15.101394653320312,58.28179305272772],[15.107402801513672,58.28648572062963],[15.115642547607422,58.29623004383882],[15.117015838623047,58.29875591201261],[15.117015838623047,58.301010999118034],[15.114097595214844,58.30669318126803],[15.112552642822266,58.30822631217359],[15.110492706298828,58.309218302648674],[15.106887817382812,58.31012008803219],[15.103282928466797,58.31138254894694],[15.096244812011719,58.316972905678426],[15.094528198242188,58.319136677508595],[15.093841552734375,58.322291940767315],[15.093841552734375,58.3227426696765],[15.093841552734375,58.32301310426391],[15.094356536865234,58.322922959631285],[15.094013214111328,58.32265252435437],[15.093841552734375,58.322291940767315]]}},{"type":"Feature","properties":{"kind":"road","class":"primary","name":null,"ref":null},"geometry":{"type":"LineString","coordinates":[[15.064830780029297,58.20436464848231],[15.064144134521484,58.200837046430564],[15.062255859375,58.199208804247604]]}},{"type":"Feature","properties":{"kind":"road","class":"primary","name":null,"ref":null},"geometry":{"type":"LineString","coordinates":[[15.04629135131836,58.19387126497796],[15.04852294921875,58.194956931144446],[15.053672790527344,58.195409282257],[15.055217742919922,58.19577115900066],[15.057106018066406,58.196856767117936]]}},{"type":"Feature","properties":{"kind":"road","class":"primary","name":null,"ref":null},"geometry":{"type":"LineString","coordinates":[[15.094184875488281,58.322922959631285],[15.094184875488281,58.323914537948895],[15.094528198242188,58.325266645381674]]}},{"type":"Feature","properties":{"kind":"road","class":"primary","name":null,"ref":null},"geometry":{"type":"LineString","coordinates":[[15.09469985961914,58.325266645381674],[15.094184875488281,58.323914537948895],[15.093841552734375,58.32301310426391]]}},{"type":"Feature","properties":{"kind":"rail","class":"rail","name":null,"ref":null},"geometry":{"type":"LineString","coordinates":[[15.044059753417969,58.45348121776237],[15.060710906982422,58.433357659263635],[15.08646011352539,58.40054237914825]]}},{"type":"Feature","properties":{"kind":"rail","class":"rail","name":null,"ref":null},"geometry":{"type":"LineString","coordinates":[[15.08646011352539,58.400362485173076],[15.087661743164062,58.39883334931457],[15.08646011352539,58.400272537841204]]}},{"type":"Feature","properties":{"kind":"rail","class":"rail","name":null,"ref":null},"geometry":{"type":"LineString","coordinates":[[15.086288452148438,58.40054237914825],[15.059852600097656,58.43416641700986],[15.043888092041016,58.45348121776237]]}},{"type":"Feature","properties":{"kind":"rail","class":"rail","name":null,"ref":null},"geometry":{"type":"LineString","coordinates":[[14.971446990966797,58.14199208532236],[14.98809814453125,58.15141382277281],[14.995307922363281,58.1542217428817],[15.001659393310547,58.157120008696666],[15.009899139404297,58.15929355315697],[15.012645721435547,58.16028971666353],[15.035991668701172,58.17133620566662],[15.047149658203125,58.179935604495995],[15.048351287841797,58.182469767361596],[15.049209594726562,58.187266081084175],[15.05075454711914,58.189709237367595]]}},{"type":"Feature","properties":{"kind":"rail","class":"rail","name":null,"ref":null},"geometry":{"type":"LineString","coordinates":[[14.96938705444336,58.1403611468437],[14.967842102050781,58.13845829086546],[14.967155456542969,58.13456164943702],[14.967842102050781,58.13184280989296],[14.969558715820312,58.129848862320756],[14.97762680053711,58.12241589254316],[14.97934341430664,58.11996811189158],[14.979515075683594,58.11679481263812],[14.976768493652344,58.11099147752623],[14.977283477783203,58.10818014739675],[14.979000091552734,58.10573138890376],[14.986381530761719,58.099926252485915],[14.988269805908203,58.09783980074181],[14.99135971069336,58.09203337957692],[14.991016387939453,58.08876685230112],[14.986381530761719,58.08059922556549],[14.985523223876953,58.07642393883225]]}},{"type":"Feature","properties":{"kind":"rail","class":"rail","name":null,"ref":null},"geometry":{"type":"LineString","coordinates":[[14.97762680053711,58.12241589254316],[14.96938705444336,58.129848862320756],[14.967842102050781,58.13184280989296],[14.966983795166016,58.13456164943702],[14.967842102050781,58.138548905360665],[14.96938705444336,58.1403611468437],[14.971446990966797,58.14199208532236],[14.98809814453125,58.15150440429872],[14.995307922363281,58.1542217428817]]}},{"type":"Feature","properties":{"kind":"rail","class":"rail","name":null,"ref":null},"geometry":{"type":"LineString","coordinates":[[15.050926208496094,58.189709237367595],[15.049209594726562,58.187266081084175],[15.04852294921875,58.182469767361596],[15.047149658203125,58.179935604495995],[15.044746398925781,58.17767280643022],[15.035991668701172,58.17133620566662],[15.0128173828125,58.16028971666353],[15.009899139404297,58.15920299145523],[15.001659393310547,58.157120008696666]]}},{"type":"Feature","properties":{"kind":"rail","class":"rail","name":null,"ref":null},"geometry":{"type":"LineString","coordinates":[[15.051097869873047,58.189890205226106],[15.055904388427734,58.1953188124952],[15.057621002197266,58.1966758347352],[15.059852600097656,58.197851878753056],[15.066547393798828,58.20056567791593],[15.069122314453125,58.20201295270621],[15.070838928222656,58.203731514935924],[15.071697235107422,58.205269105400134],[15.072040557861328,58.20743970803531],[15.071353912353516,58.219918098983044],[15.071697235107422,58.221907002409836],[15.07272720336914,58.22344380600316],[15.077362060546875,58.22760188211089],[15.085945129394531,58.23148833880538],[15.097103118896484,58.238627463838185]]}},{"type":"Feature","properties":{"kind":"rail","class":"rail","name":null,"ref":null},"geometry":{"type":"LineString","coordinates":[[15.097103118896484,58.238537104144314],[15.085945129394531,58.231397960926074],[15.077362060546875,58.22751149433219],[15.07272720336914,58.22344380600316],[15.071353912353516,58.219918098983044],[15.072212219238281,58.20743970803531],[15.071525573730469,58.20463598797599],[15.06998062133789,58.20273656798983],[15.067920684814453,58.20119886789209],[15.059852600097656,58.197851878753056],[15.057621002197266,58.19676630104175],[15.055732727050781,58.1953188124952],[15.050926208496094,58.189890205226106]]}},{"type":"Feature","properties":{"kind":"rail","class":"rail","name":null,"ref":null},"geometry":{"type":"LineString","coordinates":[[15.10345458984375,58.2490172934161],[15.10396957397461,58.24648787611068],[15.10345458984375,58.24413896990504],[15.100536346435547,58.24088638137684],[15.097274780273438,58.23871782330187],[15.10122299194336,58.24160920460622],[15.103282928466797,58.24413896990504],[15.10396957397461,58.24648787611068],[15.103282928466797,58.2490172934161]]}},{"type":"Feature","properties":{"kind":"rail","class":"rail","name":null,"ref":null},"geometry":{"type":"LineString","coordinates":[[15.133495330810547,58.3083164942754],[15.134010314941406,58.30615206037896],[15.131263732910156,58.29686152778331],[15.129718780517578,58.294606176242524],[15.125770568847656,58.29135821753002],[15.124740600585938,58.28982435564879],[15.124053955078125,58.28801972716795],[15.123538970947266,58.28287603128976],[15.121479034423828,58.279085461416116],[15.119247436523438,58.27655818941673],[15.11117935180664,58.27222530355462],[15.102596282958984,58.26590556156944],[15.094528198242188,58.26148107141282],[15.093498229980469,58.25940407939916],[15.093841552734375,58.25732696566374],[15.096073150634766,58.25534004731861],[15.10122299194336,58.2516368568437],[15.103282928466797,58.24910762641139],[15.101051330566406,58.2516368568437],[15.095901489257812,58.25524973020211],[15.093841552734375,58.25732696566374]]}},{"type":"Feature","properties":{"kind":"rail","class":"rail","name":null,"ref":null},"geometry":{"type":"LineString","coordinates":[[15.13040542602539,58.31390733560258],[15.129890441894531,58.316792585382785],[15.132122039794922,58.322832814768844],[15.132980346679688,58.32499622803215],[15.135211944580078,58.32724964274129],[15.145511627197266,58.33112518003958],[15.15237808227539,58.33292761074526]]}},{"type":"Feature","properties":{"kind":"rail","class":"rail","name":null,"ref":null},"geometry":{"type":"LineString","coordinates":[[15.132808685302734,58.32499622803215],[15.135383605957031,58.32742990971266],[15.142593383789062,58.33040418201878],[15.14413833618164,58.331756041242755],[15.145339965820312,58.334910178352885]]}},{"type":"Feature","properties":{"kind":"rail","class":"rail","name":null,"ref":null},"geometry":{"type":"LineString","coordinates":[[15.132122039794922,58.322832814768844],[15.129890441894531,58.316612264167674],[15.13040542602539,58.31390733560258],[15.133495330810547,58.3083164942754],[15.13418197631836,58.30615206037896],[15.131778717041016,58.29812446187006],[15.130233764648438,58.29532790437236],[15.12594223022461,58.29135821753002],[15.124740600585938,58.28982435564879],[15.123538970947266,58.28287603128976],[15.121650695800781,58.279085461416116],[15.119247436523438,58.27655818941673],[15.112037658691406,58.272676670561225],[15.103111267089844,58.26626672005119],[15.09469985961914,58.26148107141282],[15.093498229980469,58.25940407939916]]}},{"type":"Feature","properties":{"kind":"rail","class":"rail","name":null,"ref":null},"geometry":{"type":"LineString","coordinates":[[15.15237808227539,58.33283749139312],[15.145511627197266,58.33112518003958],[15.135211944580078,58.32715950891085],[15.132980346679688,58.32499622803215]]}},{"type":"Feature","properties":{"kind":"rail","class":"rail","name":null,"ref":null},"geometry":{"type":"LineString","coordinates":[[15.145854949951172,58.33914529108969],[15.146026611328125,58.33725306940687],[15.145683288574219,58.33554097199465]]}},{"type":"Feature","properties":{"kind":"rail","class":"rail","name":null,"ref":null},"geometry":{"type":"LineString","coordinates":[[15.145683288574219,58.33941560020088],[15.144481658935547,58.34130770607618],[15.14190673828125,58.343289803550704],[15.12765884399414,58.3508567892286]]}},{"type":"Feature","properties":{"kind":"rail","class":"rail","name":null,"ref":null},"geometry":{"type":"LineString","coordinates":[[15.145511627197266,58.33545085930666],[15.146026611328125,58.33725306940687]]}},{"type":"Feature","properties":{"kind":"rail","class":"rail","name":null,"ref":null},"geometry":{"type":"LineString","coordinates":[[15.145511627197266,58.33500029241969],[15.1446533203125,58.332477011686564],[15.143795013427734,58.33130542724666],[15.141735076904297,58.32986342385104],[15.135211944580078,58.32724964274129],[15.13315200805664,58.32544692246552]]}},{"type":"Feature","properties":{"kind":"rail","class":"rail","name":null,"ref":null},"geometry":{"type":"LineString","coordinates":[[15.127830505371094,58.35094686262747],[15.142936706542969,58.34283933661692],[15.1446533203125,58.34139780382847],[15.145854949951172,58.33941560020088]]}},{"type":"Feature","properties":{"kind":"rail","class":"rail","name":null,"ref":null},"geometry":{"type":"LineString","coordinates":[[15.126800537109375,58.35139722617589],[15.110321044921875,58.36004309263765],[15.108261108398438,58.361844048362485],[15.107231140136719,58.364005073958424],[15.103111267089844,58.37876854175619],[15.087833404541016,58.398563494924076],[15.103282928466797,58.37876854175619],[15.107402801513672,58.364005073958424],[15.10843276977539,58.361934093737005],[15.110836029052734,58.359953042439656],[15.126800537109375,58.35148729819639]]}},{"type":"Feature","properties":{"kind":"rail","class":"rail","name":null,"ref":null},"geometry":{"type":"LineString","coordinates":[[15.161991119384766,58.33527063324124],[15.153064727783203,58.333017729867606]]}},{"type":"Feature","properties":{"kind":"rail","class":"rail","name":null,"ref":null},"geometry":{"type":"LineString","coordinates":[[15.17160415649414,58.335991531987844],[15.166454315185547,58.33608164329712],[15.162162780761719,58.33527063324124]]}},{"type":"Feature","properties":{"kind":"rail","class":"rail","name":null,"ref":null},"geometry":{"type":"LineString","coordinates":[[15.179500579833984,58.33463983477384],[15.185165405273438,58.33382879162755],[15.196666717529297,58.332747371811195],[15.200271606445312,58.332747371811195],[15.22481918334961,58.33400902504641],[15.233917236328125,58.33536074638883],[15.375022888183594,58.36814666990804],[15.233917236328125,58.33536074638883],[15.223617553710938,58.33382879162755],[15.200271606445312,58.33265725199945],[15.196666717529297,58.332747371811195],[15.185165405273438,58.33373867457345],[15.179500579833984,58.33463983477384],[15.17538070678711,58.33554097199465],[15.17160415649414,58.335991531987844],[15.166454315185547,58.33617175437658],[15.162162780761719,58.33536074638883]]}},{"type":"Feature","properties":{"kind":"rail","class":"rail","name":null,"ref":null},"geometry":{"type":"LineString","coordinates":[[15.424976348876953,58.3802985479291],[15.435791015625,58.38461820717072],[15.424976348876953,58.3802985479291],[15.418968200683594,58.378318527311734],[15.3753662109375,58.368236699205454],[15.418968200683594,58.37840853065987],[15.424976348876953,58.3802985479291]]}},{"type":"Feature","properties":{"kind":"rail","class":"rail","name":null,"ref":null},"geometry":{"type":"LineString","coordinates":[[15.435962677001953,58.384708194446404],[15.464458465576172,58.396044754325686],[15.479736328125,58.40063232579155]]}},{"type":"Feature","properties":{"kind":"rail","class":"rail","name":null,"ref":null},"geometry":{"type":"LineString","coordinates":[[15.464458465576172,58.396044754325686],[15.436134338378906,58.384708194446404]]}},{"type":"Feature","properties":{"kind":"rail","class":"rail","name":null,"ref":null},"geometry":{"type":"LineString","coordinates":[[14.985694885253906,58.07642393883225],[14.986381530761719,58.08059922556549],[14.991188049316406,58.08876685230112],[14.991531372070312,58.09067236289172],[14.991188049316406,58.09257777171271],[14.98809814453125,58.09829338759113],[14.986381530761719,58.099926252485915],[14.979171752929688,58.10573138890376],[14.977283477783203,58.10818014739675],[14.976768493652344,58.11117284605075],[14.97934341430664,58.11679481263812],[14.97934341430664,58.11996811189158]]}},{"type":"Feature","properties":{"kind":"rail","class":"rail","name":null,"ref":null},"geometry":{"type":"LineString","coordinates":[[14.985694885253906,58.076333166305034],[14.985523223876953,58.07206659714794]]}},{"type":"Feature","properties":{"kind":"rail","class":"rail","name":null,"ref":null},"geometry":{"type":"LineString","coordinates":[[14.985694885253906,58.07206659714794],[14.985523223876953,58.076333166305034]]}},{"type":"Feature","properties":{"kind":"road","class":"motorway","name":null,"ref":null},"geometry":{"type":"LineString","coordinates":[[14.754638671875,58.244319660521484],[14.780387878417969,58.247842943534806],[14.798755645751953,58.25109489408271],[14.811973571777344,58.25272075751184],[14.818668365478516,58.254075586746836],[14.827079772949219,58.256785089887615],[14.837722778320312,58.261300468243576],[14.842872619628906,58.26292586363411],[14.851455688476562,58.26482206403725],[14.857807159423828,58.26735017340974],[14.860553741455078,58.269155855386515],[14.862613677978516,58.27114199927391],[14.86673355102539,58.277731588129484],[14.868965148925781,58.28016852278225],[14.87274169921875,58.283327262582105],[14.877033233642578,58.28558333279395],[14.880809783935547,58.287117378430224],[14.887676239013672,58.289282976763644],[14.894027709960938,58.290907088581775],[14.901409149169922,58.292170235148774],[14.916000366210938,58.293703995384135],[14.92269515991211,58.29478660965469],[14.943981170654297,58.30046979131902],[14.98208999633789,58.30525017383766],[14.99410629272461,58.30579130852141],[15.000629425048828,58.30660299502796],[15.019683837890625,58.31057097210288],[15.033931732177734,58.31300564677224],[15.041656494140625,58.31480900144504],[15.052642822265625,58.3179646508691],[15.06174087524414,58.3200382100284],[15.070152282714844,58.32157076256058],[15.08199691772461,58.32319339283964],[15.089035034179688,58.324906088455975],[15.093154907226562,58.32625815796615],[15.101737976074219,58.32968316928995],[15.108261108398438,58.33157579633374],[15.119590759277344,58.33400902504641],[15.129032135009766,58.33752339299423],[15.132465362548828,58.33842445668293],[15.137786865234375,58.33905518759306],[15.151176452636719,58.33941560020088],[15.157012939453125,58.339866110790695],[15.168685913085938,58.34166809570672],[15.177783966064453,58.34365017296204],[15.181560516357422,58.34473125913925],[15.19357681274414,58.348875116331044],[15.201644897460938,58.35130715392569],[15.21005630493164,58.353468824526914],[15.222244262695312,58.356080666631016],[15.234088897705078,58.357881824489624],[15.254344940185547,58.360313241853476],[15.264472961425781,58.361934093737005],[15.278549194335938,58.3650855371458],[15.295543670654297,58.370037236925526],[15.30670166015625,58.37291790620776],[15.314598083496094,58.374358152665934],[15.336742401123047,58.37768849744552],[15.367298126220703,58.3840782786952],[15.37588119506836,58.38533809894756],[15.396995544433594,58.38776762521371],[15.40884017944336,58.3900170373434],[15.413818359375,58.391366615749234],[15.419654846191406,58.39334590397789],[15.439739227294922,58.402251326121814],[15.469093322753906,58.41322259056804],[15.479736328125,58.417987731370886]]}},{"type":"Feature","properties":{"kind":"road","class":"motorway","name":null,"ref":null},"geometry":{"type":"LineString","coordinates":[[15.479736328125,58.418167535384356],[15.468921661376953,58.41331250485132],[15.439739227294922,58.40234126840414],[15.419483184814453,58.39343586898468],[15.408668518066406,58.39010701084413],[15.396995544433594,58.38794758346438],[15.375709533691406,58.38542808438649],[15.367298126220703,58.38416826734843],[15.336570739746094,58.377778502400986],[15.31442642211914,58.37453817933974],[15.302410125732422,58.37210774174051],[15.278549194335938,58.36517557425185],[15.264472961425781,58.36211418379696],[15.254173278808594,58.36040329113271],[15.234088897705078,58.358061935222],[15.2215576171875,58.356080666631016],[15.212631225585938,58.35418935198962],[15.201473236083984,58.35139722617589],[15.193405151367188,58.34896519478406],[15.178642272949219,58.34392044760807],[15.169544219970703,58.341938385517096],[15.155296325683594,58.339866110790695],[15.137271881103516,58.33914529108969],[15.132293701171875,58.338514561788],[15.128860473632812,58.33761350039711],[15.11941909790039,58.334189257546115],[15.106887817382812,58.33130542724666],[15.10019302368164,58.32923252886545],[15.088005065917969,58.32472580861412],[15.08474349975586,58.323914537948895],[15.068092346191406,58.32148061425045],[15.061569213867188,58.32030866530212],[15.052471160888672,58.31814496518828],[15.041484832763672,58.314989331855],[15.033760070800781,58.31327615583507],[15.019683837890625,58.31084149978659],[15.000457763671875,58.3067833672782],[14.99410629272461,58.30597168491002],[14.983463287353516,58.305610931213124],[14.978485107421875,58.305159983919054],[14.959945678710938,58.30254437626408],[14.948101043701172,58.301371799718765],[14.940719604492188,58.30001877849668],[14.929046630859375,58.29659089318676],[14.922866821289062,58.29505725804833],[14.91891860961914,58.29433552439957],[14.901409149169922,58.29244090354899],[14.893856048583984,58.29108754085098],[14.887504577636719,58.28955366724111],[14.88046646118164,58.287297850017666],[14.876689910888672,58.285763812201026],[14.872398376464844,58.28341750815059],[14.868621826171875,58.280349029789704],[14.866561889648438,58.27791210755802],[14.86227035522461,58.27132255228787],[14.860210418701172,58.2692461370697],[14.855060577392578,58.26635700909645],[14.85128402709961,58.26509294152629],[14.842700958251953,58.26310645852021],[14.83755111694336,58.26148107141282],[14.826736450195312,58.25696571606676],[14.820556640625,58.25488845943488],[14.81180191040039,58.25290140440143],[14.798583984375,58.25127554925689],[14.780216217041016,58.248023615278896],[14.754638671875,58.24450035021732]]}},{"type":"Feature","properties":{"kind":"rail","class":"rail","name":null,"ref":null},"geometry":{"type":"LineString","coordinates":[[15.087833404541016,58.398563494924076],[15.087661743164062,58.39883334931457]]}},{"type":"Feature","properties":{"kind":"rail","class":"rail","name":null,"ref":null},"geometry":{"type":"LineString","coordinates":[[15.08646011352539,58.400272537841204],[15.086288452148438,58.40054237914825]]}},{"type":"Feature","properties":{"kind":"rail","class":"rail","name":null,"ref":null},"geometry":{"type":"LineString","coordinates":[[15.08646011352539,58.40054237914825],[15.08646011352539,58.400362485173076]]}},{"type":"Feature","properties":{"kind":"rail","class":"rail","name":null,"ref":null},"geometry":{"type":"LineString","coordinates":[[15.051097869873047,58.189890205226106],[15.050926208496094,58.189709237367595]]}},{"type":"Feature","properties":{"kind":"rail","class":"rail","name":null,"ref":null},"geometry":{"type":"LineString","coordinates":[[15.05075454711914,58.189709237367595],[15.050926208496094,58.189890205226106]]}},{"type":"Feature","properties":{"kind":"rail","class":"rail","name":null,"ref":null},"geometry":{"type":"LineString","coordinates":[[15.097103118896484,58.238627463838185],[15.097103118896484,58.238537104144314]]}},{"type":"Feature","properties":{"kind":"rail","class":"rail","name":null,"ref":null},"geometry":{"type":"LineString","coordinates":[[15.103282928466797,58.2490172934161],[15.10345458984375,58.2490172934161]]}},{"type":"Feature","properties":{"kind":"rail","class":"rail","name":null,"ref":null},"geometry":{"type":"LineString","coordinates":[[15.15237808227539,58.33292761074526],[15.153064727783203,58.333017729867606],[15.15237808227539,58.33283749139312]]}},{"type":"Feature","properties":{"kind":"rail","class":"rail","name":null,"ref":null},"geometry":{"type":"LineString","coordinates":[[15.145683288574219,58.33554097199465],[15.145511627197266,58.33500029241969]]}},{"type":"Feature","properties":{"kind":"rail","class":"rail","name":null,"ref":null},"geometry":{"type":"LineString","coordinates":[[15.145339965820312,58.334910178352885],[15.145511627197266,58.33545085930666]]}},{"type":"Feature","properties":{"kind":"rail","class":"rail","name":null,"ref":null},"geometry":{"type":"LineString","coordinates":[[15.12765884399414,58.3508567892286],[15.126800537109375,58.35139722617589]]}},{"type":"Feature","properties":{"kind":"rail","class":"rail","name":null,"ref":null},"geometry":{"type":"LineString","coordinates":[[15.126800537109375,58.35148729819639],[15.127830505371094,58.35094686262747]]}},{"type":"Feature","properties":{"kind":"rail","class":"rail","name":null,"ref":null},"geometry":{"type":"LineString","coordinates":[[15.162162780761719,58.33527063324124],[15.162162780761719,58.33536074638883]]}},{"type":"Feature","properties":{"kind":"rail","class":"rail","name":null,"ref":null},"geometry":{"type":"LineString","coordinates":[[15.375022888183594,58.36814666990804],[15.3753662109375,58.368236699205454]]}},{"type":"Feature","properties":{"kind":"rail","class":"rail","name":null,"ref":null},"geometry":{"type":"LineString","coordinates":[[15.436134338378906,58.384708194446404],[15.435962677001953,58.384708194446404]]}},{"type":"Feature","properties":{"kind":"rail","class":"rail","name":null,"ref":null},"geometry":{"type":"LineString","coordinates":[[14.985523223876953,58.076333166305034],[14.985523223876953,58.07642393883225]]}},{"type":"Feature","properties":{"kind":"rail","class":"rail","name":null,"ref":null},"geometry":{"type":"LineString","coordinates":[[14.985694885253906,58.07642393883225],[14.985694885253906,58.076333166305034]]}},{"type":"Feature","properties":{"kind":"rail","class":"rail","name":null,"ref":null},"geometry":{"type":"LineString","coordinates":[[14.958229064941406,58.02655508918909],[14.958572387695312,58.02700958224949]]}},{"type":"Feature","properties":{"kind":"rail","class":"rail","name":null,"ref":null},"geometry":{"type":"LineString","coordinates":[[14.958744049072266,58.027100480168514],[14.95840072631836,58.02655508918909]]}},{"type":"Feature","properties":{"kind":"road","class":"primary","name":null,"ref":null},"geometry":{"type":"LineString","coordinates":[[14.917373657226562,57.9899039517085],[14.91720199584961,57.98972196660378]]}},{"type":"Feature","properties":{"kind":"road","class":"primary","name":null,"ref":null},"geometry":{"type":"LineString","coordinates":[[14.92715835571289,58.00691547430881],[14.928016662597656,58.00727926885631]]}},{"type":"Feature","properties":{"kind":"road","class":"primary","name":null,"ref":null},"geometry":{"type":"LineString","coordinates":[[14.928359985351562,58.007824953744574],[14.927501678466797,58.00755211234039]]}},{"type":"Feature","properties":{"kind":"road","class":"primary","name":null,"ref":null},"geometry":{"type":"LineString","coordinates":[[14.971961975097656,58.079782360070396],[14.972476959228516,58.07987312382642],[14.972305297851562,58.08014541370966]]}},{"type":"Feature","properties":{"kind":"road","class":"primary","name":null,"ref":null},"geometry":{"type":"LineString","coordinates":[[14.95513916015625,58.05535852654768],[14.95565414428711,58.055631003428175]]}},{"type":"Feature","properties":{"kind":"road","class":"primary","name":null,"ref":null},"geometry":{"type":"LineString","coordinates":[[14.95565414428711,58.05499522080757],[14.95565414428711,58.05599430270283],[14.95462417602539,58.056811712562705],[14.954280853271484,58.057901563282]]}},{"type":"Feature","properties":{"kind":"road","class":"primary","name":null,"ref":null},"geometry":{"type":"LineString","coordinates":[[14.953765869140625,58.056357598282915],[14.954452514648438,58.05653924468757],[14.955482482910156,58.05590347823053],[14.95513916015625,58.05544935240542]]}},{"type":"Feature","properties":{"kind":"road","class":"primary","name":null,"ref":null},"geometry":{"type":"LineString","coordinates":[[14.954280853271484,58.058900563899186],[14.953765869140625,58.058355657935095],[14.952049255371094,58.057901563282],[14.953079223632812,58.058083201835956],[14.953765869140625,58.057719923804456],[14.953937530517578,58.05717499983024]]}},{"type":"Feature","properties":{"kind":"road","class":"primary","name":null,"ref":null},"geometry":{"type":"LineString","coordinates":[[14.954795837402344,58.060262792443496],[14.955310821533203,58.0604444189909],[14.954795837402344,58.060626044614736]]}},{"type":"Feature","properties":{"kind":"road","class":"primary","name":null,"ref":null},"geometry":{"type":"LineString","coordinates":[[14.949474334716797,58.03409892620289],[14.94964599609375,58.03437156521119],[14.950504302978516,58.034189806103285]]}},{"type":"Feature","properties":{"kind":"road","class":"primary","name":null,"ref":null},"geometry":{"type":"LineString","coordinates":[[14.951362609863281,58.031554195206155],[14.95187759399414,58.032735699977025]]}},{"type":"Feature","properties":{"kind":"road","class":"primary","name":null,"ref":null},"geometry":{"type":"LineString","coordinates":[[14.94964599609375,58.03346276043206],[14.949474334716797,58.03409892620289],[14.949817657470703,58.03464420214053],[14.949474334716797,58.03609823065332]]}},{"type":"Feature","properties":{"kind":"road","class":"primary","name":null,"ref":null},"geometry":{"type":"LineString","coordinates":[[14.951705932617188,58.033735404291235],[14.951534271240234,58.034189806103285],[14.950332641601562,58.034825958938484]]}},{"type":"Feature","properties":{"kind":"road","class":"primary","name":null,"ref":null},"geometry":{"type":"LineString","coordinates":[[14.945182800292969,58.021918930063464],[14.944324493408203,58.021918930063464],[14.944324493408203,58.02237348203698]]}},{"type":"Feature","properties":{"kind":"road","class":"primary","name":null,"ref":null},"geometry":{"type":"LineString","coordinates":[[14.94363784790039,58.02210075154599],[14.942607879638672,58.02210075154599],[14.942607879638672,58.022464391738566]]}},{"type":"Feature","properties":{"kind":"road","class":"primary","name":null,"ref":null},"geometry":{"type":"LineString","coordinates":[[14.942436218261719,58.02100980878825],[14.945182800292969,58.021918930063464],[14.946041107177734,58.02255530120908],[14.94363784790039,58.0228280282345],[14.942607879638672,58.022464391738566],[14.942092895507812,58.020827981760675]]}},{"type":"Feature","properties":{"kind":"road","class":"primary","name":null,"ref":null},"geometry":{"type":"LineString","coordinates":[[14.914112091064453,57.97543325032177],[14.914283752441406,57.97597942064817],[14.913597106933594,57.97607044822661],[14.9139404296875,57.97652558265054]]}},{"type":"Feature","properties":{"kind":"road","class":"primary","name":null,"ref":null},"geometry":{"type":"LineString","coordinates":[[14.914798736572266,57.98471701385711],[14.914798736572266,57.9852630426858],[14.91445541381836,57.98535404668144],[14.914798736572266,57.985809063191766]]}},{"type":"Feature","properties":{"kind":"road","class":"primary","name":null,"ref":null},"geometry":{"type":"LineString","coordinates":[[14.868278503417969,57.86813176332882],[14.868106842041016,57.86767525303256]]}},{"type":"Feature","properties":{"kind":"road","class":"primary","name":null,"ref":null},"geometry":{"type":"LineString","coordinates":[[14.866218566894531,57.86265325754772],[14.86673355102539,57.86310983154917],[14.866390228271484,57.86320114565444]]}},{"type":"Feature","properties":{"kind":"road","class":"primary","name":null,"ref":null},"geometry":{"type":"LineString","coordinates":[[14.861068725585938,57.81696660217841],[14.860382080078125,57.81687517080567],[14.860038757324219,57.81724089490564]]}},{"type":"Feature","properties":{"kind":"road","class":"primary","name":null,"ref":null},"geometry":{"type":"LineString","coordinates":[[14.859867095947266,57.81714946422841],[14.859352111816406,57.8166008752963],[14.85849380493164,57.816692307364605]]}},{"type":"Feature","properties":{"kind":"road","class":"primary","name":null,"ref":null},"geometry":{"type":"LineString","coordinates":[[14.858322143554688,57.81742375556459],[14.85849380493164,57.816692307364605],[14.85952377319336,57.81605227801782],[14.859867095947266,57.81513793067245]]}},{"type":"Feature","properties":{"kind":"road","class":"primary","name":null,"ref":null},"geometry":{"type":"LineString","coordinates":[[14.860038757324219,57.81513793067245],[14.860210418701172,57.81605227801782],[14.861068725585938,57.81696660217841],[14.860553741455078,57.81742375556459]]}},{"type":"Feature","properties":{"kind":"road","class":"primary","name":null,"ref":null},"geometry":{"type":"LineString","coordinates":[[14.86124038696289,57.81312628490076],[14.861583709716797,57.81276051906755]]}},{"type":"Feature","properties":{"kind":"road","class":"primary","name":null,"ref":null},"geometry":{"type":"LineString","coordinates":[[14.869136810302734,57.80068816526111],[14.868793487548828,57.801236996270546]]}},{"type":"Feature","properties":{"kind":"road","class":"primary","name":null,"ref":null},"geometry":{"type":"LineString","coordinates":[[14.873943328857422,57.793827073201584],[14.874114990234375,57.794376008574545]]}},{"type":"Feature","properties":{"kind":"road","class":"primary","name":null,"ref":null},"geometry":{"type":"LineString","coordinates":[[14.97488021850586,58.08205138472829],[14.97213363647461,58.08005465064605],[14.96612548828125,58.07642393883225],[14.963207244873047,58.07406377810548],[14.96063232421875,58.07134032182597],[14.95840072631836,58.068071900043805]]}},{"type":"Feature","properties":{"kind":"road","class":"primary","name":null,"ref":null},"geometry":{"type":"LineString","coordinates":[[14.953079223632812,58.053996110972065],[14.955482482910156,58.06226063366972],[14.9578857421875,58.067345543461556],[14.95840072631836,58.068071900043805],[14.96114730834961,58.071885029702514],[14.963722229003906,58.07442688991239],[14.966812133789062,58.07678702663273],[14.972476959228516,58.08014541370966],[14.97488021850586,58.08205138472829],[14.976253509521484,58.08368499316043]]}},{"type":"Feature","properties":{"kind":"road","class":"primary","name":null,"ref":null},"geometry":{"type":"LineString","coordinates":[[14.95290756225586,58.05336029925641],[14.95187759399414,58.05045358731877],[14.948101043701172,58.04445774710925],[14.947586059570312,58.041368588327316],[14.947586059570312,58.040550825135085],[14.948616027832031,58.03764307115668],[14.950847625732422,58.033553641949425],[14.951362609863281,58.02973641932712],[14.950675964355469,58.027736759133035],[14.949989318847656,58.026736887106324],[14.947071075439453,58.024191632171465],[14.945182800292969,58.0230098450962],[14.94363784790039,58.02210075154599],[14.940376281738281,58.019373332269254],[14.933509826660156,58.01173545198742],[14.928874969482422,58.008097793068885],[14.922008514404297,58.0034592416859],[14.920291900634766,58.00173100022718],[14.919605255126953,58.0002755742849],[14.920120239257812,57.99599991839048],[14.91994857788086,57.99427131682725],[14.919261932373047,57.99272460259124],[14.915828704833984,57.98772006942261],[14.914798736572266,57.9852630426858],[14.9139404296875,57.978346062541505],[14.914627075195312,57.969880046149314],[14.91445541381836,57.96441703868649],[14.917888641357422,57.95576557412943],[14.918060302734375,57.951211333281094],[14.91342544555664,57.93863862772412],[14.912395477294922,57.93344426790998],[14.912567138671875,57.93080123490472],[14.910507202148438,57.92615267031749],[14.909820556640625,57.92013598734022],[14.909305572509766,57.91895076427545],[14.90793228149414,57.91767432646239],[14.9029541015625,57.91512131474201],[14.901065826416016,57.91366236942804],[14.897632598876953,57.908464395170114],[14.893169403076172,57.90390414940231],[14.891796112060547,57.90089407015233],[14.888877868652344,57.89678901031533],[14.880809783935547,57.888851231807564],[14.880294799804688,57.88766497646236],[14.880294799804688,57.884653537131584],[14.87823486328125,57.879268820114305],[14.87497329711914,57.87552642334134],[14.870166778564453,57.87224009540023],[14.868106842041016,57.86767525303256],[14.865531921386719,57.861009543187464],[14.864673614501953,57.85689992888669],[14.86501693725586,57.852789845417135],[14.867591857910156,57.84648680612625],[14.872913360595703,57.83890342754205],[14.874286651611328,57.83588790573563],[14.874286651611328,57.833146303252846],[14.873600006103516,57.83040449216742],[14.872055053710938,57.82775387648741],[14.870338439941406,57.82610856870343],[14.861583709716797,57.81952658648851],[14.859867095947266,57.81714946422841],[14.859867095947266,57.81513793067245],[14.873771667480469,57.794193031044614]]}},{"type":"Feature","properties":{"kind":"road","class":"primary","name":null,"ref":null},"geometry":{"type":"LineString","coordinates":[[14.947586059570312,58.041368588327316],[14.948272705078125,58.04436689330882],[14.952049255371094,58.050544425646166],[14.95290756225586,58.05336029925641],[14.953079223632812,58.053996110972065],[14.95513916015625,58.0614433484931],[14.9578857421875,58.067345543461556]]}},{"type":"Feature","properties":{"kind":"road","class":"primary","name":null,"ref":null},"geometry":{"type":"LineString","coordinates":[[14.947586059570312,58.040550825135085],[14.950847625732422,58.033553641949425],[14.951362609863281,58.03164508157454],[14.950675964355469,58.027736759133035]]}},{"type":"Feature","properties":{"kind":"road","class":"primary","name":null,"ref":null},"geometry":{"type":"LineString","coordinates":[[14.949989318847656,58.026736887106324],[14.945182800292969,58.0230098450962],[14.942436218261719,58.02100980878825],[14.93865966796875,58.017464015047864],[14.933509826660156,58.01173545198742],[14.922008514404297,58.0034592416859],[14.920463562011719,58.00191292430972],[14.919776916503906,58.00036654013974],[14.920120239257812,57.99599991839048],[14.91994857788086,57.993907390075805],[14.915828704833984,57.98772006942261],[14.914627075195312,57.9852630426858],[14.913768768310547,57.978346062541505],[14.914627075195312,57.969880046149314]]}},{"type":"Feature","properties":{"kind":"road","class":"primary","name":null,"ref":null},"geometry":{"type":"LineString","coordinates":[[14.868106842041016,57.86767525303256],[14.865188598632812,57.85963972388174],[14.864845275878906,57.854159925372215],[14.866561889648438,57.84867929274634],[14.873600006103516,57.837806903360104],[14.874458312988281,57.83515683213639],[14.874286651611328,57.832049603851544],[14.873428344726562,57.82958190816285],[14.870853424072266,57.82638279188305],[14.86175537109375,57.81961801113792],[14.860382080078125,57.81806376056784],[14.860038757324219,57.81513793067245],[14.863300323486328,57.81065729353344],[14.868793487548828,57.801236996270546],[14.873771667480469,57.794193031044614],[14.877548217773438,57.7889777814369],[14.88321304321289,57.7831211644571],[14.884929656982422,57.78000945022231],[14.886474609375,57.77561598533731],[14.888362884521484,57.77341905244586],[14.8919677734375,57.771588172951084],[14.902267456054688,57.76746835475484],[14.904842376708984,57.76609497760842],[14.912395477294922,57.76115038758064],[14.922008514404297,57.757945199280954],[14.924240112304688,57.75657146012628],[14.925270080566406,57.75538084395416],[14.926300048828125,57.752633118478],[14.926300048828125,57.74823632323435],[14.926986694335938,57.74686221505061],[14.931964874267578,57.74228147724446],[14.935569763183594,57.73660055639465],[14.936599731445312,57.73403468672669],[14.936599731445312,57.72716092478714],[14.937114715576172,57.724502720034366],[14.945526123046875,57.710658567059966],[14.9468994140625,57.70726548342995],[14.952392578125,57.69827686055882]]}},{"type":"Feature","properties":{"kind":"rail","class":"rail","name":null,"ref":null},"geometry":{"type":"LineString","coordinates":[[14.86175537109375,57.99781940883733],[14.871025085449219,57.99991170855432],[14.87823486328125,58.00073040124778],[14.883384704589844,58.00054847115601],[14.89248275756836,57.99982074154383],[14.895744323730469,57.99927493462732],[14.900894165039062,57.99800135279696],[14.89419937133789,57.99963880682952],[14.879436492919922,58.00073040124778],[14.872055053710938,58.000184608198936],[14.86175537109375,57.99781940883733],[14.858665466308594,57.9970006495777],[14.856433868408203,57.99590894144117],[14.854373931884766,57.99418033548611],[14.853343963623047,57.992542631818594],[14.852142333984375,57.98890302218962],[14.854202270507812,57.99381640781007],[14.856605529785156,57.99590894144117],[14.858665466308594,57.9970006495777]]}},{"type":"Feature","properties":{"kind":"rail","class":"rail","name":null,"ref":null},"geometry":{"type":"LineString","coordinates":[[14.901237487792969,57.99791038093272],[14.910163879394531,57.9955450313324]]}},{"type":"Feature","properties":{"kind":"rail","class":"rail","name":null,"ref":null},"geometry":{"type":"LineString","coordinates":[[14.937801361083984,58.01128076484278],[14.932823181152344,58.00818873904814],[14.923725128173828,57.99872911939008],[14.92166519165039,57.99690967517091],[14.918060302734375,57.9955450313324],[14.914627075195312,57.99509013849567],[14.910335540771484,57.9955450313324],[14.914627075195312,57.995181117525334],[14.917888641357422,57.9955450313324],[14.921493530273438,57.99690967517091],[14.923725128173828,57.99872911939008],[14.93265151977539,58.00818873904814],[14.937801361083984,58.01128076484278],[14.942607879638672,58.01373600679332],[14.94964599609375,58.019373332269254],[14.956512451171875,58.02355529013653],[14.95840072631836,58.02655508918909]]}},{"type":"Feature","properties":{"kind":"rail","class":"rail","name":null,"ref":null},"geometry":{"type":"LineString","coordinates":[[14.974021911621094,58.0355529768907],[14.976940155029297,58.042822343365174]]}},{"type":"Feature","properties":{"kind":"rail","class":"rail","name":null,"ref":null},"geometry":{"type":"LineString","coordinates":[[14.97711181640625,58.042822343365174],[14.974021911621094,58.035462100455106]]}},{"type":"Feature","properties":{"kind":"rail","class":"rail","name":null,"ref":null},"geometry":{"type":"LineString","coordinates":[[14.988269805908203,58.08368499316043],[14.986381530761719,58.08059922556549],[14.985694885253906,58.07642393883225]]}},{"type":"Feature","properties":{"kind":"rail","class":"rail","name":null,"ref":null},"geometry":{"type":"LineString","coordinates":[[14.985523223876953,58.07642393883225],[14.986381530761719,58.08059922556549],[14.98809814453125,58.08368499316043]]}},{"type":"Feature","properties":{"kind":"rail","class":"rail","name":null,"ref":null},"geometry":{"type":"LineString","coordinates":[[14.985694885253906,58.076333166305034],[14.985523223876953,58.067981106279035],[14.983463287353516,58.06362273407203],[14.980201721191406,58.06035360583263],[14.97711181640625,58.05735664207862],[14.976253509521484,58.05490439379528],[14.97659683227539,58.05272447622576],[14.978485107421875,58.048273398181806],[14.978485107421875,58.046547320777165],[14.97711181640625,58.04300405858763],[14.978485107421875,58.046547320777165],[14.978656768798828,58.048273398181806],[14.97659683227539,58.05336029925641],[14.976425170898438,58.05490439379528],[14.97762680053711,58.057901563282],[14.980201721191406,58.06035360583263],[14.983291625976562,58.06362273407203],[14.9853515625,58.06743633884233],[14.985694885253906,58.06952456888354],[14.985523223876953,58.076333166305034]]}},{"type":"Feature","properties":{"kind":"rail","class":"rail","name":null,"ref":null},"geometry":{"type":"LineString","coordinates":[[14.969215393066406,58.031372421776354],[14.972305297851562,58.03300834938017],[14.974021911621094,58.03537122378859]]}},{"type":"Feature","properties":{"kind":"rail","class":"rail","name":null,"ref":null},"geometry":{"type":"LineString","coordinates":[[14.969043731689453,58.031372421776354],[14.972305297851562,58.03300834938017]]}},{"type":"Feature","properties":{"kind":"rail","class":"rail","name":null,"ref":null},"geometry":{"type":"LineString","coordinates":[[14.968700408935547,58.031281534714964],[14.96612548828125,58.030736207495465],[14.962177276611328,58.02955463665705],[14.958744049072266,58.027100480168514]]}},{"type":"Feature","properties":{"kind":"rail","class":"rail","name":null,"ref":null},"geometry":{"type":"LineString","coordinates":[[14.958572387695312,58.02700958224949],[14.96114730834961,58.02910017593908],[14.96612548828125,58.030736207495465],[14.9688720703125,58.031281534714964]]}},{"type":"Feature","properties":{"kind":"rail","class":"rail","name":null,"ref":null},"geometry":{"type":"LineString","coordinates":[[14.942607879638672,58.01373600679332],[14.949474334716797,58.019373332269254],[14.956340789794922,58.02355529013653],[14.958229064941406,58.02655508918909]]}},{"type":"Feature","properties":{"kind":"rail","class":"rail","name":null,"ref":null},"geometry":{"type":"LineString","coordinates":[[14.819355010986328,57.93435561348005],[14.832744598388672,57.951211333281094],[14.837722778320312,57.959954964994296],[14.838752746582031,57.96496337689689],[14.839439392089844,57.96805913616413],[14.850597381591797,57.98489902439141],[14.852142333984375,57.988812027209946],[14.850597381591797,57.984808019239836],[14.839611053466797,57.96805913616413],[14.838752746582031,57.96496337689689],[14.838066101074219,57.96050137119974],[14.832744598388672,57.951211333281094],[14.819526672363281,57.93435561348005]]}},{"type":"Feature","properties":{"kind":"rail","class":"rail","name":null,"ref":null},"geometry":{"type":"LineString","coordinates":[[14.819183349609375,57.93399107802867],[14.813518524169922,57.927064201009074]]}},{"type":"Feature","properties":{"kind":"rail","class":"rail","name":null,"ref":null},"geometry":{"type":"LineString","coordinates":[[14.813346862792969,57.92688189672208],[14.811458587646484,57.92387374234241],[14.807682037353516,57.914118296203924],[14.806480407714844,57.912203364858556],[14.802188873291016,57.908008396636376],[14.800472259521484,57.90545469789828]]}},{"type":"Feature","properties":{"kind":"rail","class":"rail","name":null,"ref":null},"geometry":{"type":"LineString","coordinates":[[14.813346862792969,57.927155352805414],[14.819011688232422,57.93399107802867]]}},{"type":"Feature","properties":{"kind":"rail","class":"rail","name":null,"ref":null},"geometry":{"type":"LineString","coordinates":[[14.799785614013672,57.90326566881063],[14.800300598144531,57.90536349101524]]}},{"type":"Feature","properties":{"kind":"rail","class":"rail","name":null,"ref":null},"geometry":{"type":"LineString","coordinates":[[14.800300598144531,57.90545469789828],[14.801502227783203,57.90746119075675],[14.80733871459961,57.91357118337845],[14.811286926269531,57.92387374234241],[14.813175201416016,57.92688189672208]]}},{"type":"Feature","properties":{"kind":"rail","class":"rail","name":null,"ref":null},"geometry":{"type":"LineString","coordinates":[[14.806137084960938,57.88319335455623],[14.805965423583984,57.889398721075395],[14.804248809814453,57.89432574936538],[14.800128936767578,57.90116772413859],[14.799785614013672,57.90308324370085],[14.800128936767578,57.901076506374665],[14.804248809814453,57.89432574936538],[14.806137084960938,57.889398721075395],[14.806137084960938,57.88319335455623],[14.800987243652344,57.870870703494404],[14.800300598144531,57.86840566672683],[14.800472259521484,57.86630568739673],[14.80133056640625,57.864114273965896],[14.80459213256836,57.85936575376533]]}},{"type":"Feature","properties":{"kind":"rail","class":"rail","name":null,"ref":null},"geometry":{"type":"LineString","coordinates":[[14.800300598144531,57.86840566672683],[14.80081558227539,57.86511868835177],[14.80459213256836,57.85936575376533],[14.805450439453125,57.85763056127354],[14.805965423583984,57.85324654452805],[14.809398651123047,57.84785712590519],[14.81283187866211,57.84328919054386],[14.813518524169922,57.84118774573352]]}},{"type":"Feature","properties":{"kind":"rail","class":"rail","name":null,"ref":null},"geometry":{"type":"LineString","coordinates":[[14.812660217285156,57.83853792318956],[14.806137084960938,57.8299475033717],[14.805107116699219,57.827296854081055],[14.804935455322266,57.822817727815874]]}},{"type":"Feature","properties":{"kind":"rail","class":"rail","name":null,"ref":null},"geometry":{"type":"LineString","coordinates":[[14.81283187866211,57.83890342754205],[14.813518524169922,57.84118774573352],[14.813003540039062,57.84328919054386],[14.809398651123047,57.84785712590519]]}},{"type":"Feature","properties":{"kind":"rail","class":"rail","name":null,"ref":null},"geometry":{"type":"LineString","coordinates":[[14.80733871459961,57.804895656318166],[14.805965423583984,57.798675713465315],[14.800987243652344,57.7887947765378],[14.799270629882812,57.78330419811965],[14.801158905029297,57.7887947765378],[14.805965423583984,57.7985842357167],[14.80733871459961,57.804895656318166],[14.804935455322266,57.822817727815874],[14.805107116699219,57.82738825902592],[14.806137084960938,57.8299475033717],[14.812660217285156,57.838629299625325]]}},{"type":"Feature","properties":{"kind":"rail","class":"rail","name":null,"ref":null},"geometry":{"type":"LineString","coordinates":[[14.799270629882812,57.7831211644571],[14.797382354736328,57.7799179251557],[14.78811264038086,57.77277825517939],[14.797210693359375,57.7799179251557],[14.798412322998047,57.78138229838319],[14.79909896850586,57.7831211644571]]}},{"type":"Feature","properties":{"kind":"rail","class":"rail","name":null,"ref":null},"geometry":{"type":"LineString","coordinates":[[14.787769317626953,57.77259516815798],[14.786052703857422,57.77113043857625],[14.78485107421875,57.76884167969331],[14.785194396972656,57.76069252094268],[14.784507751464844,57.75895257480798],[14.782962799072266,57.75712096205419],[14.780902862548828,57.755472431206044],[14.774036407470703,57.751350775105124],[14.767341613769531,57.745854502523514],[14.759273529052734,57.74228147724446],[14.754638671875,57.73907461548515]]}},{"type":"Feature","properties":{"kind":"rail","class":"rail","name":null,"ref":null},"geometry":{"type":"LineString","coordinates":[[14.754638671875,57.73916624405322],[14.759273529052734,57.74228147724446],[14.767341613769531,57.745946113913845],[14.774036407470703,57.751350775105124],[14.782962799072266,57.75712096205419],[14.784507751464844,57.759044153008944],[14.785022735595703,57.76069252094268],[14.784507751464844,57.76710212595398],[14.78485107421875,57.76884167969331],[14.785709381103516,57.77048960070661],[14.787940979003906,57.77259516815798]]}},{"type":"Feature","properties":{"kind":"rail","class":"rail","name":null,"ref":null},"geometry":{"type":"LineString","coordinates":[[14.852142333984375,57.988812027209946],[14.852142333984375,57.98890302218962]]}},{"type":"Feature","properties":{"kind":"rail","class":"rail","name":null,"ref":null},"geometry":{"type":"LineString","coordinates":[[14.901237487792969,57.99791038093272],[14.900894165039062,57.99800135279696]]}},{"type":"Feature","properties":{"kind":"rail","class":"rail","name":null,"ref":null},"geometry":{"type":"LineString","coordinates":[[14.910335540771484,57.9955450313324],[14.910163879394531,57.9955450313324]]}},{"type":"Feature","properties":{"kind":"rail","class":"rail","name":null,"ref":null},"geometry":{"type":"LineString","coordinates":[[14.974021911621094,58.035462100455106],[14.974021911621094,58.0355529768907]]}},{"type":"Feature","properties":{"kind":"rail","class":"rail","name":null,"ref":null},"geometry":{"type":"LineString","coordinates":[[14.976940155029297,58.042822343365174],[14.97711181640625,58.04300405858763],[14.97711181640625,58.042822343365174]]}},{"type":"Feature","properties":{"kind":"rail","class":"rail","name":null,"ref":null},"geometry":{"type":"LineString","coordinates":[[14.985523223876953,58.076333166305034],[14.985523223876953,58.07642393883225]]}},{"type":"Feature","properties":{"kind":"rail","class":"rail","name":null,"ref":null},"geometry":{"type":"LineString","coordinates":[[14.985694885253906,58.07642393883225],[14.985694885253906,58.076333166305034]]}},{"type":"Feature","properties":{"kind":"rail","class":"rail","name":null,"ref":null},"geometry":{"type":"LineString","coordinates":[[14.969215393066406,58.031372421776354],[14.9688720703125,58.031281534714964]]}},{"type":"Feature","properties":{"kind":"rail","class":"rail","name":null,"ref":null},"geometry":{"type":"LineString","coordinates":[[14.968700408935547,58.031281534714964],[14.969043731689453,58.031372421776354]]}},{"type":"Feature","properties":{"kind":"rail","class":"rail","name":null,"ref":null},"geometry":{"type":"LineString","coordinates":[[14.819526672363281,57.93435561348005],[14.819183349609375,57.93399107802867]]}},{"type":"Feature","properties":{"kind":"rail","class":"rail","name":null,"ref":null},"geometry":{"type":"LineString","coordinates":[[14.819011688232422,57.93399107802867],[14.819355010986328,57.93435561348005]]}},{"type":"Feature","properties":{"kind":"rail","class":"rail","name":null,"ref":null},"geometry":{"type":"LineString","coordinates":[[14.813175201416016,57.92688189672208],[14.813346862792969,57.927155352805414]]}},{"type":"Feature","properties":{"kind":"rail","class":"rail","name":null,"ref":null},"geometry":{"type":"LineString","coordinates":[[14.813518524169922,57.927064201009074],[14.813346862792969,57.92688189672208]]}},{"type":"Feature","properties":{"kind":"rail","class":"rail","name":null,"ref":null},"geometry":{"type":"LineString","coordinates":[[14.799785614013672,57.90326566881063],[14.799785614013672,57.90308324370085]]}},{"type":"Feature","properties":{"kind":"rail","class":"rail","name":null,"ref":null},"geometry":{"type":"LineString","coordinates":[[14.800472259521484,57.90545469789828],[14.800300598144531,57.90545469789828]]}},{"type":"Feature","properties":{"kind":"rail","class":"rail","name":null,"ref":null},"geometry":{"type":"LineString","coordinates":[[14.812660217285156,57.838629299625325],[14.81283187866211,57.83890342754205],[14.812660217285156,57.83853792318956]]}},{"type":"Feature","properties":{"kind":"rail","class":"rail","name":null,"ref":null},"geometry":{"type":"LineString","coordinates":[[14.79909896850586,57.7831211644571],[14.799270629882812,57.78330419811965],[14.799270629882812,57.7831211644571]]}},{"type":"Feature","properties":{"kind":"rail","class":"rail","name":null,"ref":null},"geometry":{"type":"LineString","coordinates":[[14.787769317626953,57.77259516815798],[14.78811264038086,57.77277825517939],[14.787940979003906,57.77259516815798]]}},{"type":"Feature","properties":{"kind":"road","class":"trunk","name":null,"ref":null},"geometry":{"type":"LineString","coordinates":[[14.777641296386719,57.63419129858431],[14.777641296386719,57.63363992885695],[14.778156280517578,57.63345613708745]]}},{"type":"Feature","properties":{"kind":"road","class":"trunk","name":null,"ref":null},"geometry":{"type":"LineString","coordinates":[[14.779529571533203,57.633364240853865],[14.779186248779297,57.63428319272495]]}},{"type":"Feature","properties":{"kind":"road","class":"trunk","name":null,"ref":null},"geometry":{"type":"LineString","coordinates":[[14.849052429199219,57.63584535753614],[14.848880767822266,57.6363048049848],[14.8480224609375,57.63676424661995],[14.847164154052734,57.63575346734876],[14.847335815429688,57.635202121341194],[14.848709106445312,57.6350183374783],[14.849739074707031,57.63575346734876]]}},{"type":"Feature","properties":{"kind":"road","class":"trunk","name":null,"ref":null},"geometry":{"type":"LineString","coordinates":[[14.88698959350586,57.63419129858431],[14.887676239013672,57.63391561476712],[14.888019561767578,57.63428319272495],[14.88870620727539,57.6340075096054]]}},{"type":"Feature","properties":{"kind":"road","class":"trunk","name":null,"ref":null},"geometry":{"type":"LineString","coordinates":[[14.877376556396484,57.6350183374783],[14.877891540527344,57.63474265993992],[14.87823486328125,57.63492644519806]]}},{"type":"Feature","properties":{"kind":"road","class":"trunk","name":null,"ref":null},"geometry":{"type":"LineString","coordinates":[[14.875316619873047,57.635202121341194],[14.874629974365234,57.635385904273875],[14.874629974365234,57.635202121341194]]}},{"type":"Feature","properties":{"kind":"road","class":"trunk","name":null,"ref":null},"geometry":{"type":"LineString","coordinates":[[14.86398696899414,57.63547779539141],[14.864673614501953,57.635202121341194],[14.86501693725586,57.63547779539141],[14.865703582763672,57.63529401292382]]}},{"type":"Feature","properties":{"kind":"road","class":"trunk","name":null,"ref":null},"geometry":{"type":"LineString","coordinates":[[14.930248260498047,57.64292020366514],[14.929389953613281,57.64292020366514],[14.929389953613281,57.64273645886732]]}},{"type":"Feature","properties":{"kind":"road","class":"trunk","name":null,"ref":null},"geometry":{"type":"LineString","coordinates":[[14.913768768310547,57.63786688282548],[14.912738800048828,57.637683112449935],[14.912910461425781,57.63731556890838],[14.912052154541016,57.63722368244166]]}},{"type":"Feature","properties":{"kind":"road","class":"trunk","name":null,"ref":null},"geometry":{"type":"LineString","coordinates":[[14.957714080810547,57.6577086091832],[14.9578857421875,57.65743310392915]]}},{"type":"Feature","properties":{"kind":"road","class":"trunk","name":null,"ref":null},"geometry":{"type":"LineString","coordinates":[[14.972820281982422,57.66386101475939],[14.973163604736328,57.66376919548108]]}},{"type":"Feature","properties":{"kind":"road","class":"trunk","name":null,"ref":null},"geometry":{"type":"LineString","coordinates":[[15.056076049804688,57.64769724196432],[15.055389404296875,57.648064680408595]]}},{"type":"Feature","properties":{"kind":"road","class":"trunk","name":null,"ref":null},"geometry":{"type":"LineString","coordinates":[[15.110492706298828,57.63253716428673],[15.109806060791016,57.6327209607073],[15.109634399414062,57.63253716428673]]}},{"type":"Feature","properties":{"kind":"road","class":"trunk","name":null,"ref":null},"geometry":{"type":"LineString","coordinates":[[14.955997467041016,57.65679025020029],[14.955310821533203,57.65688208714468]]}},{"type":"Feature","properties":{"kind":"road","class":"trunk","name":null,"ref":null},"geometry":{"type":"LineString","coordinates":[[14.955310821533203,57.65651473797243],[14.95462417602539,57.65623922365239],[14.954109191894531,57.65642290009819],[14.954795837402344,57.65522898657912]]}},{"type":"Feature","properties":{"kind":"road","class":"trunk","name":null,"ref":null},"geometry":{"type":"LineString","coordinates":[[14.95513916015625,57.65614738508077],[14.955997467041016,57.65679025020029],[14.9578857421875,57.65743310392915],[14.958229064941406,57.6577086091832]]}},{"type":"Feature","properties":{"kind":"road","class":"trunk","name":null,"ref":null},"geometry":{"type":"LineString","coordinates":[[15.153064727783203,57.64319581911792],[15.15237808227539,57.64292020366514]]}},{"type":"Feature","properties":{"kind":"road","class":"trunk","name":null,"ref":null},"geometry":{"type":"LineString","coordinates":[[15.348243713378906,57.63253716428673],[15.348930358886719,57.6327209607073]]}},{"type":"Feature","properties":{"kind":"road","class":"trunk","name":null,"ref":null},"geometry":{"type":"LineString","coordinates":[[15.385494232177734,57.63492644519806],[15.384807586669922,57.635202121341194],[15.384292602539062,57.6350183374783]]}},{"type":"Feature","properties":{"kind":"road","class":"primary","name":null,"ref":null},"geometry":{"type":"LineString","coordinates":[[14.95016098022461,57.67708056438789],[14.950847625732422,57.67652984603433],[14.952392578125,57.67643805882875],[14.952735900878906,57.67634627139074]]}},{"type":"Feature","properties":{"kind":"road","class":"primary","name":null,"ref":null},"geometry":{"type":"LineString","coordinates":[[14.954967498779297,57.677631274375614],[14.95462417602539,57.67790662623233],[14.953250885009766,57.67790662623233],[14.952735900878906,57.67799840971978]]}},{"type":"Feature","properties":{"kind":"road","class":"primary","name":null,"ref":null},"geometry":{"type":"LineString","coordinates":[[14.952735900878906,57.677631274375614],[14.953250885009766,57.67790662623233]]}},{"type":"Feature","properties":{"kind":"road","class":"primary","name":null,"ref":null},"geometry":{"type":"LineString","coordinates":[[14.952735900878906,57.67671341974838],[14.952392578125,57.67643805882875]]}},{"type":"Feature","properties":{"kind":"road","class":"primary","name":null,"ref":null},"geometry":{"type":"LineString","coordinates":[[14.953250885009766,57.64843211513295],[14.953250885009766,57.64815653943842]]}},{"type":"Feature","properties":{"kind":"road","class":"primary","name":null,"ref":null},"geometry":{"type":"LineString","coordinates":[[14.834461212158203,57.59999054148739],[14.836006164550781,57.599898560581664]]}},{"type":"Feature","properties":{"kind":"road","class":"primary","name":null,"ref":null},"geometry":{"type":"LineString","coordinates":[[15.109291076660156,57.41981544413366],[15.109119415283203,57.419353260644556],[15.109634399414062,57.41889107132127]]}},{"type":"Feature","properties":{"kind":"road","class":"primary","name":null,"ref":null},"geometry":{"type":"LineString","coordinates":[[15.110492706298828,57.41861375492692],[15.110149383544922,57.419075947750684]]}},{"type":"Feature","properties":{"kind":"road","class":"primary","name":null,"ref":null},"geometry":{"type":"LineString","coordinates":[[15.109119415283203,57.41861375492692],[15.110492706298828,57.41861375492692],[15.1116943359375,57.41842887616383],[15.112895965576172,57.4187061939584]]}},{"type":"Feature","properties":{"kind":"road","class":"primary","name":null,"ref":null},"geometry":{"type":"LineString","coordinates":[[15.06277084350586,57.44476469006847],[15.061397552490234,57.44541129618614],[15.061569213867188,57.44568840959468],[15.060882568359375,57.445503667555585],[15.059165954589844,57.44587315070075]]}},{"type":"Feature","properties":{"kind":"road","class":"primary","name":null,"ref":null},"geometry":{"type":"LineString","coordinates":[[14.991016387939453,57.51278034969951],[14.989299774169922,57.51370235099205]]}},{"type":"Feature","properties":{"kind":"road","class":"primary","name":null,"ref":null},"geometry":{"type":"LineString","coordinates":[[15.129375457763672,57.42360512868669],[15.12868881225586,57.42369755511683],[15.128517150878906,57.42323542063269],[15.127830505371094,57.423420275126404]]}},{"type":"Feature","properties":{"kind":"road","class":"primary","name":null,"ref":null},"geometry":{"type":"LineString","coordinates":[[15.250396728515625,57.415008450668324],[15.249710083007812,57.41519334670113]]}},{"type":"Feature","properties":{"kind":"road","class":"primary","name":null,"ref":null},"geometry":{"type":"LineString","coordinates":[[14.791202545166016,57.63198576944367],[14.791889190673828,57.631526267345805]]}},{"type":"Feature","properties":{"kind":"road","class":"primary","name":null,"ref":null},"geometry":{"type":"LineString","coordinates":[[14.945697784423828,57.71001665670647],[14.9468994140625,57.70726548342995],[14.95187759399414,57.6994693572388],[14.95513916015625,57.69038704741979],[14.955310821533203,57.688460204124226],[14.952735900878906,57.67799840971978],[14.953422546386719,57.66946155121374],[14.956512451171875,57.66147363798163],[14.95513916015625,57.65614738508077]]}},{"type":"Feature","properties":{"kind":"road","class":"primary","name":null,"ref":null},"geometry":{"type":"LineString","coordinates":[[14.95187759399414,57.64870768873499],[14.952564239501953,57.64861583110013]]}},{"type":"Feature","properties":{"kind":"road","class":"primary","name":null,"ref":null},"geometry":{"type":"LineString","coordinates":[[15.091266632080078,57.414638655802094],[15.091781616210938,57.414638655802094]]}},{"type":"Feature","properties":{"kind":"road","class":"primary","name":null,"ref":null},"geometry":{"type":"LineString","coordinates":[[15.09195327758789,57.41454620650208],[15.092296600341797,57.414638655802094],[15.09796142578125,57.415008450668324],[15.100879669189453,57.41565558269903],[15.111007690429688,57.419445697809095],[15.115470886230469,57.42231113416307],[15.11770248413086,57.42360512868669],[15.120277404785156,57.423882407277034],[15.124225616455078,57.42360512868669],[15.12868881225586,57.42351270202323],[15.134010314941406,57.424252108797305],[15.149459838867188,57.427948918658274],[15.16164779663086,57.43146054222652],[15.164566040039062,57.43183016721346],[15.17435073852539,57.43146054222652],[15.176925659179688,57.43099850574313],[15.179328918457031,57.43016682537376],[15.181388854980469,57.42896547591923],[15.18533706665039,57.42526876872694],[15.18911361694336,57.423327847996234],[15.199928283691406,57.42101709390201],[15.206623077392578,57.418521315662076],[15.210227966308594,57.41759691017816],[15.214004516601562,57.41694981245385],[15.220012664794922,57.41639514815998],[15.22705078125,57.41621025819501],[15.235977172851562,57.41658003719144]]}},{"type":"Feature","properties":{"kind":"road","class":"primary","name":null,"ref":null},"geometry":{"type":"LineString","coordinates":[[15.092296600341797,57.414638655802094],[15.092124938964844,57.41482355370198],[15.09195327758789,57.41454620650208],[15.092124938964844,57.41426885720173]]}},{"type":"Feature","properties":{"kind":"road","class":"primary","name":null,"ref":null},"geometry":{"type":"LineString","coordinates":[[15.091781616210938,57.41482355370198],[15.091266632080078,57.414638655802094],[15.07375717163086,57.41140279143619],[15.07049560546875,57.41112541833007],[15.067405700683594,57.41131033396755],[15.064144134521484,57.41214244278311],[15.061397552490234,57.41334434436388],[15.059852600097656,57.414638655802094],[15.05899429321289,57.41621025819501],[15.058822631835938,57.421848982177494],[15.05624771118164,57.4261929805256],[15.056076049804688,57.42674749640446],[15.05624771118164,57.427209586553374],[15.055217742919922,57.4273020038832],[15.055046081542969,57.42683991490091],[15.056076049804688,57.42674749640446]]}},{"type":"Feature","properties":{"kind":"road","class":"primary","name":null,"ref":null},"geometry":{"type":"LineString","coordinates":[[15.111007690429688,57.419445697809095],[15.104827880859375,57.41741202628094],[15.1007080078125,57.41565558269903],[15.09744644165039,57.415008450668324],[15.092296600341797,57.41473110486871]]}},{"type":"Feature","properties":{"kind":"road","class":"primary","name":null,"ref":null},"geometry":{"type":"LineString","coordinates":[[15.115470886230469,57.42231113416307],[15.11770248413086,57.42351270202323],[15.120277404785156,57.423882407277034]]}},{"type":"Feature","properties":{"kind":"road","class":"primary","name":null,"ref":null},"geometry":{"type":"LineString","coordinates":[[15.064315795898438,57.442178151294485],[15.064830780029297,57.44180863082565],[15.06551742553711,57.442178151294485],[15.06500244140625,57.44254766803084],[15.064315795898438,57.442178151294485]]}},{"type":"Feature","properties":{"kind":"road","class":"primary","name":null,"ref":null},"geometry":{"type":"LineString","coordinates":[[15.064830780029297,57.443101936137055],[15.064659118652344,57.44245528919666]]}},{"type":"Feature","properties":{"kind":"road","class":"primary","name":null,"ref":null},"geometry":{"type":"LineString","coordinates":[[15.065345764160156,57.44245528919666],[15.064830780029297,57.443101936137055],[15.064144134521484,57.44411807252055],[15.059165954589844,57.44587315070075],[15.055904388427734,57.44735104595918],[15.051441192626953,57.45104552285767],[15.042171478271484,57.45778698119153],[15.037708282470703,57.463788603574386],[15.03753662109375,57.46655825082348],[15.038566589355469,57.470804635664535],[15.038394927978516,57.472835340957175],[15.037193298339844,57.47569659778134],[15.031013488769531,57.48298717472983],[15.022945404052734,57.48990726224338],[15.019168853759766,57.49599585464284],[15.017967224121094,57.4971950031553],[15.008354187011719,57.50309792925228],[14.999942779541016,57.50946095211006],[14.996509552001953,57.511120688653705],[14.988956451416016,57.51342575305088],[14.98208999633789,57.51582286553884],[14.971275329589844,57.521169702740195],[14.95737075805664,57.527529574477],[14.93865966796875,57.538403306729975],[14.935054779052734,57.539969594093776],[14.928874969482422,57.54162794264229],[14.906902313232422,57.54531289147553],[14.902610778808594,57.54678676667368],[14.895744323730469,57.55028698133455],[14.893684387207031,57.55185275797322],[14.886474609375,57.56133808328116],[14.884414672851562,57.56354790132593],[14.882354736328125,57.56502103885353],[14.869308471679688,57.572385832518194],[14.866905212402344,57.574410889583646],[14.864845275878906,57.5774482639377],[14.862098693847656,57.5852706366515],[14.859695434570312,57.5881230835239],[14.855060577392578,57.59097530674768],[14.840812683105469,57.59621913355238],[14.83755111694336,57.59833484958446],[14.835319519042969,57.60063440131228],[14.83154296875,57.60569290323167],[14.828109741210938,57.6086357077578],[14.824333190917969,57.610750701361354],[14.812145233154297,57.61608361703418],[14.807853698730469,57.61847398038179],[14.798412322998047,57.625000710091456],[14.794292449951172,57.62876913266368],[14.791889190673828,57.631526267345805],[14.791545867919922,57.63198576944367]]}},{"type":"Feature","properties":{"kind":"road","class":"primary","name":null,"ref":null},"geometry":{"type":"LineString","coordinates":[[15.06500244140625,57.44180863082565],[15.064315795898438,57.441254343124],[15.057106018066406,57.43469463428892],[15.055046081542969,57.43210738350385],[15.054359436035156,57.429982004947334],[15.055046081542969,57.427856502961845],[15.055217742919922,57.427209586553374]]}},{"type":"Feature","properties":{"kind":"road","class":"primary","name":null,"ref":null},"geometry":{"type":"LineString","coordinates":[[15.064315795898438,57.44199339152664],[15.064315795898438,57.441254343124]]}},{"type":"Feature","properties":{"kind":"road","class":"primary","name":null,"ref":null},"geometry":{"type":"LineString","coordinates":[[15.055904388427734,57.4273020038832],[15.055046081542969,57.427856502961845]]}},{"type":"Feature","properties":{"kind":"road","class":"primary","name":null,"ref":null},"geometry":{"type":"LineString","coordinates":[[15.055389404296875,57.42665507767467],[15.05624771118164,57.4261929805256]]}},{"type":"Feature","properties":{"kind":"road","class":"primary","name":null,"ref":null},"geometry":{"type":"LineString","coordinates":[[14.988956451416016,57.51397894683612],[14.989299774169922,57.51370235099205],[14.988956451416016,57.51342575305088],[14.988956451416016,57.51397894683612],[14.987754821777344,57.515454089254376],[14.98809814453125,57.51932605431003],[14.989471435546875,57.52780606547941],[14.991016387939453,57.53241394019537],[14.991188049316406,57.53508624069826],[14.993419647216797,57.54328621573052],[14.992904663085938,57.54577348387929],[14.991531372070312,57.547800021289305],[14.983634948730469,57.55406315160076],[14.980030059814453,57.558759792730484],[14.97385025024414,57.56796713510971],[14.971275329589844,57.578828804847745],[14.96835708618164,57.587294976826996],[14.96835708618164,57.58959522666248],[14.969558715820312,57.59437928042274],[14.969215393066406,57.60679648284727],[14.970417022705078,57.61553197239209],[14.968528747558594,57.631710068882654],[14.967670440673828,57.6350183374783],[14.960975646972656,57.6428283313825],[14.954452514648438,57.64769724196432],[14.952564239501953,57.64861583110013],[14.952049255371094,57.648799546137354]]}},{"type":"Feature","properties":{"kind":"road","class":"primary","name":null,"ref":null},"geometry":{"type":"LineString","coordinates":[[15.124225616455078,57.42360512868669],[15.129718780517578,57.42351270202323],[15.13315200805664,57.42397483300712],[15.148773193359375,57.42767167086893],[15.159759521484375,57.43099850574313],[15.163192749023438,57.431645355186646],[15.171089172363281,57.43155294882325],[15.17538070678711,57.43118332103646],[15.177783966064453,57.430628872356635],[15.181388854980469,57.42896547591923],[15.184822082519531,57.4256384562465],[15.186710357666016,57.424436958157344],[15.189628601074219,57.42323542063269],[15.197696685791016,57.42166411974978],[15.201301574707031,57.42064735971226],[15.208683013916016,57.41796667517218],[15.213489532470703,57.417042255686],[15.224132537841797,57.41630270329418],[15.238037109375,57.416764925289385],[15.243701934814453,57.41639514815998],[15.256061553955078,57.41380660370015],[15.265846252441406,57.41306698596148],[15.269107818603516,57.41232735328592],[15.27322769165039,57.41131033396755],[15.296058654785156,57.40724197428074],[15.30618667602539,57.40640975413183],[15.310306549072266,57.405577515076374],[15.319404602050781,57.40215588920745],[15.321807861328125,57.40169348282353],[15.333824157714844,57.40039871390192],[15.34566879272461,57.39817900358864],[15.348587036132812,57.39808651274089],[15.356483459472656,57.398456474731205],[15.364208221435547,57.39753156275199],[15.372276306152344,57.39753156275199],[15.378456115722656,57.396976604359025],[15.396995544433594,57.39854896464519],[15.41158676147461,57.399288875553026],[15.420169830322266,57.399288875553026],[15.428581237792969,57.39771654701542],[15.444889068603516,57.395311678754695],[15.447635650634766,57.395589171608094],[15.453643798828125,57.39669912201097],[15.462570190429688,57.39975131228357],[15.466690063476562,57.39993628534174],[15.47098159790039,57.399288875553026],[15.476646423339844,57.39669912201097],[15.479736328125,57.39568166875901]]}},{"type":"Feature","properties":{"kind":"road","class":"primary","name":null,"ref":null},"geometry":{"type":"LineString","coordinates":[[15.262928009033203,57.41325189179645],[15.269107818603516,57.41232735328592]]}},{"type":"Feature","properties":{"kind":"road","class":"primary","name":null,"ref":null},"geometry":{"type":"LineString","coordinates":[[15.116157531738281,57.32058976916713],[15.113239288330078,57.32309221893422],[15.109634399414062,57.332173753228346],[15.110321044921875,57.33449011184459],[15.113754272460938,57.33847390702127],[15.115127563476562,57.34134567738411],[15.118217468261719,57.350330088982275],[15.118389129638672,57.35208966471734],[15.117359161376953,57.35384915611621],[15.109806060791016,57.36033076516688],[15.107746124267578,57.3641266046466],[15.09195327758789,57.37634468932504],[15.08697509765625,57.37967618801741],[15.08096694946289,57.38643079801142],[15.080451965332031,57.38865121991995],[15.080623626708984,57.39013142647812],[15.085086822509766,57.39688411047646],[15.0897216796875,57.4006761682368],[15.091438293457031,57.40335811849454],[15.091781616210938,57.405577515076374],[15.090751647949219,57.408998821397034],[15.090923309326172,57.41306698596148],[15.092124938964844,57.41426885720173],[15.092296600341797,57.41454620650208]]}},{"type":"Feature","properties":{"kind":"road","class":"primary","name":null,"ref":null},"geometry":{"type":"LineString","coordinates":[[15.235977172851562,57.41658003719144],[15.241641998291016,57.41658003719144],[15.24627685546875,57.415932921497216],[15.255546569824219,57.413899054867215],[15.262928009033203,57.41325189179645]]}},{"type":"Feature","properties":{"kind":"road","class":"trunk","name":null,"ref":null},"geometry":{"type":"LineString","coordinates":[[14.79034423828125,57.632169568654916],[14.79085922241211,57.63207766916557]]}},{"type":"Feature","properties":{"kind":"road","class":"trunk","name":null,"ref":null},"geometry":{"type":"LineString","coordinates":[[14.791030883789062,57.632353366935945],[14.79034423828125,57.632169568654916],[14.787940979003906,57.63207766916557],[14.783134460449219,57.632353366935945],[14.779529571533203,57.633364240853865],[14.765625,57.641174590534604],[14.760303497314453,57.643379561590564],[14.754638671875,57.644665732857646]]}},{"type":"Feature","properties":{"kind":"road","class":"trunk","name":null,"ref":null},"geometry":{"type":"LineString","coordinates":[[14.7930908203125,57.63226146791169],[14.791545867919922,57.63207766916557],[14.791545867919922,57.632353366935945],[14.79085922241211,57.63226146791169],[14.791030883789062,57.63198576944367],[14.791545867919922,57.63207766916557]]}},{"type":"Feature","properties":{"kind":"road","class":"trunk","name":null,"ref":null},"geometry":{"type":"LineString","coordinates":[[14.870853424072266,57.63511022952599],[14.864845275878906,57.635385904273875],[14.860725402832031,57.63566157692884],[14.852485656738281,57.635569686276426],[14.83926773071289,57.636948021646276],[14.83102798461914,57.63703990881058],[14.826221466064453,57.63648858233648],[14.822616577148438,57.635569686276426],[14.816780090332031,57.63354803308849],[14.8150634765625,57.633272344387734],[14.7930908203125,57.63226146791169],[14.791717529296875,57.63226146791169]]}},{"type":"Feature","properties":{"kind":"road","class":"trunk","name":null,"ref":null},"geometry":{"type":"LineString","coordinates":[[14.864845275878906,57.635385904273875],[14.866905212402344,57.63511022952599],[14.870853424072266,57.63511022952599],[14.877376556396484,57.6350183374783],[14.893169403076172,57.63354803308849],[14.898834228515625,57.633731824392896],[14.901409149169922,57.63419129858431],[14.912738800048828,57.637499341144206],[14.923038482666016,57.641174590534604],[14.948272705078125,57.64723793867779],[14.951190948486328,57.64843211513295],[14.951534271240234,57.64870768873499]]}},{"type":"Feature","properties":{"kind":"road","class":"trunk","name":null,"ref":null},"geometry":{"type":"LineString","coordinates":[[14.961833953857422,57.65899427270634],[14.963207244873047,57.659912575899824],[14.965953826904297,57.6615654630709],[14.96835708618164,57.66239187841441],[14.97110366821289,57.663677375970366],[14.971275329589844,57.66395283380524],[14.97110366821289,57.663677375970366]]}},{"type":"Feature","properties":{"kind":"road","class":"trunk","name":null,"ref":null},"geometry":{"type":"LineString","coordinates":[[14.961318969726562,57.65890244110852],[14.959945678710938,57.65825961341491],[14.956340789794922,57.657524939246315]]}},{"type":"Feature","properties":{"kind":"road","class":"trunk","name":null,"ref":null},"geometry":{"type":"LineString","coordinates":[[14.963207244873047,57.659912575899824],[14.961490631103516,57.65908610407172],[14.96114730834961,57.65899427270634],[14.961490631103516,57.65881060927819]]}},{"type":"Feature","properties":{"kind":"road","class":"trunk","name":null,"ref":null},"geometry":{"type":"LineString","coordinates":[[14.971446990966797,57.66376919548108],[14.975738525390625,57.66432010766428],[14.978828430175781,57.665146460249844]]}},{"type":"Feature","properties":{"kind":"road","class":"trunk","name":null,"ref":null},"geometry":{"type":"LineString","coordinates":[[14.970932006835938,57.66386101475939],[14.96835708618164,57.66239187841441]]}},{"type":"Feature","properties":{"kind":"road","class":"trunk","name":null,"ref":null},"geometry":{"type":"LineString","coordinates":[[14.978828430175781,57.665238276041634],[14.975223541259766,57.66422828954816],[14.971446990966797,57.66386101475939]]}},{"type":"Feature","properties":{"kind":"road","class":"trunk","name":null,"ref":null},"geometry":{"type":"LineString","coordinates":[[14.979171752929688,57.665146460249844],[14.978828430175781,57.66533009160102],[14.979171752929688,57.665146460249844]]}},{"type":"Feature","properties":{"kind":"road","class":"trunk","name":null,"ref":null},"geometry":{"type":"LineString","coordinates":[[14.979171752929688,57.665238276041634],[14.980545043945312,57.665605536884556]]}},{"type":"Feature","properties":{"kind":"road","class":"trunk","name":null,"ref":null},"geometry":{"type":"LineString","coordinates":[[14.979171752929688,57.66533009160102],[14.980545043945312,57.665605536884556],[14.983463287353516,57.665605536884556],[14.989299774169922,57.66404465261863],[14.990158081054688,57.66376919548108],[15.008354187011719,57.65881060927819],[15.015735626220703,57.65495346249551],[15.02878189086914,57.651004054047235],[15.032730102539062,57.650361086406576],[15.04302978515625,57.65063664536177],[15.047836303710938,57.650361086406576],[15.052299499511719,57.64925882966182],[15.055389404296875,57.648064680408595],[15.061054229736328,57.64503320199219],[15.064315795898438,57.644022652920626],[15.071182250976562,57.643379561590564],[15.079936981201172,57.64163397054921],[15.084571838378906,57.63979641561227],[15.096073150634766,57.63731556890838],[15.104827880859375,57.63354803308849],[15.107059478759766,57.63290475619766],[15.109634399414062,57.63253716428673],[15.112895965576172,57.6327209607073],[15.118389129638672,57.6340075096054],[15.135726928710938,57.63648858233648],[15.144996643066406,57.63731556890838],[15.14791488647461,57.63851007181512],[15.150833129882812,57.641817720927435],[15.15237808227539,57.64292020366514],[15.159931182861328,57.64540066740662],[15.162677764892578,57.64567626402612],[15.187740325927734,57.6428283313825],[15.19083023071289,57.64273645886732],[15.194778442382812,57.643012075715234],[15.200958251953125,57.644022652920626],[15.205421447753906,57.644022652920626],[15.209369659423828,57.643563303133135],[15.215377807617188,57.64209334475083],[15.238208770751953,57.63915324941067],[15.242156982421875,57.63906136759462],[15.24576187133789,57.63998017529141],[15.252628326416016,57.64043957042006],[15.258293151855469,57.64172584585458],[15.269451141357422,57.64292020366514],[15.273914337158203,57.6423689664816],[15.276660919189453,57.64145021924094],[15.279922485351562,57.640990836901096],[15.289020538330078,57.641082713834095],[15.30120849609375,57.63942889346367],[15.309104919433594,57.63952077434962],[15.313396453857422,57.63869383800508],[15.317859649658203,57.63713179574239],[15.320777893066406,57.6363966937769],[15.329360961914062,57.63529401292382],[15.335884094238281,57.63391561476712],[15.348930358886719,57.6327209607073],[15.354251861572266,57.6327209607073],[15.366439819335938,57.63474265993992],[15.370559692382812,57.635202121341194],[15.375709533691406,57.635385904273875],[15.385494232177734,57.63492644519806],[15.396995544433594,57.635202121341194],[15.404376983642578,57.63455887375156],[15.407295227050781,57.63465076696201],[15.41433334350586,57.63584535753614],[15.417766571044922,57.63566157692884],[15.421199798583984,57.63474265993992],[15.428924560546875,57.631526267345805],[15.433216094970703,57.63033153468186],[15.438194274902344,57.62950438904463],[15.4412841796875,57.62858531624275],[15.445919036865234,57.62656327421345],[15.450725555419922,57.623805762762004],[15.452613830566406,57.623254235352476],[15.45999526977539,57.62150767664832],[15.479736328125,57.62068033006031]]}},{"type":"Feature","properties":{"kind":"road","class":"trunk","name":null,"ref":null},"geometry":{"type":"LineString","coordinates":[[14.990158081054688,57.66376919548108],[14.989986419677734,57.66386101475939]]}},{"type":"Feature","properties":{"kind":"road","class":"trunk","name":null,"ref":null},"geometry":{"type":"LineString","coordinates":[[14.989299774169922,57.66404465261863],[14.989471435546875,57.66395283380524]]}},{"type":"Feature","properties":{"kind":"road","class":"trunk","name":null,"ref":null},"geometry":{"type":"LineString","coordinates":[[14.954109191894531,57.65642290009819],[14.954109191894531,57.65697392385658],[14.954795837402344,57.65734126837958],[14.956340789794922,57.657524939246315],[14.95840072631836,57.6577086091832],[14.961490631103516,57.65881060927819],[14.961833953857422,57.65890244110852],[14.961490631103516,57.65908610407172]]}},{"type":"Feature","properties":{"kind":"road","class":"trunk","name":null,"ref":null},"geometry":{"type":"LineString","coordinates":[[14.952220916748047,57.64925882966182],[14.951705932617188,57.64907511694952]]}},{"type":"Feature","properties":{"kind":"road","class":"trunk","name":null,"ref":null},"geometry":{"type":"LineString","coordinates":[[14.951362609863281,57.648799546137354],[14.95187759399414,57.64870768873499],[14.952049255371094,57.64889140330726],[14.952220916748047,57.64925882966182],[14.953422546386719,57.651004054047235],[14.95513916015625,57.65614738508077]]}},{"type":"Feature","properties":{"kind":"road","class":"trunk","name":null,"ref":null},"geometry":{"type":"LineString","coordinates":[[14.952049255371094,57.64889140330726],[14.951534271240234,57.64898326024465],[14.951362609863281,57.648799546137354],[14.951190948486328,57.64843211513295]]}}]}
