{
  "type": "FeatureCollection",
  "features": [
    {
      "type": "Feature",
      "id": 5834,
      "geometry": {
        "type": "Point",
        "coordinates": [
          14.149542440184616,
          55.79282679191744
        ]
      },
      "properties": {
        "OBJECTID": 5834,
        "VERKID": "1290-V-052-001",
        "OMRID": "1290-V-052",
        "PROJNAMN": "Olseröd",
        "STATUS": "Uppfört",
        "HANDLINGSTYP": "Bygglov (Enligt 9 kap. 2 § Plan och bygglagen)",
        "UPPFORT": 880934400000,
        "MB_Tillstand_TIDSBEGRANS_DAT": null,
        "TOTALHOJD": 62,
        "NAVHOJD": 40,
        "ROTDIAMETER": 44,
        "MAXEFFEKT": 0.6,
        "CALPROD": 1.16,
        "FABRIKAT": "Bonus",
        "MODELL": "600/44",
        "ORGNMR": "769602-7924",
        "ORGNAMN": "Olserödsvind ek för",
        "PLACERING": "Land",
        "KOMNAMN": "Kristianstad",
        "LANSNAMN": "Skåne län",
        "EL_NAMN": "Malmö               ",
        "SenasteUppdatering": null,
        "_statuslager": "Uppförda",
        "_lager_id": 5
      }
    },
    {
      "type": "Feature",
      "id": 4921,
      "geometry": {
        "type": "Point",
        "coordinates": [
          14.092840812255304,
          55.512077041769544
        ]
      },
      "properties": {
        "OBJECTID": 4921,
        "VERKID": "1270-V-023-001",
        "OMRID": "1270-V-023",
        "PROJNAMN": "Ingelstadgården",
        "STATUS": "Uppfört",
        "HANDLINGSTYP": "Tillstånd (Enligt 9 kap. 6 § miljöbalken)",
        "UPPFORT": 1305417600000,
        "MB_Tillstand_TIDSBEGRANS_DAT": 2114294400000,
        "TOTALHOJD": 100,
        "NAVHOJD": 64,
        "ROTDIAMETER": 71,
        "MAXEFFEKT": 2,
        "CALPROD": 4.75,
        "FABRIKAT": "Enercon",
        "MODELL": "-",
        "ORGNMR": "556404-2165",
        "ORGNAMN": "Ingelsta Gården AB",
        "PLACERING": "Land",
        "KOMNAMN": "Tomelilla",
        "LANSNAMN": "Skåne län",
        "EL_NAMN": "Malmö               ",
        "SenasteUppdatering": 1599523200000,
        "_statuslager": "Uppförda",
        "_lager_id": 5
      }
    },
    {
      "type": "Feature",
      "id": 6060,
      "geometry": {
        "type": "Point",
        "coordinates": [
          14.170004739096983,
          55.4726803249166
        ]
      },
      "properties": {
        "OBJECTID": 6060,
        "VERKID": "1291-V-014-001",
        "OMRID": "1291-V-014",
        "PROJNAMN": "Byåra",
        "STATUS": "Uppfört",
        "HANDLINGSTYP": "Anmälan (Enligt 9 kap. 6 § miljöbalken)",
        "UPPFORT": 1259798400000,
        "MB_Tillstand_TIDSBEGRANS_DAT": null,
        "TOTALHOJD": 100,
        "NAVHOJD": 73,
        "ROTDIAMETER": 53,
        "MAXEFFEKT": 0.8,
        "CALPROD": 2.6,
        "FABRIKAT": "Enercon",
        "MODELL": "E53",
        "ORGNMR": "769602-7387",
        "ORGNAMN": "Falkenbergs Vindkraft ek för",
        "PLACERING": "Land",
        "KOMNAMN": "Simrishamn",
        "LANSNAMN": "Skåne län",
        "EL_NAMN": "Malmö               ",
        "SenasteUppdatering": null,
        "_statuslager": "Uppförda",
        "_lager_id": 5
      }
    },
    {
      "type": "Feature",
      "id": 4915,
      "geometry": {
        "type": "Point",
        "coordinates": [
          14.077613068073036,
          55.5011996021831
        ]
      },
      "properties": {
        "OBJECTID": 4915,
        "VERKID": "1270-V-019-002",
        "OMRID": "1270-V-019",
        "PROJNAMN": "Valterslund",
        "STATUS": "Uppfört",
        "HANDLINGSTYP": "Tillstånd (Enligt 9 kap. 6 § miljöbalken)",
        "UPPFORT": 1088640000000,
        "MB_Tillstand_TIDSBEGRANS_DAT": 1609372800000,
        "TOTALHOJD": 87,
        "NAVHOJD": 65,
        "ROTDIAMETER": 44,
        "MAXEFFEKT": 0.6,
        "CALPROD": 1.6,
        "FABRIKAT": "Enercon",
        "MODELL": "E40",
        "ORGNMR": "969700-8168",
        "ORGNAMN": "HB Valterslunds Vind",
        "PLACERING": "Land",
        "KOMNAMN": "Tomelilla",
        "LANSNAMN": "Skåne län",
        "EL_NAMN": "Malmö               ",
        "SenasteUppdatering": 1599523200000,
        "_statuslager": "Uppförda",
        "_lager_id": 5
      }
    },
    {
      "type": "Feature",
      "id": 6046,
      "geometry": {
        "type": "Point",
        "coordinates": [
          14.170356324101332,
          55.47030436783688
        ]
      },
      "properties": {
        "OBJECTID": 6046,
        "VERKID": "1291-V-010-001",
        "OMRID": "1291-V-010",
        "PROJNAMN": "Borrby1",
        "STATUS": "Uppfört",
        "HANDLINGSTYP": "Anmälan (Enligt 9 kap. 6 § miljöbalken)",
        "UPPFORT": 1224028800000,
        "MB_Tillstand_TIDSBEGRANS_DAT": null,
        "TOTALHOJD": 100,
        "NAVHOJD": 73,
        "ROTDIAMETER": 53,
        "MAXEFFEKT": 0.8,
        "CALPROD": 2.5,
        "FABRIKAT": "Enercon",
        "MODELL": "E53",
        "ORGNMR": "769603-7089",
        "ORGNAMN": "Sveriges Vindkraftkooperativ Ek för",
        "PLACERING": "Land",
        "KOMNAMN": "Simrishamn",
        "LANSNAMN": "Skåne län",
        "EL_NAMN": "Malmö               ",
        "SenasteUppdatering": null,
        "_statuslager": "Uppförda",
        "_lager_id": 5
      }
    },
    {
      "type": "Feature",
      "id": 4912,
      "geometry": {
        "type": "Point",
        "coordinates": [
          14.086902049687616,
          55.523016490647315
        ]
      },
      "properties": {
        "OBJECTID": 4912,
        "VERKID": "1270-V-017-001",
        "OMRID": "1270-V-017",
        "PROJNAMN": "Ingel 2",
        "STATUS": "Uppfört",
        "HANDLINGSTYP": null,
        "UPPFORT": 827280000000,
        "MB_Tillstand_TIDSBEGRANS_DAT": null,
        "TOTALHOJD": 46,
        "NAVHOJD": 31,
        "ROTDIAMETER": 29,
        "MAXEFFEKT": 0.22,
        "CALPROD": 0.46,
        "FABRIKAT": "Vestas",
        "MODELL": "V29",
        "ORGNMR": "556404-2165",
        "ORGNAMN": "Ingelsta Gården AB",
        "PLACERING": "Land",
        "KOMNAMN": "Tomelilla",
        "LANSNAMN": "Skåne län",
        "EL_NAMN": "Malmö               ",
        "SenasteUppdatering": null,
        "_statuslager": "Uppförda",
        "_lager_id": 5
      }
    },
    {
      "type": "Feature",
      "id": 4904,
      "geometry": {
        "type": "Point",
        "coordinates": [
          13.947751196559436,
          55.59662577664233
        ]
      },
      "properties": {
        "OBJECTID": 4904,
        "VERKID": "1270-V-010-004",
        "OMRID": "1270-V-010",
        "PROJNAMN": "Vallsås",
        "STATUS": "Uppfört",
        "HANDLINGSTYP": "Tillstånd (Enligt 9 kap. 6 § miljöbalken)",
        "UPPFORT": 1012521600000,
        "MB_Tillstand_TIDSBEGRANS_DAT": 1768867200000,
        "TOTALHOJD": 87,
        "NAVHOJD": 65,
        "ROTDIAMETER": 44,
        "MAXEFFEKT": 0.6,
        "CALPROD": 1.35,
        "FABRIKAT": "Enercon",
        "MODELL": "E44",
        "ORGNMR": "556591-2077",
        "ORGNAMN": "Fred Olsen Renewables AB",
        "PLACERING": "Land",
        "KOMNAMN": "Tomelilla",
        "LANSNAMN": "Skåne län",
        "EL_NAMN": "Malmö               ",
        "SenasteUppdatering": 1719964800000,
        "_statuslager": "Uppförda",
        "_lager_id": 5
      }
    },
    {
      "type": "Feature",
      "id": 6057,
      "geometry": {
        "type": "Point",
        "coordinates": [
          14.148082791000666,
          55.52996873854122
        ]
      },
      "properties": {
        "OBJECTID": 6057,
        "VERKID": "1291-V-013-007",
        "OMRID": "1291-V-013",
        "PROJNAMN": "Östra Herrestad Vindkraftpark",
        "STATUS": "Uppfört",
        "HANDLINGSTYP": "Bygglov (Enligt 9 kap. 2 § Plan och bygglagen)",
        "UPPFORT": 1286409600000,
        "MB_Tillstand_TIDSBEGRANS_DAT": null,
        "TOTALHOJD": 125,
        "NAVHOJD": 80,
        "ROTDIAMETER": 90,
        "MAXEFFEKT": 1.8,
        "CALPROD": 6.44,
        "FABRIKAT": "Vestas",
        "MODELL": "V90",
        "ORGNMR": "556872-2879",
        "ORGNAMN": "Rabbalshede Vind AB",
        "PLACERING": "Land",
        "KOMNAMN": "Simrishamn",
        "LANSNAMN": "Skåne län",
        "EL_NAMN": "Malmö               ",
        "SenasteUppdatering": 1772668800000,
        "_statuslager": "Uppförda",
        "_lager_id": 5
      }
    },
    {
      "type": "Feature",
      "id": 4924,
      "geometry": {
        "type": "Point",
        "coordinates": [
          14.089761652727425,
          55.52134974081998
        ]
      },
      "properties": {
        "OBJECTID": 4924,
        "VERKID": "1270-V-023-004",
        "OMRID": "1270-V-023",
        "PROJNAMN": "Ingelstadgården",
        "STATUS": "Uppfört",
        "HANDLINGSTYP": "Tillstånd (Enligt 9 kap. 6 § miljöbalken)",
        "UPPFORT": 1305417600000,
        "MB_Tillstand_TIDSBEGRANS_DAT": 2114294400000,
        "TOTALHOJD": 100,
        "NAVHOJD": 64,
        "ROTDIAMETER": 71,
        "MAXEFFEKT": 2,
        "CALPROD": 4.75,
        "FABRIKAT": "Enercon",
        "MODELL": "",
        "ORGNMR": "556404-2165",
        "ORGNAMN": "Ingelsta Gården AB",
        "PLACERING": "Land",
        "KOMNAMN": "Tomelilla",
        "LANSNAMN": "Skåne län",
        "EL_NAMN": "Malmö               ",
        "SenasteUppdatering": 1599523200000,
        "_statuslager": "Uppförda",
        "_lager_id": 5
      }
    },
    {
      "type": "Feature",
      "id": 6049,
      "geometry": {
        "type": "Point",
        "coordinates": [
          14.345225401373934,
          55.53677709567478
        ]
      },
      "properties": {
        "OBJECTID": 6049,
        "VERKID": "1291-V-011-003",
        "OMRID": "1291-V-011",
        "PROJNAMN": "Simris1",
        "STATUS": "Uppfört",
        "HANDLINGSTYP": "Bygglov (Enligt 9 kap. 2 § Plan och bygglagen)",
        "UPPFORT": 725846400000,
        "MB_Tillstand_TIDSBEGRANS_DAT": null,
        "TOTALHOJD": 45,
        "NAVHOJD": 32,
        "ROTDIAMETER": 27,
        "MAXEFFEKT": 0.22,
        "CALPROD": 0.45,
        "FABRIKAT": "Vestas",
        "MODELL": "V27",
        "ORGNMR": "999999-9999",
        "ORGNAMN": "Projektör ej registrerad ",
        "PLACERING": "Land",
        "KOMNAMN": "Simrishamn",
        "LANSNAMN": "Skåne län",
        "EL_NAMN": "Malmö               ",
        "SenasteUppdatering": null,
        "_statuslager": "Uppförda",
        "_lager_id": 5
      }
    },
    {
      "type": "Feature",
      "id": 4907,
      "geometry": {
        "type": "Point",
        "coordinates": [
          14.040108472514898,
          55.5562185342127
        ]
      },
      "properties": {
        "OBJECTID": 4907,
        "VERKID": "1270-V-012-001",
        "OMRID": "1270-V-012",
        "PROJNAMN": "Lunnarp",
        "STATUS": "Uppfört",
        "HANDLINGSTYP": null,
        "UPPFORT": 1047945600000,
        "MB_Tillstand_TIDSBEGRANS_DAT": null,
        "TOTALHOJD": 91,
        "NAVHOJD": 65,
        "ROTDIAMETER": 52,
        "MAXEFFEKT": 0.85,
        "CALPROD": 2.3,
        "FABRIKAT": "Vestas",
        "MODELL": "V52",
        "ORGNMR": "999999-9999",
        "ORGNAMN": "Projektör ej registrerad ",
        "PLACERING": "Land",
        "KOMNAMN": "Tomelilla",
        "LANSNAMN": "Skåne län",
        "EL_NAMN": "Malmö               ",
        "SenasteUppdatering": null,
        "_statuslager": "Uppförda",
        "_lager_id": 5
      }
    },
    {
      "type": "Feature",
      "id": 6124,
      "geometry": {
        "type": "Point",
        "coordinates": [
          14.189947098792388,
          55.47063065144056
        ]
      },
      "properties": {
        "OBJECTID": 6124,
        "VERKID": "1291-V-055-001",
        "OMRID": "1291-V-055",
        "PROJNAMN": "Borrby2",
        "STATUS": "Uppfört",
        "HANDLINGSTYP": "Bygglov (Enligt 9 kap. 2 § Plan och bygglagen)",
        "UPPFORT": 1259625600000,
        "MB_Tillstand_TIDSBEGRANS_DAT": null,
        "TOTALHOJD": 100,
        "NAVHOJD": 73,
        "ROTDIAMETER": 53,
        "MAXEFFEKT": 0.8,
        "CALPROD": 2.6,
        "FABRIKAT": "Enercon",
        "MODELL": "E53",
        "ORGNMR": "556394-3181",
        "ORGNAMN": "Raftastens jordbruk",
        "PLACERING": "Land",
        "KOMNAMN": "Simrishamn",
        "LANSNAMN": "Skåne län",
        "EL_NAMN": "Malmö               ",
        "SenasteUppdatering": 1719964800000,
        "_statuslager": "Uppförda",
        "_lager_id": 5
      }
    },
    {
      "type": "Feature",
      "id": 6107,
      "geometry": {
        "type": "Point",
        "coordinates": [
          14.090533262947453,
          55.498524559627256
        ]
      },
      "properties": {
        "OBJECTID": 6107,
        "VERKID": "1291-V-036-001",
        "OMRID": "1291-V-036",
        "PROJNAMN": "Hannas",
        "STATUS": "Uppfört",
        "HANDLINGSTYP": "Bygglov (Enligt 9 kap. 2 § Plan och bygglagen)",
        "UPPFORT": 1575158400000,
        "MB_Tillstand_TIDSBEGRANS_DAT": null,
        "TOTALHOJD": 119,
        "NAVHOJD": 78,
        "ROTDIAMETER": 82,
        "MAXEFFEKT": 2.35,
        "CALPROD": 6.8,
        "FABRIKAT": "Enercon",
        "MODELL": "E-82",
        "ORGNMR": "556688-2683",
        "ORGNAMN": "Firma Ramström Vind AB",
        "PLACERING": "Land",
        "KOMNAMN": "Simrishamn",
        "LANSNAMN": "Skåne län",
        "EL_NAMN": "Malmö               ",
        "SenasteUppdatering": 1772668800000,
        "_statuslager": "Uppförda",
        "_lager_id": 5
      }
    },
    {
      "type": "Feature",
      "id": 6058,
      "geometry": {
        "type": "Point",
        "coordinates": [
          14.152237126008012,
          55.53211797788245
        ]
      },
      "properties": {
        "OBJECTID": 6058,
        "VERKID": "1291-V-013-008",
        "OMRID": "1291-V-013",
        "PROJNAMN": "Östra Herrestad Vindkraftpark",
        "STATUS": "Uppfört",
        "HANDLINGSTYP": "Bygglov (Enligt 9 kap. 2 § Plan och bygglagen)",
        "UPPFORT": 1286409600000,
        "MB_Tillstand_TIDSBEGRANS_DAT": null,
        "TOTALHOJD": 125,
        "NAVHOJD": 80,
        "ROTDIAMETER": 90,
        "MAXEFFEKT": 1.8,
        "CALPROD": 6.44,
        "FABRIKAT": "Vestas",
        "MODELL": "V90",
        "ORGNMR": "556872-2879",
        "ORGNAMN": "Rabbalshede Vind AB",
        "PLACERING": "Land",
        "KOMNAMN": "Simrishamn",
        "LANSNAMN": "Skåne län",
        "EL_NAMN": "Malmö               ",
        "SenasteUppdatering": 1772668800000,
        "_statuslager": "Uppförda",
        "_lager_id": 5
      }
    },
    {
      "type": "Feature",
      "id": 4927,
      "geometry": {
        "type": "Point",
        "coordinates": [
          13.923274093706908,
          55.62332942686728
        ]
      },
      "properties": {
        "OBJECTID": 4927,
        "VERKID": "1270-V-025-002",
        "OMRID": "1270-V-025",
        "PROJNAMN": "Äsperöd",
        "STATUS": "Uppfört",
        "HANDLINGSTYP": "Bygglov (Enligt 9 kap. 2 § Plan och bygglagen)",
        "UPPFORT": 1262304000000,
        "MB_Tillstand_TIDSBEGRANS_DAT": null,
        "TOTALHOJD": 119,
        "NAVHOJD": 78,
        "ROTDIAMETER": 82,
        "MAXEFFEKT": 2,
        "CALPROD": 5.4,
        "FABRIKAT": "Enercon",
        "MODELL": "E82-2.0",
        "ORGNMR": "556389-3956",
        "ORGNAMN": "Eolus Vind AB",
        "PLACERING": "Land",
        "KOMNAMN": "Tomelilla",
        "LANSNAMN": "Skåne län",
        "EL_NAMN": "Malmö               ",
        "SenasteUppdatering": 1745280000000,
        "_statuslager": "Uppförda",
        "_lager_id": 5
      }
    },
    {
      "type": "Feature",
      "id": 4913,
      "geometry": {
        "type": "Point",
        "coordinates": [
          14.08471368790747,
          55.52272527678898
        ]
      },
      "properties": {
        "OBJECTID": 4913,
        "VERKID": "1270-V-018-001",
        "OMRID": "1270-V-018",
        "PROJNAMN": "Ingel 3",
        "STATUS": "Uppfört",
        "HANDLINGSTYP": null,
        "UPPFORT": 877046400000,
        "MB_Tillstand_TIDSBEGRANS_DAT": null,
        "TOTALHOJD": 47,
        "NAVHOJD": 32,
        "ROTDIAMETER": 29,
        "MAXEFFEKT": 0.22,
        "CALPROD": 0.46,
        "FABRIKAT": "Vestas",
        "MODELL": "V29",
        "ORGNMR": "556404-2165",
        "ORGNAMN": "Ingelsta Gården AB",
        "PLACERING": "Land",
        "KOMNAMN": "Tomelilla",
        "LANSNAMN": "Skåne län",
        "EL_NAMN": "Malmö               ",
        "SenasteUppdatering": null,
        "_statuslager": "Uppförda",
        "_lager_id": 5
      }
    },
    {
      "type": "Feature",
      "id": 6052,
      "geometry": {
        "type": "Point",
        "coordinates": [
          14.189748749613392,
          55.528908685793965
        ]
      },
      "properties": {
        "OBJECTID": 6052,
        "VERKID": "1291-V-013-002",
        "OMRID": "1291-V-013",
        "PROJNAMN": "Östra Herrestad Vindkraftpark",
        "STATUS": "Uppfört",
        "HANDLINGSTYP": "Bygglov (Enligt 9 kap. 2 § Plan och bygglagen)",
        "UPPFORT": 1286409600000,
        "MB_Tillstand_TIDSBEGRANS_DAT": null,
        "TOTALHOJD": 125,
        "NAVHOJD": 80,
        "ROTDIAMETER": 90,
        "MAXEFFEKT": 1.8,
        "CALPROD": 6.44,
        "FABRIKAT": "Vestas",
        "MODELL": "V90",
        "ORGNMR": "556872-2879",
        "ORGNAMN": "Rabbalshede Vind AB",
        "PLACERING": "Land",
        "KOMNAMN": "Simrishamn",
        "LANSNAMN": "Skåne län",
        "EL_NAMN": "Malmö               ",
        "SenasteUppdatering": 1772668800000,
        "_statuslager": "Uppförda",
        "_lager_id": 5
      }
    },
    {
      "type": "Feature",
      "id": 5597,
      "geometry": {
        "type": "Point",
        "coordinates": [
          14.123171856425587,
          55.46350200666319
        ]
      },
      "properties": {
        "OBJECTID": 5597,
        "VERKID": "1286-V-027-001",
        "OMRID": "1286-V-027",
        "PROJNAMN": "Slitevind Eriksfält",
        "STATUS": "Uppfört",
        "HANDLINGSTYP": "Bygglov (Enligt 9 kap. 2 § Plan och bygglagen)",
        "UPPFORT": 850262400000,
        "MB_Tillstand_TIDSBEGRANS_DAT": null,
        "TOTALHOJD": 70,
        "NAVHOJD": 50,
        "ROTDIAMETER": 40,
        "MAXEFFEKT": 0.5,
        "CALPROD": 1.3,
        "FABRIKAT": "Enercon",
        "MODELL": "E40",
        "ORGNMR": "556453-2819",
        "ORGNAMN": "Slitevind AB",
        "PLACERING": "Land",
        "KOMNAMN": "Ystad",
        "LANSNAMN": "Skåne län",
        "EL_NAMN": "Malmö               ",
        "SenasteUppdatering": null,
        "_statuslager": "Uppförda",
        "_lager_id": 5
      }
    },
    {
      "type": "Feature",
      "id": 4910,
      "geometry": {
        "type": "Point",
        "coordinates": [
          14.016118971081145,
          55.54597952604713
        ]
      },
      "properties": {
        "OBJECTID": 4910,
        "VERKID": "1270-V-015-001",
        "OMRID": "1270-V-015",
        "PROJNAMN": "Lunnarp",
        "STATUS": "Uppfört",
        "HANDLINGSTYP": null,
        "UPPFORT": 1167609600000,
        "MB_Tillstand_TIDSBEGRANS_DAT": null,
        "TOTALHOJD": 32,
        "NAVHOJD": 23,
        "ROTDIAMETER": 17,
        "MAXEFFEKT": 0.05,
        "CALPROD": null,
        "FABRIKAT": null,
        "MODELL": "",
        "ORGNMR": "999999-9999",
        "ORGNAMN": "Projektör ej registrerad ",
        "PLACERING": "Land",
        "KOMNAMN": "Tomelilla",
        "LANSNAMN": "Skåne län",
        "EL_NAMN": "Malmö               ",
        "SenasteUppdatering": null,
        "_statuslager": "Uppförda",
        "_lager_id": 5
      }
    },
    {
      "type": "Feature",
      "id": 6135,
      "geometry": {
        "type": "Point",
        "coordinates": [
          14.238708413001415,
          55.62711104127396
        ]
      },
      "properties": {
        "OBJECTID": 6135,
        "VERKID": "1291-V-070-001",
        "OMRID": "1291-V-070",
        "PROJNAMN": "Rörum",
        "STATUS": "Uppfört",
        "HANDLINGSTYP": null,
        "UPPFORT": 1441065600000,
        "MB_Tillstand_TIDSBEGRANS_DAT": null,
        "TOTALHOJD": 26,
        "NAVHOJD": 20,
        "ROTDIAMETER": 13,
        "MAXEFFEKT": 0.01,
        "CALPROD": 0.04,
        "FABRIKAT": null,
        "MODELL": null,
        "ORGNMR": "999999-9999",
        "ORGNAMN": "Projektör ej registrerad ",
        "PLACERING": "Land      ",
        "KOMNAMN": "Simrishamn",
        "LANSNAMN": "Skåne län",
        "EL_NAMN": "Malmö               ",
        "SenasteUppdatering": null,
        "_statuslager": "Uppförda",
        "_lager_id": 5
      }
    },
    {
      "type": "Feature",
      "id": 4916,
      "geometry": {
        "type": "Point",
        "coordinates": [
          13.943394532223023,
          55.59310153156588
        ]
      },
      "properties": {
        "OBJECTID": 4916,
        "VERKID": "1270-V-021-001",
        "OMRID": "1270-V-021",
        "PROJNAMN": "Everöd Vindkraftpark",
        "STATUS": "Uppfört",
        "HANDLINGSTYP": "Tillstånd (Enligt 9 kap. 6 § miljöbalken)",
        "UPPFORT": 1241136000000,
        "MB_Tillstand_TIDSBEGRANS_DAT": 2114294400000,
        "TOTALHOJD": 100,
        "NAVHOJD": 70,
        "ROTDIAMETER": 70,
        "MAXEFFEKT": 2.3,
        "CALPROD": null,
        "FABRIKAT": "Enercon",
        "MODELL": "-",
        "ORGNMR": "999999-9999",
        "ORGNAMN": "Projektör ej registrerad ",
        "PLACERING": "Land",
        "KOMNAMN": "Tomelilla",
        "LANSNAMN": "Skåne län",
        "EL_NAMN": "Malmö               ",
        "SenasteUppdatering": 1782259200000,
        "_statuslager": "Uppförda",
        "_lager_id": 5
      }
    },
    {
      "type": "Feature",
      "id": 6055,
      "geometry": {
        "type": "Point",
        "coordinates": [
          14.2008025747553,
          55.529314577853505
        ]
      },
      "properties": {
        "OBJECTID": 6055,
        "VERKID": "1291-V-013-005",
        "OMRID": "1291-V-013",
        "PROJNAMN": "Östra Herrestad Vindkraftpark",
        "STATUS": "Uppfört",
        "HANDLINGSTYP": "Bygglov (Enligt 9 kap. 2 § Plan och bygglagen)",
        "UPPFORT": 1286409600000,
        "MB_Tillstand_TIDSBEGRANS_DAT": null,
        "TOTALHOJD": 125,
        "NAVHOJD": 80,
        "ROTDIAMETER": 90,
        "MAXEFFEKT": 1.8,
        "CALPROD": 6.44,
        "FABRIKAT": "Vestas",
        "MODELL": "V90",
        "ORGNMR": "556872-2879",
        "ORGNAMN": "Rabbalshede Vind AB",
        "PLACERING": "Land",
        "KOMNAMN": "Simrishamn",
        "LANSNAMN": "Skåne län",
        "EL_NAMN": "Malmö               ",
        "SenasteUppdatering": 1772668800000,
        "_statuslager": "Uppförda",
        "_lager_id": 5
      }
    },
    {
      "type": "Feature",
      "id": 5598,
      "geometry": {
        "type": "Point",
        "coordinates": [
          14.123428288706625,
          55.46119674907893
        ]
      },
      "properties": {
        "OBJECTID": 5598,
        "VERKID": "1286-V-027-002",
        "OMRID": "1286-V-027",
        "PROJNAMN": "Slitevind Eriksfält",
        "STATUS": "Uppfört",
        "HANDLINGSTYP": "Bygglov (Enligt 9 kap. 2 § Plan och bygglagen)",
        "UPPFORT": 850262400000,
        "MB_Tillstand_TIDSBEGRANS_DAT": null,
        "TOTALHOJD": 70,
        "NAVHOJD": 50,
        "ROTDIAMETER": 40,
        "MAXEFFEKT": 0.5,
        "CALPROD": 1.3,
        "FABRIKAT": "Enercon",
        "MODELL": "E40",
        "ORGNMR": "556453-2819",
        "ORGNAMN": "Slitevind AB",
        "PLACERING": "Land",
        "KOMNAMN": "Ystad",
        "LANSNAMN": "Skåne län",
        "EL_NAMN": "Malmö               ",
        "SenasteUppdatering": null,
        "_statuslager": "Uppförda",
        "_lager_id": 5
      }
    },
    {
      "type": "Feature",
      "id": 6047,
      "geometry": {
        "type": "Point",
        "coordinates": [
          14.340752461075017,
          55.53672813191037
        ]
      },
      "properties": {
        "OBJECTID": 6047,
        "VERKID": "1291-V-011-001",
        "OMRID": "1291-V-011",
        "PROJNAMN": "Simris1",
        "STATUS": "Uppfört",
        "HANDLINGSTYP": "Bygglov (Enligt 9 kap. 2 § Plan och bygglagen)",
        "UPPFORT": 725846400000,
        "MB_Tillstand_TIDSBEGRANS_DAT": null,
        "TOTALHOJD": 45,
        "NAVHOJD": 32,
        "ROTDIAMETER": 27,
        "MAXEFFEKT": 0.22,
        "CALPROD": 0.45,
        "FABRIKAT": "Vestas",
        "MODELL": "V27",
        "ORGNMR": "556429-4592",
        "ORGNAMN": "Österlenvind AB",
        "PLACERING": "Land",
        "KOMNAMN": "Simrishamn",
        "LANSNAMN": "Skåne län",
        "EL_NAMN": "Malmö               ",
        "SenasteUppdatering": null,
        "_statuslager": "Uppförda",
        "_lager_id": 5
      }
    },
    {
      "type": "Feature",
      "id": 4911,
      "geometry": {
        "type": "Point",
        "coordinates": [
          14.08910591159277,
          55.52331694629591
        ]
      },
      "properties": {
        "OBJECTID": 4911,
        "VERKID": "1270-V-016-001",
        "OMRID": "1270-V-016",
        "PROJNAMN": "Ingel 1",
        "STATUS": "Uppfört",
        "HANDLINGSTYP": null,
        "UPPFORT": 827280000000,
        "MB_Tillstand_TIDSBEGRANS_DAT": null,
        "TOTALHOJD": 46,
        "NAVHOJD": 31,
        "ROTDIAMETER": 29,
        "MAXEFFEKT": 0.22,
        "CALPROD": 0.46,
        "FABRIKAT": "Vestas",
        "MODELL": "V29",
        "ORGNMR": "556404-2165",
        "ORGNAMN": "Ingelsta Gården AB",
        "PLACERING": "Land",
        "KOMNAMN": "Tomelilla",
        "LANSNAMN": "Skåne län",
        "EL_NAMN": "Malmö               ",
        "SenasteUppdatering": null,
        "_statuslager": "Uppförda",
        "_lager_id": 5
      }
    },
    {
      "type": "Feature",
      "id": 4905,
      "geometry": {
        "type": "Point",
        "coordinates": [
          13.948317315980379,
          55.59444701431681
        ]
      },
      "properties": {
        "OBJECTID": 4905,
        "VERKID": "1270-V-010-005",
        "OMRID": "1270-V-010",
        "PROJNAMN": "Vallsås",
        "STATUS": "Uppfört",
        "HANDLINGSTYP": "Tillstånd (Enligt 9 kap. 6 § miljöbalken)",
        "UPPFORT": 1012521600000,
        "MB_Tillstand_TIDSBEGRANS_DAT": 1768867200000,
        "TOTALHOJD": 87,
        "NAVHOJD": 65,
        "ROTDIAMETER": 44,
        "MAXEFFEKT": 0.6,
        "CALPROD": 1.35,
        "FABRIKAT": "Enercon",
        "MODELL": "E44",
        "ORGNMR": "556591-2077",
        "ORGNAMN": "Fred Olsen Renewables AB",
        "PLACERING": "Land",
        "KOMNAMN": "Tomelilla",
        "LANSNAMN": "Skåne län",
        "EL_NAMN": "Malmö               ",
        "SenasteUppdatering": 1719964800000,
        "_statuslager": "Uppförda",
        "_lager_id": 5
      }
    },
    {
      "type": "Feature",
      "id": 4951,
      "geometry": {
        "type": "Point",
        "coordinates": [
          13.980181047388907,
          55.5641170383278
        ]
      },
      "properties": {
        "OBJECTID": 4951,
        "VERKID": "1270-V-040-001",
        "OMRID": "1270-V-040",
        "PROJNAMN": "Sälshög",
        "STATUS": "Uppfört",
        "HANDLINGSTYP": "Bygglov (Enligt 9 kap. 2 § Plan och bygglagen)",
        "UPPFORT": 1399939200000,
        "MB_Tillstand_TIDSBEGRANS_DAT": null,
        "TOTALHOJD": 119,
        "NAVHOJD": 78,
        "ROTDIAMETER": 82,
        "MAXEFFEKT": 2.3,
        "CALPROD": 6,
        "FABRIKAT": "Enercon",
        "MODELL": "E82",
        "ORGNMR": "556688-2683",
        "ORGNAMN": "Firma Ramström Vind AB",
        "PLACERING": "Land",
        "KOMNAMN": "Tomelilla",
        "LANSNAMN": "Skåne län",
        "EL_NAMN": "Malmö               ",
        "SenasteUppdatering": null,
        "_statuslager": "Uppförda",
        "_lager_id": 5
      }
    },
    {
      "type": "Feature",
      "id": 6056,
      "geometry": {
        "type": "Point",
        "coordinates": [
          14.144926442663278,
          55.53307908830837
        ]
      },
      "properties": {
        "OBJECTID": 6056,
        "VERKID": "1291-V-013-006",
        "OMRID": "1291-V-013",
        "PROJNAMN": "Östra Herrestad Vindkraftpark",
        "STATUS": "Uppfört",
        "HANDLINGSTYP": "Bygglov (Enligt 9 kap. 2 § Plan och bygglagen)",
        "UPPFORT": 1286409600000,
        "MB_Tillstand_TIDSBEGRANS_DAT": null,
        "TOTALHOJD": 125,
        "NAVHOJD": 80,
        "ROTDIAMETER": 90,
        "MAXEFFEKT": 1.8,
        "CALPROD": 6.44,
        "FABRIKAT": "Vestas",
        "MODELL": "V90",
        "ORGNMR": "556872-2879",
        "ORGNAMN": "Rabbalshede Vind AB",
        "PLACERING": "Land",
        "KOMNAMN": "Simrishamn",
        "LANSNAMN": "Skåne län",
        "EL_NAMN": "Malmö               ",
        "SenasteUppdatering": 1772668800000,
        "_statuslager": "Uppförda",
        "_lager_id": 5
      }
    },
    {
      "type": "Feature",
      "id": 5601,
      "geometry": {
        "type": "Point",
        "coordinates": [
          14.132342244396892,
          55.47738032127397
        ]
      },
      "properties": {
        "OBJECTID": 5601,
        "VERKID": "1286-V-029-001",
        "OMRID": "1286-V-029",
        "PROJNAMN": "Örum",
        "STATUS": "Uppfört",
        "HANDLINGSTYP": "Bygglov (Enligt 9 kap. 2 § Plan och bygglagen)",
        "UPPFORT": 1112313600000,
        "MB_Tillstand_TIDSBEGRANS_DAT": null,
        "TOTALHOJD": 100,
        "NAVHOJD": 74,
        "ROTDIAMETER": 52,
        "MAXEFFEKT": 0.85,
        "CALPROD": 2.4,
        "FABRIKAT": null,
        "MODELL": null,
        "ORGNMR": "556651-9715",
        "ORGNAMN": "Stefan Widen AB",
        "PLACERING": "Land",
        "KOMNAMN": "Ystad",
        "LANSNAMN": "Skåne län",
        "EL_NAMN": "Malmö               ",
        "SenasteUppdatering": 1739923200000,
        "_statuslager": "Uppförda",
        "_lager_id": 5
      }
    },
    {
      "type": "Feature",
      "id": 4925,
      "geometry": {
        "type": "Point",
        "coordinates": [
          14.036548402236194,
          55.55502627706822
        ]
      },
      "properties": {
        "OBJECTID": 4925,
        "VERKID": "1270-V-024-001",
        "OMRID": "1270-V-024",
        "PROJNAMN": "Lunnarp",
        "STATUS": "Uppfört",
        "HANDLINGSTYP": null,
        "UPPFORT": 1263513600000,
        "MB_Tillstand_TIDSBEGRANS_DAT": null,
        "TOTALHOJD": 99,
        "NAVHOJD": 73,
        "ROTDIAMETER": 53,
        "MAXEFFEKT": 0.8,
        "CALPROD": null,
        "FABRIKAT": "Enercon",
        "MODELL": "E53",
        "ORGNMR": "556343-8208",
        "ORGNAMN": "Ekovind AB",
        "PLACERING": "Land",
        "KOMNAMN": "Tomelilla",
        "LANSNAMN": "Skåne län",
        "EL_NAMN": "Malmö               ",
        "SenasteUppdatering": 1551139200000,
        "_statuslager": "Uppförda",
        "_lager_id": 5
      }
    },
    {
      "type": "Feature",
      "id": 4908,
      "geometry": {
        "type": "Point",
        "coordinates": [
          13.983084788623442,
          55.66015811518503
        ]
      },
      "properties": {
        "OBJECTID": 4908,
        "VERKID": "1270-V-013-001",
        "OMRID": "1270-V-013",
        "PROJNAMN": "Månslunda I",
        "STATUS": "Uppfört",
        "HANDLINGSTYP": null,
        "UPPFORT": 912124800000,
        "MB_Tillstand_TIDSBEGRANS_DAT": null,
        "TOTALHOJD": 85,
        "NAVHOJD": 65,
        "ROTDIAMETER": 40,
        "MAXEFFEKT": 0.5,
        "CALPROD": 1.35,
        "FABRIKAT": "Enercon",
        "MODELL": "E40",
        "ORGNMR": "556948-3257",
        "ORGNAMN": "Pålstorp Mjölk AB",
        "PLACERING": "Land",
        "KOMNAMN": "Tomelilla",
        "LANSNAMN": "Skåne län",
        "EL_NAMN": "Malmö               ",
        "SenasteUppdatering": null,
        "_statuslager": "Uppförda",
        "_lager_id": 5
      }
    },
    {
      "type": "Feature",
      "id": 6113,
      "geometry": {
        "type": "Point",
        "coordinates": [
          14.150700894645226,
          55.48309298799489
        ]
      },
      "properties": {
        "OBJECTID": 6113,
        "VERKID": "1291-V-040-001",
        "OMRID": "1291-V-040",
        "PROJNAMN": "Olofsfält",
        "STATUS": "Uppfört",
        "HANDLINGSTYP": "Bygglov (Enligt 9 kap. 2 § Plan och bygglagen)",
        "UPPFORT": 1531094400000,
        "MB_Tillstand_TIDSBEGRANS_DAT": null,
        "TOTALHOJD": 100,
        "NAVHOJD": 64,
        "ROTDIAMETER": 71,
        "MAXEFFEKT": 2.3,
        "CALPROD": 5.8,
        "FABRIKAT": "Enercon",
        "MODELL": "-",
        "ORGNMR": "559100-3883",
        "ORGNAMN": "Olofsfälts Vind AB",
        "PLACERING": "Land",
        "KOMNAMN": "Simrishamn",
        "LANSNAMN": "Skåne län",
        "EL_NAMN": "Malmö               ",
        "SenasteUppdatering": 1719964800000,
        "_statuslager": "Uppförda",
        "_lager_id": 5
      }
    },
    {
      "type": "Feature",
      "id": 4922,
      "geometry": {
        "type": "Point",
        "coordinates": [
          14.091819744821478,
          55.515171015699025
        ]
      },
      "properties": {
        "OBJECTID": 4922,
        "VERKID": "1270-V-023-002",
        "OMRID": "1270-V-023",
        "PROJNAMN": "Ingelstadgården",
        "STATUS": "Uppfört",
        "HANDLINGSTYP": "Tillstånd (Enligt 9 kap. 6 § miljöbalken)",
        "UPPFORT": 1305417600000,
        "MB_Tillstand_TIDSBEGRANS_DAT": 2114294400000,
        "TOTALHOJD": 100,
        "NAVHOJD": 64,
        "ROTDIAMETER": 71,
        "MAXEFFEKT": 2,
        "CALPROD": 4.75,
        "FABRIKAT": "Enercon",
        "MODELL": "",
        "ORGNMR": "556404-2165",
        "ORGNAMN": "Ingelsta Gården AB",
        "PLACERING": "Land",
        "KOMNAMN": "Tomelilla",
        "LANSNAMN": "Skåne län",
        "EL_NAMN": "Malmö               ",
        "SenasteUppdatering": 1599523200000,
        "_statuslager": "Uppförda",
        "_lager_id": 5
      }
    },
    {
      "type": "Feature",
      "id": 6059,
      "geometry": {
        "type": "Point",
        "coordinates": [
          14.18141174690958,
          55.51869219719829
        ]
      },
      "properties": {
        "OBJECTID": 6059,
        "VERKID": "1291-V-013-009",
        "OMRID": "1291-V-013",
        "PROJNAMN": "Östra Herrestad Vindkraftpark",
        "STATUS": "Uppfört",
        "HANDLINGSTYP": "Bygglov (Enligt 9 kap. 2 § Plan och bygglagen)",
        "UPPFORT": 1286409600000,
        "MB_Tillstand_TIDSBEGRANS_DAT": null,
        "TOTALHOJD": 125,
        "NAVHOJD": 80,
        "ROTDIAMETER": 90,
        "MAXEFFEKT": 1.8,
        "CALPROD": 6.44,
        "FABRIKAT": "Vestas",
        "MODELL": "V90",
        "ORGNMR": "556872-2879",
        "ORGNAMN": "Rabbalshede Vind AB",
        "PLACERING": "Land",
        "KOMNAMN": "Simrishamn",
        "LANSNAMN": "Skåne län",
        "EL_NAMN": "Malmö               ",
        "SenasteUppdatering": 1772668800000,
        "_statuslager": "Uppförda",
        "_lager_id": 5
      }
    },
    {
      "type": "Feature",
      "id": 6053,
      "geometry": {
        "type": "Point",
        "coordinates": [
          14.188672160216134,
          55.53198473360221
        ]
      },
      "properties": {
        "OBJECTID": 6053,
        "VERKID": "1291-V-013-003",
        "OMRID": "1291-V-013",
        "PROJNAMN": "Östra Herrestad Vindkraftpark",
        "STATUS": "Uppfört",
        "HANDLINGSTYP": "Bygglov (Enligt 9 kap. 2 § Plan och bygglagen)",
        "UPPFORT": 1286409600000,
        "MB_Tillstand_TIDSBEGRANS_DAT": null,
        "TOTALHOJD": 125,
        "NAVHOJD": 80,
        "ROTDIAMETER": 90,
        "MAXEFFEKT": 1.8,
        "CALPROD": 6.44,
        "FABRIKAT": "Vestas",
        "MODELL": "V90",
        "ORGNMR": "556872-2879",
        "ORGNAMN": "Rabbalshede Vind AB",
        "PLACERING": "Land",
        "KOMNAMN": "Simrishamn",
        "LANSNAMN": "Skåne län",
        "EL_NAMN": "Malmö               ",
        "SenasteUppdatering": 1772668800000,
        "_statuslager": "Uppförda",
        "_lager_id": 5
      }
    },
    {
      "type": "Feature",
      "id": 4914,
      "geometry": {
        "type": "Point",
        "coordinates": [
          14.075008777402024,
          55.50273392599571
        ]
      },
      "properties": {
        "OBJECTID": 4914,
        "VERKID": "1270-V-019-001",
        "OMRID": "1270-V-019",
        "PROJNAMN": "Valterslund",
        "STATUS": "Uppfört",
        "HANDLINGSTYP": "Tillstånd (Enligt 9 kap. 6 § miljöbalken)",
        "UPPFORT": 1088640000000,
        "MB_Tillstand_TIDSBEGRANS_DAT": 1609372800000,
        "TOTALHOJD": 87,
        "NAVHOJD": 65,
        "ROTDIAMETER": 44,
        "MAXEFFEKT": 0.6,
        "CALPROD": 1.6,
        "FABRIKAT": "Enercon",
        "MODELL": "E40",
        "ORGNMR": "969700-8168",
        "ORGNAMN": "HB Valterslunds Vind",
        "PLACERING": "Land",
        "KOMNAMN": "Tomelilla",
        "LANSNAMN": "Skåne län",
        "EL_NAMN": "Malmö               ",
        "SenasteUppdatering": 1599523200000,
        "_statuslager": "Uppförda",
        "_lager_id": 5
      }
    },
    {
      "type": "Feature",
      "id": 6114,
      "geometry": {
        "type": "Point",
        "coordinates": [
          14.157513540218744,
          55.48494220562787
        ]
      },
      "properties": {
        "OBJECTID": 6114,
        "VERKID": "1291-V-040-002",
        "OMRID": "1291-V-040",
        "PROJNAMN": "Olofsfält",
        "STATUS": "Uppfört",
        "HANDLINGSTYP": "Bygglov (Enligt 9 kap. 2 § Plan och bygglagen)",
        "UPPFORT": 1546300800000,
        "MB_Tillstand_TIDSBEGRANS_DAT": null,
        "TOTALHOJD": 100,
        "NAVHOJD": 64,
        "ROTDIAMETER": 71,
        "MAXEFFEKT": 2.3,
        "CALPROD": null,
        "FABRIKAT": null,
        "MODELL": "-",
        "ORGNMR": "559100-3883",
        "ORGNAMN": "Olofsfälts Vind AB",
        "PLACERING": "Land",
        "KOMNAMN": "Simrishamn",
        "LANSNAMN": "Skåne län",
        "EL_NAMN": "Malmö               ",
        "SenasteUppdatering": 1719964800000,
        "_statuslager": "Uppförda",
        "_lager_id": 5
      }
    },
    {
      "type": "Feature",
      "id": 4923,
      "geometry": {
        "type": "Point",
        "coordinates": [
          14.090798880125112,
          55.518255995654854
        ]
      },
      "properties": {
        "OBJECTID": 4923,
        "VERKID": "1270-V-023-003",
        "OMRID": "1270-V-023",
        "PROJNAMN": "Ingelstadgården",
        "STATUS": "Uppfört",
        "HANDLINGSTYP": "Tillstånd (Enligt 9 kap. 6 § miljöbalken)",
        "UPPFORT": 1305417600000,
        "MB_Tillstand_TIDSBEGRANS_DAT": 2114294400000,
        "TOTALHOJD": 100,
        "NAVHOJD": 64,
        "ROTDIAMETER": 71,
        "MAXEFFEKT": 2,
        "CALPROD": 4.75,
        "FABRIKAT": "Enercon",
        "MODELL": "",
        "ORGNMR": "556404-2165",
        "ORGNAMN": "Ingelsta Gården AB",
        "PLACERING": "Land",
        "KOMNAMN": "Tomelilla",
        "LANSNAMN": "Skåne län",
        "EL_NAMN": "Malmö               ",
        "SenasteUppdatering": 1599523200000,
        "_statuslager": "Uppförda",
        "_lager_id": 5
      }
    },
    {
      "type": "Feature",
      "id": 6134,
      "geometry": {
        "type": "Point",
        "coordinates": [
          14.192771205649665,
          55.55832073717624
        ]
      },
      "properties": {
        "OBJECTID": 6134,
        "VERKID": "1291-V-069-001",
        "OMRID": "1291-V-069",
        "PROJNAMN": "Gärsnäs",
        "STATUS": "Uppfört",
        "HANDLINGSTYP": null,
        "UPPFORT": 1394668800000,
        "MB_Tillstand_TIDSBEGRANS_DAT": null,
        "TOTALHOJD": 45,
        "NAVHOJD": 37,
        "ROTDIAMETER": 15,
        "MAXEFFEKT": 0.04,
        "CALPROD": 0.01,
        "FABRIKAT": null,
        "MODELL": null,
        "ORGNMR": "999999-9999",
        "ORGNAMN": "Projektör ej registrerad ",
        "PLACERING": "Land      ",
        "KOMNAMN": "Simrishamn",
        "LANSNAMN": "Skåne län",
        "EL_NAMN": "Malmö               ",
        "SenasteUppdatering": null,
        "_statuslager": "Uppförda",
        "_lager_id": 5
      }
    },
    {
      "type": "Feature",
      "id": 6054,
      "geometry": {
        "type": "Point",
        "coordinates": [
          14.180783510488556,
          55.521639352810816
        ]
      },
      "properties": {
        "OBJECTID": 6054,
        "VERKID": "1291-V-013-004",
        "OMRID": "1291-V-013",
        "PROJNAMN": "Östra Herrestad Vindkraftpark",
        "STATUS": "Uppfört",
        "HANDLINGSTYP": "Bygglov (Enligt 9 kap. 2 § Plan och bygglagen)",
        "UPPFORT": 1286409600000,
        "MB_Tillstand_TIDSBEGRANS_DAT": null,
        "TOTALHOJD": 125,
        "NAVHOJD": 80,
        "ROTDIAMETER": 90,
        "MAXEFFEKT": 1.8,
        "CALPROD": 6.44,
        "FABRIKAT": "Vestas",
        "MODELL": "V90",
        "ORGNMR": "556872-2879",
        "ORGNAMN": "Rabbalshede Vind AB",
        "PLACERING": "Land",
        "KOMNAMN": "Simrishamn",
        "LANSNAMN": "Skåne län",
        "EL_NAMN": "Malmö               ",
        "SenasteUppdatering": 1772668800000,
        "_statuslager": "Uppförda",
        "_lager_id": 5
      }
    },
    {
      "type": "Feature",
      "id": 4917,
      "geometry": {
        "type": "Point",
        "coordinates": [
          13.941118030336956,
          55.595941628870115
        ]
      },
      "properties": {
        "OBJECTID": 4917,
        "VERKID": "1270-V-021-002",
        "OMRID": "1270-V-021",
        "PROJNAMN": "Everöd Vindkraftpark",
        "STATUS": "Uppfört",
        "HANDLINGSTYP": "Tillstånd (Enligt 9 kap. 6 § miljöbalken)",
        "UPPFORT": 1241136000000,
        "MB_Tillstand_TIDSBEGRANS_DAT": 2114294400000,
        "TOTALHOJD": 100,
        "NAVHOJD": 70,
        "ROTDIAMETER": 70,
        "MAXEFFEKT": 2.3,
        "CALPROD": null,
        "FABRIKAT": "Enercon",
        "MODELL": "-",
        "ORGNMR": "556475-7119",
        "ORGNAMN": "Kraftringen Produktion AB",
        "PLACERING": "Land",
        "KOMNAMN": "Tomelilla",
        "LANSNAMN": "Skåne län",
        "EL_NAMN": "Malmö               ",
        "SenasteUppdatering": 1782259200000,
        "_statuslager": "Uppförda",
        "_lager_id": 5
      }
    },
    {
      "type": "Feature",
      "id": 6048,
      "geometry": {
        "type": "Point",
        "coordinates": [
          14.343000773625421,
          55.536755034021375
        ]
      },
      "properties": {
        "OBJECTID": 6048,
        "VERKID": "1291-V-011-002",
        "OMRID": "1291-V-011",
        "PROJNAMN": "Simris1",
        "STATUS": "Uppfört",
        "HANDLINGSTYP": "Bygglov (Enligt 9 kap. 2 § Plan och bygglagen)",
        "UPPFORT": 725846400000,
        "MB_Tillstand_TIDSBEGRANS_DAT": null,
        "TOTALHOJD": 45,
        "NAVHOJD": 32,
        "ROTDIAMETER": 27,
        "MAXEFFEKT": 0.22,
        "CALPROD": 0.45,
        "FABRIKAT": "Vestas",
        "MODELL": "V27",
        "ORGNMR": "999999-9999",
        "ORGNAMN": "Projektör ej registrerad ",
        "PLACERING": "Land",
        "KOMNAMN": "Simrishamn",
        "LANSNAMN": "Skåne län",
        "EL_NAMN": "Malmö               ",
        "SenasteUppdatering": null,
        "_statuslager": "Uppförda",
        "_lager_id": 5
      }
    },
    {
      "type": "Feature",
      "id": 4929,
      "geometry": {
        "type": "Point",
        "coordinates": [
          13.991726279889683,
          55.590143198774506
        ]
      },
      "properties": {
        "OBJECTID": 4929,
        "VERKID": "1270-V-026-001",
        "OMRID": "1270-V-026",
        "PROJNAMN": "Appeltorp",
        "STATUS": "Uppfört",
        "HANDLINGSTYP": "Bygglov (Enligt 9 kap. 2 § Plan och bygglagen)",
        "UPPFORT": 1305417600000,
        "MB_Tillstand_TIDSBEGRANS_DAT": null,
        "TOTALHOJD": 119,
        "NAVHOJD": 78,
        "ROTDIAMETER": 82,
        "MAXEFFEKT": 2,
        "CALPROD": 5.1,
        "FABRIKAT": "Enercon",
        "MODELL": "E82",
        "ORGNMR": "556797-6880",
        "ORGNAMN": "Vindkällan Energi AB",
        "PLACERING": "Land",
        "KOMNAMN": "Tomelilla",
        "LANSNAMN": "Skåne län",
        "EL_NAMN": "Malmö               ",
        "SenasteUppdatering": null,
        "_statuslager": "Uppförda",
        "_lager_id": 5
      }
    },
    {
      "type": "Feature",
      "id": 4906,
      "geometry": {
        "type": "Point",
        "coordinates": [
          13.98361441444218,
          55.580688934630075
        ]
      },
      "properties": {
        "OBJECTID": 4906,
        "VERKID": "1270-V-011-001",
        "OMRID": "1270-V-011",
        "PROJNAMN": "Vitåkra",
        "STATUS": "Uppfört",
        "HANDLINGSTYP": null,
        "UPPFORT": 1011052800000,
        "MB_Tillstand_TIDSBEGRANS_DAT": null,
        "TOTALHOJD": 81,
        "NAVHOJD": 55,
        "ROTDIAMETER": 52,
        "MAXEFFEKT": 0.85,
        "CALPROD": 1.95,
        "FABRIKAT": "Vestas",
        "MODELL": "V52",
        "ORGNMR": "556615-2384",
        "ORGNAMN": "Vitåkravind AB",
        "PLACERING": "Land",
        "KOMNAMN": "Tomelilla",
        "LANSNAMN": "Skåne län",
        "EL_NAMN": "Malmö               ",
        "SenasteUppdatering": null,
        "_statuslager": "Uppförda",
        "_lager_id": 5
      }
    },
    {
      "type": "Feature",
      "id": 6108,
      "geometry": {
        "type": "Point",
        "coordinates": [
          14.09471374335389,
          55.49591506207043
        ]
      },
      "properties": {
        "OBJECTID": 6108,
        "VERKID": "1291-V-036-002",
        "OMRID": "1291-V-036",
        "PROJNAMN": "Hannas",
        "STATUS": "Uppfört",
        "HANDLINGSTYP": "Bygglov (Enligt 9 kap. 2 § Plan och bygglagen)",
        "UPPFORT": 1575158400000,
        "MB_Tillstand_TIDSBEGRANS_DAT": null,
        "TOTALHOJD": 119,
        "NAVHOJD": 78,
        "ROTDIAMETER": 82,
        "MAXEFFEKT": 2.35,
        "CALPROD": 6.8,
        "FABRIKAT": "Enercon",
        "MODELL": "E-82",
        "ORGNMR": "556688-2683",
        "ORGNAMN": "Firma Ramström Vind AB",
        "PLACERING": "Land",
        "KOMNAMN": "Simrishamn",
        "LANSNAMN": "Skåne län",
        "EL_NAMN": "Malmö               ",
        "SenasteUppdatering": 1772668800000,
        "_statuslager": "Uppförda",
        "_lager_id": 5
      }
    },
    {
      "type": "Feature",
      "id": 4926,
      "geometry": {
        "type": "Point",
        "coordinates": [
          13.92612666173491,
          55.62012115328101
        ]
      },
      "properties": {
        "OBJECTID": 4926,
        "VERKID": "1270-V-025-001",
        "OMRID": "1270-V-025",
        "PROJNAMN": "Äsperöd",
        "STATUS": "Uppfört",
        "HANDLINGSTYP": "Bygglov (Enligt 9 kap. 2 § Plan och bygglagen)",
        "UPPFORT": 1262304000000,
        "MB_Tillstand_TIDSBEGRANS_DAT": null,
        "TOTALHOJD": 119,
        "NAVHOJD": 78,
        "ROTDIAMETER": 82,
        "MAXEFFEKT": 2,
        "CALPROD": 5.4,
        "FABRIKAT": "Enercon",
        "MODELL": "E82-2.0",
        "ORGNMR": "556389-3956",
        "ORGNAMN": "Eolus Vind AB",
        "PLACERING": "Land",
        "KOMNAMN": "Tomelilla",
        "LANSNAMN": "Skåne län",
        "EL_NAMN": "Malmö               ",
        "SenasteUppdatering": 1745280000000,
        "_statuslager": "Uppförda",
        "_lager_id": 5
      }
    },
    {
      "type": "Feature",
      "id": 6051,
      "geometry": {
        "type": "Point",
        "coordinates": [
          14.190872519805728,
          55.525833298634616
        ]
      },
      "properties": {
        "OBJECTID": 6051,
        "VERKID": "1291-V-013-001",
        "OMRID": "1291-V-013",
        "PROJNAMN": "Östra Herrestad Vindkraftpark",
        "STATUS": "Uppfört",
        "HANDLINGSTYP": "Bygglov (Enligt 9 kap. 2 § Plan och bygglagen)",
        "UPPFORT": 1286409600000,
        "MB_Tillstand_TIDSBEGRANS_DAT": null,
        "TOTALHOJD": 125,
        "NAVHOJD": 80,
        "ROTDIAMETER": 90,
        "MAXEFFEKT": 1.8,
        "CALPROD": 6.44,
        "FABRIKAT": "Vestas",
        "MODELL": "V90",
        "ORGNMR": "556872-2879",
        "ORGNAMN": "Rabbalshede Vind AB",
        "PLACERING": "Land",
        "KOMNAMN": "Simrishamn",
        "LANSNAMN": "Skåne län",
        "EL_NAMN": "Malmö               ",
        "SenasteUppdatering": 1772668800000,
        "_statuslager": "Uppförda",
        "_lager_id": 5
      }
    },
    {
      "type": "Feature",
      "id": 6045,
      "geometry": {
        "type": "Point",
        "coordinates": [
          14.332545711243867,
          55.53041337808704
        ]
      },
      "properties": {
        "OBJECTID": 6045,
        "VERKID": "1291-V-009-001",
        "OMRID": "1291-V-009",
        "PROJNAMN": "Zavanna",
        "STATUS": "Uppfört",
        "HANDLINGSTYP": "Bygglov (Enligt 9 kap. 2 § Plan och bygglagen)",
        "UPPFORT": 840931200000,
        "MB_Tillstand_TIDSBEGRANS_DAT": null,
        "TOTALHOJD": 62,
        "NAVHOJD": 42,
        "ROTDIAMETER": 40,
        "MAXEFFEKT": 0.5,
        "CALPROD": 1.38,
        "FABRIKAT": "Enercon",
        "MODELL": "E40",
        "ORGNMR": "999999-9999",
        "ORGNAMN": "Projektör ej registrerad ",
        "PLACERING": "Land",
        "KOMNAMN": "Simrishamn",
        "LANSNAMN": "Skåne län",
        "EL_NAMN": "Malmö               ",
        "SenasteUppdatering": null,
        "_statuslager": "Uppförda",
        "_lager_id": 5
      }
    },
    {
      "type": "Feature",
      "id": 5619,
      "geometry": {
        "type": "Point",
        "coordinates": [
          13.981895165920406,
          55.45354480695685
        ]
      },
      "properties": {
        "OBJECTID": 5619,
        "VERKID": "1286-V-043-001",
        "OMRID": "1286-V-043",
        "PROJNAMN": "",
        "STATUS": "Avslag",
        "HANDLINGSTYP": "Anmälan (Enligt 9 kap. 6 § miljöbalken)",
        "UPPFORT": null,
        "MB_Tillstand_TIDSBEGRANS_DAT": null,
        "TOTALHOJD": 139,
        "NAVHOJD": 100,
        "ROTDIAMETER": 100,
        "MAXEFFEKT": 3,
        "CALPROD": null,
        "FABRIKAT": null,
        "MODELL": "                                                  ",
        "ORGNAMN": "Projektör ej registrerad ",
        "ORGNMR": "999999-9999",
        "PLACERING": "Land",
        "KOMNAMN": "Ystad",
        "LANSNAMN": "Skåne län",
        "EL_NAMN": "Malmö               ",
        "SenasteUppdatering": 1613433600000,
        "_statuslager": "Avslagna",
        "_lager_id": 7
      }
    },
    {
      "type": "Feature",
      "id": 4938,
      "geometry": {
        "type": "Point",
        "coordinates": [
          14.017117767680382,
          55.66829490965357
        ]
      },
      "properties": {
        "OBJECTID": 4938,
        "VERKID": "1270-V-033-003",
        "OMRID": "1270-V-033",
        "PROJNAMN": "Bondrum-Bontofta",
        "STATUS": "Avslag",
        "HANDLINGSTYP": "Tillstånd (Enligt 9 kap. 6 § miljöbalken)",
        "UPPFORT": null,
        "MB_Tillstand_TIDSBEGRANS_DAT": null,
        "TOTALHOJD": 100,
        "NAVHOJD": 65,
        "ROTDIAMETER": 70,
        "MAXEFFEKT": 1.79,
        "CALPROD": null,
        "FABRIKAT": null,
        "MODELL": "                                                  ",
        "ORGNAMN": "Projektör ej registrerad ",
        "ORGNMR": "999999-9999",
        "PLACERING": "Land",
        "KOMNAMN": "Tomelilla",
        "LANSNAMN": "Skåne län",
        "EL_NAMN": "Malmö               ",
        "SenasteUppdatering": 1613001600000,
        "_statuslager": "Avslagna",
        "_lager_id": 7
      }
    },
    {
      "type": "Feature",
      "id": 6080,
      "geometry": {
        "type": "Point",
        "coordinates": [
          14.21723851641654,
          55.51369141249657
        ]
      },
      "properties": {
        "OBJECTID": 6080,
        "VERKID": "1291-V-026-001",
        "OMRID": "1291-V-026",
        "PROJNAMN": "Vranarp",
        "STATUS": "Avslag",
        "HANDLINGSTYP": "Bygglov (Enligt 9 kap. 2 § Plan och bygglagen)",
        "UPPFORT": null,
        "MB_Tillstand_TIDSBEGRANS_DAT": null,
        "TOTALHOJD": 125,
        "NAVHOJD": 78,
        "ROTDIAMETER": 82,
        "MAXEFFEKT": null,
        "CALPROD": null,
        "FABRIKAT": null,
        "MODELL": "                                                  ",
        "ORGNAMN": "Projektör ej registrerad ",
        "ORGNMR": "999999-9999",
        "PLACERING": "Land",
        "KOMNAMN": "Simrishamn",
        "LANSNAMN": "Skåne län",
        "EL_NAMN": "Malmö               ",
        "SenasteUppdatering": 1613433600000,
        "_statuslager": "Avslagna",
        "_lager_id": 7
      }
    },
    {
      "type": "Feature",
      "id": 6083,
      "geometry": {
        "type": "Point",
        "coordinates": [
          14.234232114584202,
          55.450758398075855
        ]
      },
      "properties": {
        "OBJECTID": 6083,
        "VERKID": "1291-V-027-003",
        "OMRID": "1291-V-027",
        "PROJNAMN": "",
        "STATUS": "Avslag",
        "HANDLINGSTYP": "Bygglov (Enligt 9 kap. 2 § Plan och bygglagen)",
        "UPPFORT": null,
        "MB_Tillstand_TIDSBEGRANS_DAT": null,
        "TOTALHOJD": null,
        "NAVHOJD": null,
        "ROTDIAMETER": null,
        "MAXEFFEKT": 0.6,
        "CALPROD": null,
        "FABRIKAT": null,
        "MODELL": "                                                  ",
        "ORGNAMN": "Projektör ej registrerad ",
        "ORGNMR": "999999-9999",
        "PLACERING": "Land",
        "KOMNAMN": "Simrishamn",
        "LANSNAMN": "Skåne län",
        "EL_NAMN": "Malmö               ",
        "SenasteUppdatering": 1613347200000,
        "_statuslager": "Avslagna",
        "_lager_id": 7
      }
    },
    {
      "type": "Feature",
      "id": 6132,
      "geometry": {
        "type": "Point",
        "coordinates": [
          14.176691930523395,
          55.51686516803436
        ]
      },
      "properties": {
        "OBJECTID": 6132,
        "VERKID": "1291-V-068-001",
        "OMRID": "1291-V-068",
        "PROJNAMN": "Östra Herrestad",
        "STATUS": "Avslag",
        "HANDLINGSTYP": "Tillstånd (Enligt 9 kap. 6 § miljöbalken)",
        "UPPFORT": null,
        "MB_Tillstand_TIDSBEGRANS_DAT": null,
        "TOTALHOJD": 150,
        "NAVHOJD": 80,
        "ROTDIAMETER": 90,
        "MAXEFFEKT": 1.8,
        "CALPROD": null,
        "FABRIKAT": null,
        "MODELL": null,
        "ORGNAMN": "Projektör ej registrerad ",
        "ORGNMR": "999999-9999",
        "PLACERING": "Land",
        "KOMNAMN": "Simrishamn",
        "LANSNAMN": "Skåne län",
        "EL_NAMN": "Malmö               ",
        "SenasteUppdatering": 1613433600000,
        "_statuslager": "Avslagna",
        "_lager_id": 7
      }
    },
    {
      "type": "Feature",
      "id": 6109,
      "geometry": {
        "type": "Point",
        "coordinates": [
          14.193280407114589,
          55.52349341825906
        ]
      },
      "properties": {
        "OBJECTID": 6109,
        "VERKID": "1291-V-037-001",
        "OMRID": "1291-V-037",
        "PROJNAMN": "",
        "STATUS": "Avslag",
        "HANDLINGSTYP": "Bygglov (Enligt 9 kap. 2 § Plan och bygglagen)",
        "UPPFORT": null,
        "MB_Tillstand_TIDSBEGRANS_DAT": null,
        "TOTALHOJD": 125,
        "NAVHOJD": 80,
        "ROTDIAMETER": 90,
        "MAXEFFEKT": 2,
        "CALPROD": null,
        "FABRIKAT": null,
        "MODELL": "                                                  ",
        "ORGNAMN": "Projektör ej registrerad ",
        "ORGNMR": "999999-9999",
        "PLACERING": "Land",
        "KOMNAMN": "Simrishamn",
        "LANSNAMN": "Skåne län",
        "EL_NAMN": "Malmö               ",
        "SenasteUppdatering": 1613433600000,
        "_statuslager": "Avslagna",
        "_lager_id": 7
      }
    },
    {
      "type": "Feature",
      "id": 6069,
      "geometry": {
        "type": "Point",
        "coordinates": [
          14.326997948456352,
          55.514922573177145
        ]
      },
      "properties": {
        "OBJECTID": 6069,
        "VERKID": "1291-V-019-001",
        "OMRID": "1291-V-019",
        "PROJNAMN": "",
        "STATUS": "Avslag",
        "HANDLINGSTYP": "Bygglov (Enligt 9 kap. 2 § Plan och bygglagen)",
        "UPPFORT": null,
        "MB_Tillstand_TIDSBEGRANS_DAT": null,
        "TOTALHOJD": null,
        "NAVHOJD": null,
        "ROTDIAMETER": null,
        "MAXEFFEKT": 0.22,
        "CALPROD": null,
        "FABRIKAT": null,
        "MODELL": "                                                  ",
        "ORGNAMN": "Projektör ej registrerad ",
        "ORGNMR": "999999-9999",
        "PLACERING": "Land",
        "KOMNAMN": "Simrishamn",
        "LANSNAMN": "Skåne län",
        "EL_NAMN": "Malmö               ",
        "SenasteUppdatering": 1613347200000,
        "_statuslager": "Avslagna",
        "_lager_id": 7
      }
    },
    {
      "type": "Feature",
      "id": 4935,
      "geometry": {
        "type": "Point",
        "coordinates": [
          14.02400731015786,
          55.50085332936347
        ]
      },
      "properties": {
        "OBJECTID": 4935,
        "VERKID": "1270-V-032-001",
        "OMRID": "1270-V-032",
        "PROJNAMN": "",
        "STATUS": "Avslag",
        "HANDLINGSTYP": "Bygglov (Enligt 9 kap. 2 § Plan och bygglagen)",
        "UPPFORT": null,
        "MB_Tillstand_TIDSBEGRANS_DAT": null,
        "TOTALHOJD": 87,
        "NAVHOJD": 65,
        "ROTDIAMETER": 44,
        "MAXEFFEKT": 0.6,
        "CALPROD": null,
        "FABRIKAT": null,
        "MODELL": "                                                  ",
        "ORGNAMN": "Projektör ej registrerad ",
        "ORGNMR": "999999-9999",
        "PLACERING": "Land",
        "KOMNAMN": "Tomelilla",
        "LANSNAMN": "Skåne län",
        "EL_NAMN": "Malmö               ",
        "SenasteUppdatering": 1613001600000,
        "_statuslager": "Avslagna",
        "_lager_id": 7
      }
    },
    {
      "type": "Feature",
      "id": 5622,
      "geometry": {
        "type": "Point",
        "coordinates": [
          14.132146096885966,
          55.475600046915
        ]
      },
      "properties": {
        "OBJECTID": 5622,
        "VERKID": "1286-V-045-001",
        "OMRID": "1286-V-045",
        "PROJNAMN": "Örum vindkraftpark",
        "STATUS": "Avslag",
        "HANDLINGSTYP": "Anmälan (Enligt 9 kap. 6 § miljöbalken)",
        "UPPFORT": null,
        "MB_Tillstand_TIDSBEGRANS_DAT": null,
        "TOTALHOJD": 100,
        "NAVHOJD": 74,
        "ROTDIAMETER": 52,
        "MAXEFFEKT": 0.85,
        "CALPROD": null,
        "FABRIKAT": null,
        "MODELL": "                                                  ",
        "ORGNAMN": "Projektör ej registrerad ",
        "ORGNMR": "999999-9999",
        "PLACERING": "Land",
        "KOMNAMN": "Ystad",
        "LANSNAMN": "Skåne län",
        "EL_NAMN": "Malmö               ",
        "SenasteUppdatering": 1613433600000,
        "_statuslager": "Avslagna",
        "_lager_id": 7
      }
    },
    {
      "type": "Feature",
      "id": 6077,
      "geometry": {
        "type": "Point",
        "coordinates": [
          14.149106180948687,
          55.55195581763566
        ]
      },
      "properties": {
        "OBJECTID": 6077,
        "VERKID": "1291-V-023-001",
        "OMRID": "1291-V-023",
        "PROJNAMN": "",
        "STATUS": "Avslag",
        "HANDLINGSTYP": "Bygglov (Enligt 9 kap. 2 § Plan och bygglagen)",
        "UPPFORT": null,
        "MB_Tillstand_TIDSBEGRANS_DAT": null,
        "TOTALHOJD": 75,
        "NAVHOJD": 49,
        "ROTDIAMETER": 52,
        "MAXEFFEKT": 0.85,
        "CALPROD": null,
        "FABRIKAT": null,
        "MODELL": "                                                  ",
        "ORGNAMN": "Projektör ej registrerad ",
        "ORGNMR": "999999-9999",
        "PLACERING": "Land",
        "KOMNAMN": "Simrishamn",
        "LANSNAMN": "Skåne län",
        "EL_NAMN": "Malmö               ",
        "SenasteUppdatering": 1613433600000,
        "_statuslager": "Avslagna",
        "_lager_id": 7
      }
    },
    {
      "type": "Feature",
      "id": 5685,
      "geometry": {
        "type": "Point",
        "coordinates": [
          14.08915245600606,
          55.43677947254756
        ]
      },
      "properties": {
        "OBJECTID": 5685,
        "VERKID": "1286-V-111-001",
        "OMRID": "1286-V-111",
        "PROJNAMN": "",
        "STATUS": "Avslag",
        "HANDLINGSTYP": "Bygglov (Enligt 9 kap. 2 § Plan och bygglagen)",
        "UPPFORT": null,
        "MB_Tillstand_TIDSBEGRANS_DAT": null,
        "TOTALHOJD": 118,
        "NAVHOJD": 78,
        "ROTDIAMETER": 80,
        "MAXEFFEKT": 2,
        "CALPROD": null,
        "FABRIKAT": null,
        "MODELL": null,
        "ORGNAMN": "Projektör ej registrerad ",
        "ORGNMR": "999999-9999",
        "PLACERING": "Land",
        "KOMNAMN": "Ystad",
        "LANSNAMN": "Skåne län",
        "EL_NAMN": "Malmö               ",
        "SenasteUppdatering": 1613347200000,
        "_statuslager": "Avslagna",
        "_lager_id": 7
      }
    },
    {
      "type": "Feature",
      "id": 5628,
      "geometry": {
        "type": "Point",
        "coordinates": [
          14.08777550031363,
          55.46663938253691
        ]
      },
      "properties": {
        "OBJECTID": 5628,
        "VERKID": "1286-V-050-001",
        "OMRID": "1286-V-050",
        "PROJNAMN": "Fröslöv",
        "STATUS": "Avslag",
        "HANDLINGSTYP": "Anmälan (Enligt 9 kap. 6 § miljöbalken)",
        "UPPFORT": null,
        "MB_Tillstand_TIDSBEGRANS_DAT": null,
        "TOTALHOJD": 120,
        "NAVHOJD": 110,
        "ROTDIAMETER": 115,
        "MAXEFFEKT": 3,
        "CALPROD": null,
        "FABRIKAT": null,
        "MODELL": "                                                  ",
        "ORGNAMN": "Projektör ej registrerad ",
        "ORGNMR": "999999-9999",
        "PLACERING": "Land",
        "KOMNAMN": "Ystad",
        "LANSNAMN": "Skåne län",
        "EL_NAMN": "Malmö               ",
        "SenasteUppdatering": 1613433600000,
        "_statuslager": "Avslagna",
        "_lager_id": 7
      }
    },
    {
      "type": "Feature",
      "id": 4898,
      "geometry": {
        "type": "Point",
        "coordinates": [
          13.942178632038377,
          55.595993737124545
        ]
      },
      "properties": {
        "OBJECTID": 4898,
        "VERKID": "1270-V-009-002",
        "OMRID": "1270-V-009",
        "PROJNAMN": "Everöd Vindkraftpark",
        "STATUS": "Avslag",
        "HANDLINGSTYP": "Tillstånd (Enligt 9 kap. 6 § miljöbalken)",
        "UPPFORT": null,
        "MB_Tillstand_TIDSBEGRANS_DAT": null,
        "TOTALHOJD": 99,
        "NAVHOJD": 70,
        "ROTDIAMETER": 57,
        "MAXEFFEKT": 0.89,
        "CALPROD": null,
        "FABRIKAT": null,
        "MODELL": "                                                  ",
        "ORGNAMN": "Projektör ej registrerad ",
        "ORGNMR": "999999-9999",
        "PLACERING": "Land",
        "KOMNAMN": "Tomelilla",
        "LANSNAMN": "Skåne län",
        "EL_NAMN": "Malmö               ",
        "SenasteUppdatering": 1613001600000,
        "_statuslager": "Avslagna",
        "_lager_id": 7
      }
    },
    {
      "type": "Feature",
      "id": 6043,
      "geometry": {
        "type": "Point",
        "coordinates": [
          14.151121513278103,
          55.53228260490679
        ]
      },
      "properties": {
        "OBJECTID": 6043,
        "VERKID": "1291-V-007-002",
        "OMRID": "1291-V-007",
        "PROJNAMN": "Östra Herrestad Vindkraftpark",
        "STATUS": "Avslag",
        "HANDLINGSTYP": "Förhandsbesked (Enligt 9 kap. 17 § Plan och bygglagen)",
        "UPPFORT": null,
        "MB_Tillstand_TIDSBEGRANS_DAT": null,
        "TOTALHOJD": 72,
        "NAVHOJD": 50,
        "ROTDIAMETER": 44,
        "MAXEFFEKT": 0.6,
        "CALPROD": null,
        "FABRIKAT": null,
        "MODELL": null,
        "ORGNAMN": "Eolus Vind AB",
        "ORGNMR": "556389-3956",
        "PLACERING": "Land",
        "KOMNAMN": "Simrishamn",
        "LANSNAMN": "Skåne län",
        "EL_NAMN": "Malmö               ",
        "SenasteUppdatering": 1745280000000,
        "_statuslager": "Avslagna",
        "_lager_id": 7
      }
    },
    {
      "type": "Feature",
      "id": 6072,
      "geometry": {
        "type": "Point",
        "coordinates": [
          14.237286693100916,
          55.45264809466152
        ]
      },
      "properties": {
        "OBJECTID": 6072,
        "VERKID": "1291-V-020-001",
        "OMRID": "1291-V-020",
        "PROJNAMN": "",
        "STATUS": "Avslag",
        "HANDLINGSTYP": "Bygglov (Enligt 9 kap. 2 § Plan och bygglagen)",
        "UPPFORT": null,
        "MB_Tillstand_TIDSBEGRANS_DAT": null,
        "TOTALHOJD": 81,
        "NAVHOJD": 55,
        "ROTDIAMETER": 52,
        "MAXEFFEKT": 0.85,
        "CALPROD": null,
        "FABRIKAT": null,
        "MODELL": "                                                  ",
        "ORGNAMN": "Projektör ej registrerad ",
        "ORGNMR": "999999-9999",
        "PLACERING": "Land",
        "KOMNAMN": "Simrishamn",
        "LANSNAMN": "Skåne län",
        "EL_NAMN": "Malmö               ",
        "SenasteUppdatering": 1613347200000,
        "_statuslager": "Avslagna",
        "_lager_id": 7
      }
    },
    {
      "type": "Feature",
      "id": 4936,
      "geometry": {
        "type": "Point",
        "coordinates": [
          14.010339677769387,
          55.663246072447905
        ]
      },
      "properties": {
        "OBJECTID": 4936,
        "VERKID": "1270-V-033-001",
        "OMRID": "1270-V-033",
        "PROJNAMN": "Bondrum-Bontofta",
        "STATUS": "Avslag",
        "HANDLINGSTYP": "Tillstånd (Enligt 9 kap. 6 § miljöbalken)",
        "UPPFORT": null,
        "MB_Tillstand_TIDSBEGRANS_DAT": null,
        "TOTALHOJD": 100,
        "NAVHOJD": 65,
        "ROTDIAMETER": 70,
        "MAXEFFEKT": 1.79,
        "CALPROD": null,
        "FABRIKAT": null,
        "MODELL": "                                                  ",
        "ORGNAMN": "Projektör ej registrerad ",
        "ORGNMR": "999999-9999",
        "PLACERING": "Land",
        "KOMNAMN": "Tomelilla",
        "LANSNAMN": "Skåne län",
        "EL_NAMN": "Malmö               ",
        "SenasteUppdatering": 1613001600000,
        "_statuslager": "Avslagna",
        "_lager_id": 7
      }
    },
    {
      "type": "Feature",
      "id": 5617,
      "geometry": {
        "type": "Point",
        "coordinates": [
          13.985185797674806,
          55.45074595931158
        ]
      },
      "properties": {
        "OBJECTID": 5617,
        "VERKID": "1286-V-042-001",
        "OMRID": "1286-V-042",
        "PROJNAMN": "",
        "STATUS": "Avslag",
        "HANDLINGSTYP": "Anmälan (Enligt 9 kap. 6 § miljöbalken)",
        "UPPFORT": null,
        "MB_Tillstand_TIDSBEGRANS_DAT": null,
        "TOTALHOJD": 139,
        "NAVHOJD": 100,
        "ROTDIAMETER": 100,
        "MAXEFFEKT": 3,
        "CALPROD": null,
        "FABRIKAT": null,
        "MODELL": "                                                  ",
        "ORGNAMN": "Projektör ej registrerad ",
        "ORGNMR": "999999-9999",
        "PLACERING": "Land",
        "KOMNAMN": "Ystad",
        "LANSNAMN": "Skåne län",
        "EL_NAMN": "Malmö               ",
        "SenasteUppdatering": 1613433600000,
        "_statuslager": "Avslagna",
        "_lager_id": 7
      }
    },
    {
      "type": "Feature",
      "id": 5646,
      "geometry": {
        "type": "Point",
        "coordinates": [
          14.1514338673257,
          55.43389166292024
        ]
      },
      "properties": {
        "OBJECTID": 5646,
        "VERKID": "1286-V-073-001",
        "OMRID": "1286-V-073",
        "PROJNAMN": "",
        "STATUS": "Avslag",
        "HANDLINGSTYP": "Bygglov (Enligt 9 kap. 2 § Plan och bygglagen)",
        "UPPFORT": null,
        "MB_Tillstand_TIDSBEGRANS_DAT": null,
        "TOTALHOJD": 119,
        "NAVHOJD": 98,
        "ROTDIAMETER": 82,
        "MAXEFFEKT": 6,
        "CALPROD": null,
        "FABRIKAT": null,
        "MODELL": null,
        "ORGNAMN": "Firma Ramström Vind AB",
        "ORGNMR": "556688-2683",
        "PLACERING": "Land",
        "KOMNAMN": "Ystad",
        "LANSNAMN": "Skåne län",
        "EL_NAMN": "Malmö               ",
        "SenasteUppdatering": 1613433600000,
        "_statuslager": "Avslagna",
        "_lager_id": 7
      }
    },
    {
      "type": "Feature",
      "id": 5686,
      "geometry": {
        "type": "Point",
        "coordinates": [
          14.078813723044602,
          55.438700155584
        ]
      },
      "properties": {
        "OBJECTID": 5686,
        "VERKID": "1286-V-111-002",
        "OMRID": "1286-V-111",
        "PROJNAMN": "",
        "STATUS": "Avslag",
        "HANDLINGSTYP": "Bygglov (Enligt 9 kap. 2 § Plan och bygglagen)",
        "UPPFORT": null,
        "MB_Tillstand_TIDSBEGRANS_DAT": null,
        "TOTALHOJD": 118,
        "NAVHOJD": 78,
        "ROTDIAMETER": 80,
        "MAXEFFEKT": 2,
        "CALPROD": null,
        "FABRIKAT": null,
        "MODELL": null,
        "ORGNAMN": "Projektör ej registrerad ",
        "ORGNMR": "999999-9999",
        "PLACERING": "Land",
        "KOMNAMN": "Ystad",
        "LANSNAMN": "Skåne län",
        "EL_NAMN": "Malmö               ",
        "SenasteUppdatering": 1613347200000,
        "_statuslager": "Avslagna",
        "_lager_id": 7
      }
    },
    {
      "type": "Feature",
      "id": 5640,
      "geometry": {
        "type": "Point",
        "coordinates": [
          14.022093887787097,
          55.45671583588639
        ]
      },
      "properties": {
        "OBJECTID": 5640,
        "VERKID": "1286-V-067-001",
        "OMRID": "1286-V-067",
        "PROJNAMN": "",
        "STATUS": "Avslag",
        "HANDLINGSTYP": "Bygglov (Enligt 9 kap. 2 § Plan och bygglagen)",
        "UPPFORT": null,
        "MB_Tillstand_TIDSBEGRANS_DAT": null,
        "TOTALHOJD": 45,
        "NAVHOJD": 38,
        "ROTDIAMETER": 15,
        "MAXEFFEKT": 0.45,
        "CALPROD": null,
        "FABRIKAT": null,
        "MODELL": null,
        "ORGNAMN": "Gårdsvind AB",
        "ORGNMR": "556820-5081",
        "PLACERING": "Land",
        "KOMNAMN": "Ystad",
        "LANSNAMN": "Skåne län",
        "EL_NAMN": "Malmö               ",
        "SenasteUppdatering": 1613433600000,
        "_statuslager": "Avslagna",
        "_lager_id": 7
      }
    },
    {
      "type": "Feature",
      "id": 4890,
      "geometry": {
        "type": "Point",
        "coordinates": [
          14.063288817700062,
          55.51089642458375
        ]
      },
      "properties": {
        "OBJECTID": 4890,
        "VERKID": "1270-V-006-001",
        "OMRID": "1270-V-006",
        "PROJNAMN": "",
        "STATUS": "Avslag",
        "HANDLINGSTYP": "Bygglov (Enligt 9 kap. 2 § Plan och bygglagen)",
        "UPPFORT": null,
        "MB_Tillstand_TIDSBEGRANS_DAT": null,
        "TOTALHOJD": 100,
        "NAVHOJD": 74,
        "ROTDIAMETER": 52,
        "MAXEFFEKT": 0.85,
        "CALPROD": null,
        "FABRIKAT": null,
        "MODELL": "                                                  ",
        "ORGNAMN": "Projektör ej registrerad ",
        "ORGNMR": "999999-9999",
        "PLACERING": "Land",
        "KOMNAMN": "Tomelilla",
        "LANSNAMN": "Skåne län",
        "EL_NAMN": "Malmö               ",
        "SenasteUppdatering": 1680048000000,
        "_statuslager": "Avslagna",
        "_lager_id": 7
      }
    },
    {
      "type": "Feature",
      "id": 4899,
      "geometry": {
        "type": "Point",
        "coordinates": [
          13.942779881021606,
          55.592678920274096
        ]
      },
      "properties": {
        "OBJECTID": 4899,
        "VERKID": "1270-V-009-003",
        "OMRID": "1270-V-009",
        "PROJNAMN": "Everöd Vindkraftpark",
        "STATUS": "Avslag",
        "HANDLINGSTYP": "Tillstånd (Enligt 9 kap. 6 § miljöbalken)",
        "UPPFORT": null,
        "MB_Tillstand_TIDSBEGRANS_DAT": null,
        "TOTALHOJD": 100,
        "NAVHOJD": 70,
        "ROTDIAMETER": 70,
        "MAXEFFEKT": 2,
        "CALPROD": null,
        "FABRIKAT": null,
        "MODELL": "                                                  ",
        "ORGNAMN": "Projektör ej registrerad ",
        "ORGNMR": "999999-9999",
        "PLACERING": "Land",
        "KOMNAMN": "Tomelilla",
        "LANSNAMN": "Skåne län",
        "EL_NAMN": "Malmö               ",
        "SenasteUppdatering": 1613001600000,
        "_statuslager": "Avslagna",
        "_lager_id": 7
      }
    },
    {
      "type": "Feature",
      "id": 6081,
      "geometry": {
        "type": "Point",
        "coordinates": [
          14.23912451662641,
          55.450551589577394
        ]
      },
      "properties": {
        "OBJECTID": 6081,
        "VERKID": "1291-V-027-001",
        "OMRID": "1291-V-027",
        "PROJNAMN": "",
        "STATUS": "Avslag",
        "HANDLINGSTYP": "Bygglov (Enligt 9 kap. 2 § Plan och bygglagen)",
        "UPPFORT": null,
        "MB_Tillstand_TIDSBEGRANS_DAT": null,
        "TOTALHOJD": null,
        "NAVHOJD": null,
        "ROTDIAMETER": null,
        "MAXEFFEKT": 0.6,
        "CALPROD": null,
        "FABRIKAT": null,
        "MODELL": "                                                  ",
        "ORGNAMN": "Projektör ej registrerad ",
        "ORGNMR": "999999-9999",
        "PLACERING": "Land",
        "KOMNAMN": "Simrishamn",
        "LANSNAMN": "Skåne län",
        "EL_NAMN": "Malmö               ",
        "SenasteUppdatering": 1613347200000,
        "_statuslager": "Avslagna",
        "_lager_id": 7
      }
    },
    {
      "type": "Feature",
      "id": 4784,
      "geometry": {
        "type": "Point",
        "coordinates": [
          13.92321826776817,
          55.66421291996327
        ]
      },
      "properties": {
        "OBJECTID": 4784,
        "VERKID": "1265-V-023-001",
        "OMRID": "1265-V-023",
        "PROJNAMN": "Ry",
        "STATUS": "Avslag",
        "HANDLINGSTYP": "Bygglov (Enligt 9 kap. 2 § Plan och bygglagen)",
        "UPPFORT": null,
        "MB_Tillstand_TIDSBEGRANS_DAT": null,
        "TOTALHOJD": 139,
        "NAVHOJD": 98,
        "ROTDIAMETER": 82,
        "MAXEFFEKT": 2,
        "CALPROD": null,
        "FABRIKAT": null,
        "MODELL": "                                                  ",
        "ORGNAMN": "Firma Ramström Vind AB",
        "ORGNMR": "556688-2683",
        "PLACERING": "Land",
        "KOMNAMN": "Sjöbo",
        "LANSNAMN": "Skåne län",
        "EL_NAMN": "Malmö               ",
        "SenasteUppdatering": 1613001600000,
        "_statuslager": "Avslagna",
        "_lager_id": 7
      }
    },
    {
      "type": "Feature",
      "id": 6044,
      "geometry": {
        "type": "Point",
        "coordinates": [
          14.15403118671332,
          55.532771078833264
        ]
      },
      "properties": {
        "OBJECTID": 6044,
        "VERKID": "1291-V-007-003",
        "OMRID": "1291-V-007",
        "PROJNAMN": "Östra Herrestad Vindkraftpark",
        "STATUS": "Avslag",
        "HANDLINGSTYP": "Förhandsbesked (Enligt 9 kap. 17 § Plan och bygglagen)",
        "UPPFORT": null,
        "MB_Tillstand_TIDSBEGRANS_DAT": null,
        "TOTALHOJD": 72,
        "NAVHOJD": 50,
        "ROTDIAMETER": 44,
        "MAXEFFEKT": 0.6,
        "CALPROD": null,
        "FABRIKAT": null,
        "MODELL": null,
        "ORGNAMN": "Eolus Vind AB",
        "ORGNMR": "556389-3956",
        "PLACERING": "Land",
        "KOMNAMN": "Simrishamn",
        "LANSNAMN": "Skåne län",
        "EL_NAMN": "Malmö               ",
        "SenasteUppdatering": 1745280000000,
        "_statuslager": "Avslagna",
        "_lager_id": 7
      }
    },
    {
      "type": "Feature",
      "id": 5620,
      "geometry": {
        "type": "Point",
        "coordinates": [
          14.010434478319983,
          55.45271823959236
        ]
      },
      "properties": {
        "OBJECTID": 5620,
        "VERKID": "1286-V-044-001",
        "OMRID": "1286-V-044",
        "PROJNAMN": "",
        "STATUS": "Avslag",
        "HANDLINGSTYP": "Anmälan (Enligt 9 kap. 6 § miljöbalken)",
        "UPPFORT": null,
        "MB_Tillstand_TIDSBEGRANS_DAT": null,
        "TOTALHOJD": 150,
        "NAVHOJD": 110,
        "ROTDIAMETER": 100,
        "MAXEFFEKT": 6,
        "CALPROD": null,
        "FABRIKAT": null,
        "MODELL": "                                                  ",
        "ORGNAMN": "Projektör ej registrerad ",
        "ORGNMR": "999999-9999",
        "PLACERING": "Land",
        "KOMNAMN": "Ystad",
        "LANSNAMN": "Skåne län",
        "EL_NAMN": "Malmö               ",
        "SenasteUppdatering": 1613433600000,
        "_statuslager": "Avslagna",
        "_lager_id": 7
      }
    },
    {
      "type": "Feature",
      "id": 4939,
      "geometry": {
        "type": "Point",
        "coordinates": [
          14.010948352040765,
          55.66071263389425
        ]
      },
      "properties": {
        "OBJECTID": 4939,
        "VERKID": "1270-V-033-004",
        "OMRID": "1270-V-033",
        "PROJNAMN": "Bondrum-Bontofta",
        "STATUS": "Avslag",
        "HANDLINGSTYP": "Tillstånd (Enligt 9 kap. 6 § miljöbalken)",
        "UPPFORT": null,
        "MB_Tillstand_TIDSBEGRANS_DAT": null,
        "TOTALHOJD": 100,
        "NAVHOJD": 65,
        "ROTDIAMETER": 70,
        "MAXEFFEKT": 1.79,
        "CALPROD": null,
        "FABRIKAT": null,
        "MODELL": "                                                  ",
        "ORGNAMN": "Projektör ej registrerad ",
        "ORGNMR": "999999-9999",
        "PLACERING": "Land",
        "KOMNAMN": "Tomelilla",
        "LANSNAMN": "Skåne län",
        "EL_NAMN": "Malmö               ",
        "SenasteUppdatering": 1613001600000,
        "_statuslager": "Avslagna",
        "_lager_id": 7
      }
    },
    {
      "type": "Feature",
      "id": 5626,
      "geometry": {
        "type": "Point",
        "coordinates": [
          14.107839097105417,
          55.475902942487274
        ]
      },
      "properties": {
        "OBJECTID": 5626,
        "VERKID": "1286-V-047-001",
        "OMRID": "1286-V-047",
        "PROJNAMN": "Örum",
        "STATUS": "Avslag",
        "HANDLINGSTYP": "Anmälan (Enligt 9 kap. 6 § miljöbalken)",
        "UPPFORT": null,
        "MB_Tillstand_TIDSBEGRANS_DAT": null,
        "TOTALHOJD": 119,
        "NAVHOJD": null,
        "ROTDIAMETER": 82,
        "MAXEFFEKT": 2,
        "CALPROD": null,
        "FABRIKAT": null,
        "MODELL": "-",
        "ORGNAMN": "Firma Ramström Vind AB",
        "ORGNMR": "556688-2683",
        "PLACERING": "Land",
        "KOMNAMN": "Ystad",
        "LANSNAMN": "Skåne län",
        "EL_NAMN": "Malmö               ",
        "SenasteUppdatering": 1613433600000,
        "_statuslager": "Avslagna",
        "_lager_id": 7
      }
    },
    {
      "type": "Feature",
      "id": 6121,
      "geometry": {
        "type": "Point",
        "coordinates": [
          14.157607382890568,
          55.43664309643268
        ]
      },
      "properties": {
        "OBJECTID": 6121,
        "VERKID": "1291-V-047-001",
        "OMRID": "1291-V-047",
        "PROJNAMN": "",
        "STATUS": "Avslag",
        "HANDLINGSTYP": "Anmälan (Enligt 9 kap. 6 § miljöbalken)",
        "UPPFORT": null,
        "MB_Tillstand_TIDSBEGRANS_DAT": null,
        "TOTALHOJD": 139,
        "NAVHOJD": 98,
        "ROTDIAMETER": 82,
        "MAXEFFEKT": 2,
        "CALPROD": null,
        "FABRIKAT": null,
        "MODELL": "                                                  ",
        "ORGNAMN": "Projektör ej registrerad ",
        "ORGNMR": "999999-9999",
        "PLACERING": "Land",
        "KOMNAMN": "Simrishamn",
        "LANSNAMN": "Skåne län",
        "EL_NAMN": "Malmö               ",
        "SenasteUppdatering": 1613433600000,
        "_statuslager": "Avslagna",
        "_lager_id": 7
      }
    },
    {
      "type": "Feature",
      "id": 6075,
      "geometry": {
        "type": "Point",
        "coordinates": [
          14.341986324752801,
          55.534640883430015
        ]
      },
      "properties": {
        "OBJECTID": 6075,
        "VERKID": "1291-V-021-003",
        "OMRID": "1291-V-021",
        "PROJNAMN": "",
        "STATUS": "Avslag",
        "HANDLINGSTYP": "Bygglov (Enligt 9 kap. 2 § Plan och bygglagen)",
        "UPPFORT": null,
        "MB_Tillstand_TIDSBEGRANS_DAT": null,
        "TOTALHOJD": 58,
        "NAVHOJD": 39,
        "ROTDIAMETER": 39,
        "MAXEFFEKT": 0.5,
        "CALPROD": null,
        "FABRIKAT": null,
        "MODELL": "                                                  ",
        "ORGNAMN": "Projektör ej registrerad ",
        "ORGNMR": "999999-9999",
        "PLACERING": "Land",
        "KOMNAMN": "Simrishamn",
        "LANSNAMN": "Skåne län",
        "EL_NAMN": "Malmö               ",
        "SenasteUppdatering": 1613433600000,
        "_statuslager": "Avslagna",
        "_lager_id": 7
      }
    },
    {
      "type": "Feature",
      "id": 6084,
      "geometry": {
        "type": "Point",
        "coordinates": [
          14.235897023322513,
          55.44943222024296
        ]
      },
      "properties": {
        "OBJECTID": 6084,
        "VERKID": "1291-V-027-004",
        "OMRID": "1291-V-027",
        "PROJNAMN": "",
        "STATUS": "Avslag",
        "HANDLINGSTYP": "Bygglov (Enligt 9 kap. 2 § Plan och bygglagen)",
        "UPPFORT": null,
        "MB_Tillstand_TIDSBEGRANS_DAT": null,
        "TOTALHOJD": null,
        "NAVHOJD": null,
        "ROTDIAMETER": null,
        "MAXEFFEKT": 0.6,
        "CALPROD": null,
        "FABRIKAT": null,
        "MODELL": "                                                  ",
        "ORGNAMN": "Projektör ej registrerad ",
        "ORGNMR": "999999-9999",
        "PLACERING": "Land",
        "KOMNAMN": "Simrishamn",
        "LANSNAMN": "Skåne län",
        "EL_NAMN": "Malmö               ",
        "SenasteUppdatering": 1613347200000,
        "_statuslager": "Avslagna",
        "_lager_id": 7
      }
    },
    {
      "type": "Feature",
      "id": 5955,
      "geometry": {
        "type": "Point",
        "coordinates": [
          14.008608423308145,
          55.82805513641532
        ]
      },
      "properties": {
        "OBJECTID": 5955,
        "VERKID": "1290-V-077-003",
        "OMRID": "1290-V-077",
        "PROJNAMN": "Borrestad-Tolseröd",
        "STATUS": "Avslag",
        "HANDLINGSTYP": "Bygglov (Enligt 9 kap. 2 § Plan och bygglagen)",
        "UPPFORT": null,
        "MB_Tillstand_TIDSBEGRANS_DAT": null,
        "TOTALHOJD": 140,
        "NAVHOJD": 95,
        "ROTDIAMETER": 90,
        "MAXEFFEKT": 1.8,
        "CALPROD": null,
        "FABRIKAT": null,
        "MODELL": "",
        "ORGNAMN": "BayWa r.e. Scandinavia AB",
        "ORGNMR": "556885-6503",
        "PLACERING": "Land",
        "KOMNAMN": "Kristianstad",
        "LANSNAMN": "Skåne län",
        "EL_NAMN": "Malmö               ",
        "SenasteUppdatering": 1613347200000,
        "_statuslager": "Avslagna",
        "_lager_id": 7
      }
    },
    {
      "type": "Feature",
      "id": 5621,
      "geometry": {
        "type": "Point",
        "coordinates": [
          14.00779021565856,
          55.45489836728698
        ]
      },
      "properties": {
        "OBJECTID": 5621,
        "VERKID": "1286-V-044-002",
        "OMRID": "1286-V-044",
        "PROJNAMN": "",
        "STATUS": "Avslag",
        "HANDLINGSTYP": "Anmälan (Enligt 9 kap. 6 § miljöbalken)",
        "UPPFORT": null,
        "MB_Tillstand_TIDSBEGRANS_DAT": null,
        "TOTALHOJD": 150,
        "NAVHOJD": 110,
        "ROTDIAMETER": 100,
        "MAXEFFEKT": 6,
        "CALPROD": null,
        "FABRIKAT": null,
        "MODELL": "                                                  ",
        "ORGNAMN": "Projektör ej registrerad ",
        "ORGNMR": "999999-9999",
        "PLACERING": "Land",
        "KOMNAMN": "Ystad",
        "LANSNAMN": "Skåne län",
        "EL_NAMN": "Malmö               ",
        "SenasteUppdatering": 1613433600000,
        "_statuslager": "Avslagna",
        "_lager_id": 7
      }
    },
    {
      "type": "Feature",
      "id": 4934,
      "geometry": {
        "type": "Point",
        "coordinates": [
          13.929036234182743,
          55.50437510115241
        ]
      },
      "properties": {
        "OBJECTID": 4934,
        "VERKID": "1270-V-031-001",
        "OMRID": "1270-V-031",
        "PROJNAMN": "",
        "STATUS": "Avslag",
        "HANDLINGSTYP": "Bygglov (Enligt 9 kap. 2 § Plan och bygglagen)",
        "UPPFORT": null,
        "MB_Tillstand_TIDSBEGRANS_DAT": null,
        "TOTALHOJD": 79,
        "NAVHOJD": null,
        "ROTDIAMETER": 48,
        "MAXEFFEKT": 0.75,
        "CALPROD": null,
        "FABRIKAT": null,
        "MODELL": "                                                  ",
        "ORGNAMN": "Projektör ej registrerad ",
        "ORGNMR": "999999-9999",
        "PLACERING": "Land",
        "KOMNAMN": "Tomelilla",
        "LANSNAMN": "Skåne län",
        "EL_NAMN": "Malmö               ",
        "SenasteUppdatering": 1613001600000,
        "_statuslager": "Avslagna",
        "_lager_id": 7
      }
    },
    {
      "type": "Feature",
      "id": 6070,
      "geometry": {
        "type": "Point",
        "coordinates": [
          14.331090795732555,
          55.51512470830707
        ]
      },
      "properties": {
        "OBJECTID": 6070,
        "VERKID": "1291-V-019-002",
        "OMRID": "1291-V-019",
        "PROJNAMN": "",
        "STATUS": "Avslag",
        "HANDLINGSTYP": "Bygglov (Enligt 9 kap. 2 § Plan och bygglagen)",
        "UPPFORT": null,
        "MB_Tillstand_TIDSBEGRANS_DAT": null,
        "TOTALHOJD": null,
        "NAVHOJD": null,
        "ROTDIAMETER": null,
        "MAXEFFEKT": 0.22,
        "CALPROD": null,
        "FABRIKAT": null,
        "MODELL": "                                                  ",
        "ORGNAMN": "Projektör ej registrerad ",
        "ORGNMR": "999999-9999",
        "PLACERING": "Land",
        "KOMNAMN": "Simrishamn",
        "LANSNAMN": "Skåne län",
        "EL_NAMN": "Malmö               ",
        "SenasteUppdatering": 1613347200000,
        "_statuslager": "Avslagna",
        "_lager_id": 7
      }
    },
    {
      "type": "Feature",
      "id": 4888,
      "geometry": {
        "type": "Point",
        "coordinates": [
          14.042737740715912,
          55.5742951878616
        ]
      },
      "properties": {
        "OBJECTID": 4888,
        "VERKID": "1270-V-004-001",
        "OMRID": "1270-V-004",
        "PROJNAMN": "",
        "STATUS": "Avslag",
        "HANDLINGSTYP": "Bygglov (Enligt 9 kap. 2 § Plan och bygglagen)",
        "UPPFORT": null,
        "MB_Tillstand_TIDSBEGRANS_DAT": null,
        "TOTALHOJD": 91,
        "NAVHOJD": 65,
        "ROTDIAMETER": 52,
        "MAXEFFEKT": 0.85,
        "CALPROD": null,
        "FABRIKAT": null,
        "MODELL": "                                                  ",
        "ORGNAMN": "Projektör ej registrerad ",
        "ORGNMR": "999999-9999",
        "PLACERING": "Land",
        "KOMNAMN": "Tomelilla",
        "LANSNAMN": "Skåne län",
        "EL_NAMN": "Malmö               ",
        "SenasteUppdatering": 1680048000000,
        "_statuslager": "Avslagna",
        "_lager_id": 7
      }
    },
    {
      "type": "Feature",
      "id": 6116,
      "geometry": {
        "type": "Point",
        "coordinates": [
          14.165555553805296,
          55.60821465492168
        ]
      },
      "properties": {
        "OBJECTID": 6116,
        "VERKID": "1291-V-042-001",
        "OMRID": "1291-V-042",
        "PROJNAMN": "Munkarynga",
        "STATUS": "Avslag",
        "HANDLINGSTYP": "Bygglov (Enligt 9 kap. 2 § Plan och bygglagen)",
        "UPPFORT": null,
        "MB_Tillstand_TIDSBEGRANS_DAT": null,
        "TOTALHOJD": 142,
        "NAVHOJD": 98,
        "ROTDIAMETER": 82,
        "MAXEFFEKT": null,
        "CALPROD": null,
        "FABRIKAT": null,
        "MODELL": "-",
        "ORGNAMN": "Projektör ej registrerad ",
        "ORGNMR": "999999-9999",
        "PLACERING": "Land",
        "KOMNAMN": "Simrishamn",
        "LANSNAMN": "Skåne län",
        "EL_NAMN": "Malmö               ",
        "SenasteUppdatering": 1613433600000,
        "_statuslager": "Avslagna",
        "_lager_id": 7
      }
    },
    {
      "type": "Feature",
      "id": 6122,
      "geometry": {
        "type": "Point",
        "coordinates": [
          14.15133239144252,
          55.43631586551651
        ]
      },
      "properties": {
        "OBJECTID": 6122,
        "VERKID": "1291-V-048-001",
        "OMRID": "1291-V-048",
        "PROJNAMN": "",
        "STATUS": "Avslag",
        "HANDLINGSTYP": "Anmälan (Enligt 9 kap. 6 § miljöbalken)",
        "UPPFORT": null,
        "MB_Tillstand_TIDSBEGRANS_DAT": null,
        "TOTALHOJD": 139,
        "NAVHOJD": 98,
        "ROTDIAMETER": 82,
        "MAXEFFEKT": 2,
        "CALPROD": null,
        "FABRIKAT": null,
        "MODELL": "                                                  ",
        "ORGNAMN": "Projektör ej registrerad ",
        "ORGNMR": "999999-9999",
        "PLACERING": "Land",
        "KOMNAMN": "Simrishamn",
        "LANSNAMN": "Skåne län",
        "EL_NAMN": "Malmö               ",
        "SenasteUppdatering": 1613433600000,
        "_statuslager": "Avslagna",
        "_lager_id": 7
      }
    },
    {
      "type": "Feature",
      "id": 5609,
      "geometry": {
        "type": "Point",
        "coordinates": [
          14.097934939141785,
          55.412700712827714
        ]
      },
      "properties": {
        "OBJECTID": 5609,
        "VERKID": "1286-V-036-001",
        "OMRID": "1286-V-036",
        "PROJNAMN": "",
        "STATUS": "Avslag",
        "HANDLINGSTYP": "Bygglov (Enligt 9 kap. 2 § Plan och bygglagen)",
        "UPPFORT": null,
        "MB_Tillstand_TIDSBEGRANS_DAT": null,
        "TOTALHOJD": 85,
        "NAVHOJD": 50,
        "ROTDIAMETER": 40,
        "MAXEFFEKT": 0.5,
        "CALPROD": null,
        "FABRIKAT": null,
        "MODELL": "                                                  ",
        "ORGNAMN": "Projektör ej registrerad ",
        "ORGNMR": "999999-9999",
        "PLACERING": "Land",
        "KOMNAMN": "Ystad",
        "LANSNAMN": "Skåne län",
        "EL_NAMN": "Malmö               ",
        "SenasteUppdatering": 1613433600000,
        "_statuslager": "Avslagna",
        "_lager_id": 7
      }
    },
    {
      "type": "Feature",
      "id": 6013,
      "geometry": {
        "type": "Point",
        "coordinates": [
          13.984656115867558,
          55.814335629999896
        ]
      },
      "properties": {
        "OBJECTID": 6013,
        "VERKID": "1290-V-107-001",
        "OMRID": "1290-V-107",
        "PROJNAMN": "",
        "STATUS": "Avslag",
        "HANDLINGSTYP": "Bygglov (Enligt 9 kap. 2 § Plan och bygglagen)",
        "UPPFORT": null,
        "MB_Tillstand_TIDSBEGRANS_DAT": null,
        "TOTALHOJD": 150,
        "NAVHOJD": null,
        "ROTDIAMETER": null,
        "MAXEFFEKT": 3,
        "CALPROD": null,
        "FABRIKAT": null,
        "MODELL": "                                                  ",
        "ORGNAMN": "Projektör ej registrerad ",
        "ORGNMR": "999999-9999",
        "PLACERING": "Land",
        "KOMNAMN": "Kristianstad",
        "LANSNAMN": "Skåne län",
        "EL_NAMN": "Malmö               ",
        "SenasteUppdatering": 1613433600000,
        "_statuslager": "Avslagna",
        "_lager_id": 7
      }
    },
    {
      "type": "Feature",
      "id": 6119,
      "geometry": {
        "type": "Point",
        "coordinates": [
          14.157607382890568,
          55.43664309643268
        ]
      },
      "properties": {
        "OBJECTID": 6119,
        "VERKID": "1291-V-044-001",
        "OMRID": "1291-V-044",
        "PROJNAMN": "Sandby",
        "STATUS": "Avslag",
        "HANDLINGSTYP": "Bygglov (Enligt 9 kap. 2 § Plan och bygglagen)",
        "UPPFORT": null,
        "MB_Tillstand_TIDSBEGRANS_DAT": null,
        "TOTALHOJD": 119,
        "NAVHOJD": 78,
        "ROTDIAMETER": 82,
        "MAXEFFEKT": null,
        "CALPROD": null,
        "FABRIKAT": null,
        "MODELL": "-",
        "ORGNAMN": "Projektör ej registrerad ",
        "ORGNMR": "999999-9999",
        "PLACERING": "Land",
        "KOMNAMN": "Simrishamn",
        "LANSNAMN": "Skåne län",
        "EL_NAMN": "Malmö               ",
        "SenasteUppdatering": 1613433600000,
        "_statuslager": "Avslagna",
        "_lager_id": 7
      }
    },
    {
      "type": "Feature",
      "id": 4885,
      "geometry": {
        "type": "Point",
        "coordinates": [
          13.994619387579126,
          55.50768978213168
        ]
      },
      "properties": {
        "OBJECTID": 4885,
        "VERKID": "1270-V-002-001",
        "OMRID": "1270-V-002",
        "PROJNAMN": "",
        "STATUS": "Avslag",
        "HANDLINGSTYP": "Bygglov (Enligt 9 kap. 2 § Plan och bygglagen)",
        "UPPFORT": null,
        "MB_Tillstand_TIDSBEGRANS_DAT": null,
        "TOTALHOJD": 98,
        "NAVHOJD": 72,
        "ROTDIAMETER": 52,
        "MAXEFFEKT": 0.89,
        "CALPROD": null,
        "FABRIKAT": null,
        "MODELL": "                                                  ",
        "ORGNAMN": "Projektör ej registrerad ",
        "ORGNMR": "999999-9999",
        "PLACERING": "Land",
        "KOMNAMN": "Tomelilla",
        "LANSNAMN": "Skåne län",
        "EL_NAMN": "Malmö               ",
        "SenasteUppdatering": 1680048000000,
        "_statuslager": "Avslagna",
        "_lager_id": 7
      }
    },
    {
      "type": "Feature",
      "id": 5618,
      "geometry": {
        "type": "Point",
        "coordinates": [
          13.989498851392733,
          55.453199756786745
        ]
      },
      "properties": {
        "OBJECTID": 5618,
        "VERKID": "1286-V-042-002",
        "OMRID": "1286-V-042",
        "PROJNAMN": "",
        "STATUS": "Avslag",
        "HANDLINGSTYP": "Anmälan (Enligt 9 kap. 6 § miljöbalken)",
        "UPPFORT": null,
        "MB_Tillstand_TIDSBEGRANS_DAT": null,
        "TOTALHOJD": 139,
        "NAVHOJD": 100,
        "ROTDIAMETER": 100,
        "MAXEFFEKT": 3,
        "CALPROD": null,
        "FABRIKAT": null,
        "MODELL": "                                                  ",
        "ORGNAMN": "Projektör ej registrerad ",
        "ORGNMR": "999999-9999",
        "PLACERING": "Land",
        "KOMNAMN": "Ystad",
        "LANSNAMN": "Skåne län",
        "EL_NAMN": "Malmö               ",
        "SenasteUppdatering": 1613433600000,
        "_statuslager": "Avslagna",
        "_lager_id": 7
      }
    },
    {
      "type": "Feature",
      "id": 5672,
      "geometry": {
        "type": "Point",
        "coordinates": [
          14.135508232044689,
          55.447881760720705
        ]
      },
      "properties": {
        "OBJECTID": 5672,
        "VERKID": "1286-V-093-001",
        "OMRID": "1286-V-093",
        "PROJNAMN": "",
        "STATUS": "Avslag",
        "HANDLINGSTYP": "Bygglov (Enligt 9 kap. 2 § Plan och bygglagen)",
        "UPPFORT": null,
        "MB_Tillstand_TIDSBEGRANS_DAT": null,
        "TOTALHOJD": 60,
        "NAVHOJD": 40,
        "ROTDIAMETER": 41,
        "MAXEFFEKT": 0.5,
        "CALPROD": null,
        "FABRIKAT": null,
        "MODELL": null,
        "ORGNAMN": "Slitevind AB",
        "ORGNMR": "556453-2819",
        "PLACERING": "Land",
        "KOMNAMN": "Ystad",
        "LANSNAMN": "Skåne län",
        "EL_NAMN": "Malmö               ",
        "SenasteUppdatering": 1613433600000,
        "_statuslager": "Avslagna",
        "_lager_id": 7
      }
    },
    {
      "type": "Feature",
      "id": 4931,
      "geometry": {
        "type": "Point",
        "coordinates": [
          14.07447915755151,
          55.533648578491935
        ]
      },
      "properties": {
        "OBJECTID": 4931,
        "VERKID": "1270-V-028-001",
        "OMRID": "1270-V-028",
        "PROJNAMN": "",
        "STATUS": "Avslag",
        "HANDLINGSTYP": "Bygglov (Enligt 9 kap. 2 § Plan och bygglagen)",
        "UPPFORT": null,
        "MB_Tillstand_TIDSBEGRANS_DAT": null,
        "TOTALHOJD": 87,
        "NAVHOJD": 65,
        "ROTDIAMETER": 44,
        "MAXEFFEKT": 0.6,
        "CALPROD": null,
        "FABRIKAT": null,
        "MODELL": "                                                  ",
        "ORGNAMN": "Projektör ej registrerad ",
        "ORGNMR": "999999-9999",
        "PLACERING": "Land",
        "KOMNAMN": "Tomelilla",
        "LANSNAMN": "Skåne län",
        "EL_NAMN": "Malmö               ",
        "SenasteUppdatering": 1613001600000,
        "_statuslager": "Avslagna",
        "_lager_id": 7
      }
    },
    {
      "type": "Feature",
      "id": 4891,
      "geometry": {
        "type": "Point",
        "coordinates": [
          13.955530064000945,
          55.59075194113937
        ]
      },
      "properties": {
        "OBJECTID": 4891,
        "VERKID": "1270-V-007-001",
        "OMRID": "1270-V-007",
        "PROJNAMN": "",
        "STATUS": "Avslag",
        "HANDLINGSTYP": "Bygglov (Enligt 9 kap. 2 § Plan och bygglagen)",
        "UPPFORT": null,
        "MB_Tillstand_TIDSBEGRANS_DAT": null,
        "TOTALHOJD": 100,
        "NAVHOJD": 65,
        "ROTDIAMETER": 44,
        "MAXEFFEKT": 0.6,
        "CALPROD": null,
        "FABRIKAT": null,
        "MODELL": "                                                  ",
        "ORGNAMN": "Projektör ej registrerad ",
        "ORGNMR": "999999-9999",
        "PLACERING": "Land",
        "KOMNAMN": "Tomelilla",
        "LANSNAMN": "Skåne län",
        "EL_NAMN": "Malmö               ",
        "SenasteUppdatering": 1680048000000,
        "_statuslager": "Avslagna",
        "_lager_id": 7
      }
    },
    {
      "type": "Feature",
      "id": 4937,
      "geometry": {
        "type": "Point",
        "coordinates": [
          14.015221181908966,
          55.65901432531616
        ]
      },
      "properties": {
        "OBJECTID": 4937,
        "VERKID": "1270-V-033-002",
        "OMRID": "1270-V-033",
        "PROJNAMN": "Bondrum-Bontofta",
        "STATUS": "Avslag",
        "HANDLINGSTYP": "Tillstånd (Enligt 9 kap. 6 § miljöbalken)",
        "UPPFORT": null,
        "MB_Tillstand_TIDSBEGRANS_DAT": null,
        "TOTALHOJD": 100,
        "NAVHOJD": 65,
        "ROTDIAMETER": 70,
        "MAXEFFEKT": 1.79,
        "CALPROD": null,
        "FABRIKAT": null,
        "MODELL": "                                                  ",
        "ORGNAMN": "Projektör ej registrerad ",
        "ORGNMR": "999999-9999",
        "PLACERING": "Land",
        "KOMNAMN": "Tomelilla",
        "LANSNAMN": "Skåne län",
        "EL_NAMN": "Malmö               ",
        "SenasteUppdatering": 1613001600000,
        "_statuslager": "Avslagna",
        "_lager_id": 7
      }
    },
    {
      "type": "Feature",
      "id": 6073,
      "geometry": {
        "type": "Point",
        "coordinates": [
          14.347093594249117,
          55.534881437800905
        ]
      },
      "properties": {
        "OBJECTID": 6073,
        "VERKID": "1291-V-021-001",
        "OMRID": "1291-V-021",
        "PROJNAMN": "",
        "STATUS": "Avslag",
        "HANDLINGSTYP": "Bygglov (Enligt 9 kap. 2 § Plan och bygglagen)",
        "UPPFORT": null,
        "MB_Tillstand_TIDSBEGRANS_DAT": null,
        "TOTALHOJD": 58,
        "NAVHOJD": 39,
        "ROTDIAMETER": 39,
        "MAXEFFEKT": 0.5,
        "CALPROD": null,
        "FABRIKAT": null,
        "MODELL": "                                                  ",
        "ORGNAMN": "Projektör ej registrerad ",
        "ORGNMR": "999999-9999",
        "PLACERING": "Land",
        "KOMNAMN": "Simrishamn",
        "LANSNAMN": "Skåne län",
        "EL_NAMN": "Malmö               ",
        "SenasteUppdatering": 1613433600000,
        "_statuslager": "Avslagna",
        "_lager_id": 7
      }
    },
    {
      "type": "Feature",
      "id": 6110,
      "geometry": {
        "type": "Point",
        "coordinates": [
          14.178134869586698,
          55.517139494756215
        ]
      },
      "properties": {
        "OBJECTID": 6110,
        "VERKID": "1291-V-037-002",
        "OMRID": "1291-V-037",
        "PROJNAMN": "",
        "STATUS": "Avslag",
        "HANDLINGSTYP": "Bygglov (Enligt 9 kap. 2 § Plan och bygglagen)",
        "UPPFORT": null,
        "MB_Tillstand_TIDSBEGRANS_DAT": null,
        "TOTALHOJD": 125,
        "NAVHOJD": 80,
        "ROTDIAMETER": 90,
        "MAXEFFEKT": 2,
        "CALPROD": null,
        "FABRIKAT": null,
        "MODELL": "                                                  ",
        "ORGNAMN": "Projektör ej registrerad ",
        "ORGNMR": "999999-9999",
        "PLACERING": "Land",
        "KOMNAMN": "Simrishamn",
        "LANSNAMN": "Skåne län",
        "EL_NAMN": "Malmö               ",
        "SenasteUppdatering": 1613433600000,
        "_statuslager": "Avslagna",
        "_lager_id": 7
      }
    },
    {
      "type": "Feature",
      "id": 6133,
      "geometry": {
        "type": "Point",
        "coordinates": [
          14.191998642242357,
          55.52267317899558
        ]
      },
      "properties": {
        "OBJECTID": 6133,
        "VERKID": "1291-V-068-002",
        "OMRID": "1291-V-068",
        "PROJNAMN": "Östra Herrestad",
        "STATUS": "Avslag",
        "HANDLINGSTYP": "Tillstånd (Enligt 9 kap. 6 § miljöbalken)",
        "UPPFORT": null,
        "MB_Tillstand_TIDSBEGRANS_DAT": null,
        "TOTALHOJD": 150,
        "NAVHOJD": 80,
        "ROTDIAMETER": 90,
        "MAXEFFEKT": 1.8,
        "CALPROD": null,
        "FABRIKAT": null,
        "MODELL": null,
        "ORGNAMN": "Projektör ej registrerad ",
        "ORGNMR": "999999-9999",
        "PLACERING": "Land",
        "KOMNAMN": "Simrishamn",
        "LANSNAMN": "Skåne län",
        "EL_NAMN": "Malmö               ",
        "SenasteUppdatering": 1613433600000,
        "_statuslager": "Avslagna",
        "_lager_id": 7
      }
    },
    {
      "type": "Feature",
      "id": 4928,
      "geometry": {
        "type": "Point",
        "coordinates": [
          13.928917208012026,
          55.61687587871355
        ]
      },
      "properties": {
        "OBJECTID": 4928,
        "VERKID": "1270-V-025-003",
        "OMRID": "1270-V-025",
        "PROJNAMN": "Äsperöd",
        "STATUS": "Avslag",
        "HANDLINGSTYP": "Bygglov (Enligt 9 kap. 2 § Plan och bygglagen)",
        "UPPFORT": null,
        "MB_Tillstand_TIDSBEGRANS_DAT": null,
        "TOTALHOJD": 119,
        "NAVHOJD": 78,
        "ROTDIAMETER": 82,
        "MAXEFFEKT": 2,
        "CALPROD": null,
        "FABRIKAT": null,
        "MODELL": null,
        "ORGNAMN": "Eolus Vind AB",
        "ORGNMR": "556389-3956",
        "PLACERING": "Land",
        "KOMNAMN": "Tomelilla",
        "LANSNAMN": "Skåne län",
        "EL_NAMN": "Malmö               ",
        "SenasteUppdatering": 1745280000000,
        "_statuslager": "Avslagna",
        "_lager_id": 7
      }
    },
    {
      "type": "Feature",
      "id": 4886,
      "geometry": {
        "type": "Point",
        "coordinates": [
          14.049930803257519,
          55.55275735174867
        ]
      },
      "properties": {
        "OBJECTID": 4886,
        "VERKID": "1270-V-003-001",
        "OMRID": "1270-V-003",
        "PROJNAMN": "",
        "STATUS": "Avslag",
        "HANDLINGSTYP": "Bygglov (Enligt 9 kap. 2 § Plan och bygglagen)",
        "UPPFORT": null,
        "MB_Tillstand_TIDSBEGRANS_DAT": null,
        "TOTALHOJD": 100,
        "NAVHOJD": 70,
        "ROTDIAMETER": 70,
        "MAXEFFEKT": 1,
        "CALPROD": null,
        "FABRIKAT": null,
        "MODELL": "                                                  ",
        "ORGNAMN": "Projektör ej registrerad ",
        "ORGNMR": "999999-9999",
        "PLACERING": "Land",
        "KOMNAMN": "Tomelilla",
        "LANSNAMN": "Skåne län",
        "EL_NAMN": "Malmö               ",
        "SenasteUppdatering": 1680048000000,
        "_statuslager": "Avslagna",
        "_lager_id": 7
      }
    },
    {
      "type": "Feature",
      "id": 4932,
      "geometry": {
        "type": "Point",
        "coordinates": [
          14.077838170944025,
          55.535070517125874
        ]
      },
      "properties": {
        "OBJECTID": 4932,
        "VERKID": "1270-V-028-002",
        "OMRID": "1270-V-028",
        "PROJNAMN": "",
        "STATUS": "Avslag",
        "HANDLINGSTYP": "Bygglov (Enligt 9 kap. 2 § Plan och bygglagen)",
        "UPPFORT": null,
        "MB_Tillstand_TIDSBEGRANS_DAT": null,
        "TOTALHOJD": 87,
        "NAVHOJD": 65,
        "ROTDIAMETER": 44,
        "MAXEFFEKT": 0.6,
        "CALPROD": null,
        "FABRIKAT": null,
        "MODELL": "                                                  ",
        "ORGNAMN": "Projektör ej registrerad ",
        "ORGNMR": "999999-9999",
        "PLACERING": "Land",
        "KOMNAMN": "Tomelilla",
        "LANSNAMN": "Skåne län",
        "EL_NAMN": "Malmö               ",
        "SenasteUppdatering": 1613001600000,
        "_statuslager": "Avslagna",
        "_lager_id": 7
      }
    },
    {
      "type": "Feature",
      "id": 5627,
      "geometry": {
        "type": "Point",
        "coordinates": [
          14.084996825225632,
          55.462548820924226
        ]
      },
      "properties": {
        "OBJECTID": 5627,
        "VERKID": "1286-V-049-001",
        "OMRID": "1286-V-049",
        "PROJNAMN": "Fröslöv",
        "STATUS": "Avslag",
        "HANDLINGSTYP": "Anmälan (Enligt 9 kap. 6 § miljöbalken)",
        "UPPFORT": null,
        "MB_Tillstand_TIDSBEGRANS_DAT": null,
        "TOTALHOJD": 120,
        "NAVHOJD": 110,
        "ROTDIAMETER": 115,
        "MAXEFFEKT": 3,
        "CALPROD": null,
        "FABRIKAT": null,
        "MODELL": "                                                  ",
        "ORGNAMN": "Projektör ej registrerad ",
        "ORGNMR": "999999-9999",
        "PLACERING": "Land",
        "KOMNAMN": "Ystad",
        "LANSNAMN": "Skåne län",
        "EL_NAMN": "Malmö               ",
        "SenasteUppdatering": 1613433600000,
        "_statuslager": "Avslagna",
        "_lager_id": 7
      }
    },
    {
      "type": "Feature",
      "id": 4940,
      "geometry": {
        "type": "Point",
        "coordinates": [
          14.01255077325986,
          55.66667412792208
        ]
      },
      "properties": {
        "OBJECTID": 4940,
        "VERKID": "1270-V-033-005",
        "OMRID": "1270-V-033",
        "PROJNAMN": "Bondrum-Bontofta",
        "STATUS": "Avslag",
        "HANDLINGSTYP": "Tillstånd (Enligt 9 kap. 6 § miljöbalken)",
        "UPPFORT": null,
        "MB_Tillstand_TIDSBEGRANS_DAT": null,
        "TOTALHOJD": 100,
        "NAVHOJD": 65,
        "ROTDIAMETER": 70,
        "MAXEFFEKT": 1.79,
        "CALPROD": null,
        "FABRIKAT": null,
        "MODELL": "                                                  ",
        "ORGNAMN": "Projektör ej registrerad ",
        "ORGNMR": "999999-9999",
        "PLACERING": "Land",
        "KOMNAMN": "Tomelilla",
        "LANSNAMN": "Skåne län",
        "EL_NAMN": "Malmö               ",
        "SenasteUppdatering": 1613001600000,
        "_statuslager": "Avslagna",
        "_lager_id": 7
      }
    },
    {
      "type": "Feature",
      "id": 6074,
      "geometry": {
        "type": "Point",
        "coordinates": [
          14.344549182962734,
          55.53472533815648
        ]
      },
      "properties": {
        "OBJECTID": 6074,
        "VERKID": "1291-V-021-002",
        "OMRID": "1291-V-021",
        "PROJNAMN": "",
        "STATUS": "Avslag",
        "HANDLINGSTYP": "Bygglov (Enligt 9 kap. 2 § Plan och bygglagen)",
        "UPPFORT": null,
        "MB_Tillstand_TIDSBEGRANS_DAT": null,
        "TOTALHOJD": 58,
        "NAVHOJD": 39,
        "ROTDIAMETER": 39,
        "MAXEFFEKT": 0.5,
        "CALPROD": null,
        "FABRIKAT": null,
        "MODELL": "                                                  ",
        "ORGNAMN": "Projektör ej registrerad ",
        "ORGNMR": "999999-9999",
        "PLACERING": "Land",
        "KOMNAMN": "Simrishamn",
        "LANSNAMN": "Skåne län",
        "EL_NAMN": "Malmö               ",
        "SenasteUppdatering": 1613433600000,
        "_statuslager": "Avslagna",
        "_lager_id": 7
      }
    },
    {
      "type": "Feature",
      "id": 4897,
      "geometry": {
        "type": "Point",
        "coordinates": [
          13.943134424571749,
          55.59323228507008
        ]
      },
      "properties": {
        "OBJECTID": 4897,
        "VERKID": "1270-V-009-001",
        "OMRID": "1270-V-009",
        "PROJNAMN": "Everöd Vindkraftpark",
        "STATUS": "Avslag",
        "HANDLINGSTYP": "Tillstånd (Enligt 9 kap. 6 § miljöbalken)",
        "UPPFORT": null,
        "MB_Tillstand_TIDSBEGRANS_DAT": null,
        "TOTALHOJD": 99,
        "NAVHOJD": 70,
        "ROTDIAMETER": 57,
        "MAXEFFEKT": 0.89,
        "CALPROD": null,
        "FABRIKAT": null,
        "MODELL": "                                                  ",
        "ORGNAMN": "Projektör ej registrerad ",
        "ORGNMR": "999999-9999",
        "PLACERING": "Land",
        "KOMNAMN": "Tomelilla",
        "LANSNAMN": "Skåne län",
        "EL_NAMN": "Malmö               ",
        "SenasteUppdatering": 1613001600000,
        "_statuslager": "Avslagna",
        "_lager_id": 7
      }
    },
    {
      "type": "Feature",
      "id": 6042,
      "geometry": {
        "type": "Point",
        "coordinates": [
          14.147978169466272,
          55.5317011392006
        ]
      },
      "properties": {
        "OBJECTID": 6042,
        "VERKID": "1291-V-007-001",
        "OMRID": "1291-V-007",
        "PROJNAMN": "Östra Herrestad Vindkraftpark",
        "STATUS": "Avslag",
        "HANDLINGSTYP": "Förhandsbesked (Enligt 9 kap. 17 § Plan och bygglagen)",
        "UPPFORT": null,
        "MB_Tillstand_TIDSBEGRANS_DAT": null,
        "TOTALHOJD": 72,
        "NAVHOJD": 50,
        "ROTDIAMETER": 44,
        "MAXEFFEKT": 0.6,
        "CALPROD": null,
        "FABRIKAT": null,
        "MODELL": null,
        "ORGNAMN": "Eolus Vind AB",
        "ORGNMR": "556389-3956",
        "PLACERING": "Land",
        "KOMNAMN": "Simrishamn",
        "LANSNAMN": "Skåne län",
        "EL_NAMN": "Malmö               ",
        "SenasteUppdatering": 1745280000000,
        "_statuslager": "Avslagna",
        "_lager_id": 7
      }
    },
    {
      "type": "Feature",
      "id": 5613,
      "geometry": {
        "type": "Point",
        "coordinates": [
          14.085070969622056,
          55.39985344994727
        ]
      },
      "properties": {
        "OBJECTID": 5613,
        "VERKID": "1286-V-039-001",
        "OMRID": "1286-V-039",
        "PROJNAMN": "",
        "STATUS": "Avslag",
        "HANDLINGSTYP": "Bygglov (Enligt 9 kap. 2 § Plan och bygglagen)",
        "UPPFORT": null,
        "MB_Tillstand_TIDSBEGRANS_DAT": null,
        "TOTALHOJD": 74,
        "NAVHOJD": 53,
        "ROTDIAMETER": 42,
        "MAXEFFEKT": 0.6,
        "CALPROD": null,
        "FABRIKAT": null,
        "MODELL": "                                                  ",
        "ORGNAMN": "Projektör ej registrerad ",
        "ORGNMR": "999999-9999",
        "PLACERING": "Land",
        "KOMNAMN": "Ystad",
        "LANSNAMN": "Skåne län",
        "EL_NAMN": "Malmö               ",
        "SenasteUppdatering": 1613433600000,
        "_statuslager": "Avslagna",
        "_lager_id": 7
      }
    },
    {
      "type": "Feature",
      "id": 6071,
      "geometry": {
        "type": "Point",
        "coordinates": [
          14.33115550111759,
          55.51339168559914
        ]
      },
      "properties": {
        "OBJECTID": 6071,
        "VERKID": "1291-V-019-003",
        "OMRID": "1291-V-019",
        "PROJNAMN": "",
        "STATUS": "Avslag",
        "HANDLINGSTYP": "Bygglov (Enligt 9 kap. 2 § Plan och bygglagen)",
        "UPPFORT": null,
        "MB_Tillstand_TIDSBEGRANS_DAT": null,
        "TOTALHOJD": 58,
        "NAVHOJD": 39,
        "ROTDIAMETER": 39,
        "MAXEFFEKT": 0.5,
        "CALPROD": null,
        "FABRIKAT": null,
        "MODELL": "                                                  ",
        "ORGNAMN": "Projektör ej registrerad ",
        "ORGNMR": "999999-9999",
        "PLACERING": "Land",
        "KOMNAMN": "Simrishamn",
        "LANSNAMN": "Skåne län",
        "EL_NAMN": "Malmö               ",
        "SenasteUppdatering": 1613347200000,
        "_statuslager": "Avslagna",
        "_lager_id": 7
      }
    },
    {
      "type": "Feature",
      "id": 6117,
      "geometry": {
        "type": "Point",
        "coordinates": [
          14.162942934602617,
          55.603140053491
        ]
      },
      "properties": {
        "OBJECTID": 6117,
        "VERKID": "1291-V-042-002",
        "OMRID": "1291-V-042",
        "PROJNAMN": "Munkarynga",
        "STATUS": "Avslag",
        "HANDLINGSTYP": "Bygglov (Enligt 9 kap. 2 § Plan och bygglagen)",
        "UPPFORT": null,
        "MB_Tillstand_TIDSBEGRANS_DAT": null,
        "TOTALHOJD": 142,
        "NAVHOJD": 98,
        "ROTDIAMETER": 82,
        "MAXEFFEKT": null,
        "CALPROD": null,
        "FABRIKAT": null,
        "MODELL": "-",
        "ORGNAMN": "Projektör ej registrerad ",
        "ORGNMR": "999999-9999",
        "PLACERING": "Land",
        "KOMNAMN": "Simrishamn",
        "LANSNAMN": "Skåne län",
        "EL_NAMN": "Malmö               ",
        "SenasteUppdatering": 1613433600000,
        "_statuslager": "Avslagna",
        "_lager_id": 7
      }
    },
    {
      "type": "Feature",
      "id": 5639,
      "geometry": {
        "type": "Point",
        "coordinates": [
          14.02919135679342,
          55.45884042127416
        ]
      },
      "properties": {
        "OBJECTID": 5639,
        "VERKID": "1286-V-066-001",
        "OMRID": "1286-V-066",
        "PROJNAMN": "",
        "STATUS": "Avslag",
        "HANDLINGSTYP": "Bygglov (Enligt 9 kap. 2 § Plan och bygglagen)",
        "UPPFORT": null,
        "MB_Tillstand_TIDSBEGRANS_DAT": null,
        "TOTALHOJD": 102,
        "NAVHOJD": 65,
        "ROTDIAMETER": 70,
        "MAXEFFEKT": 1.5,
        "CALPROD": null,
        "FABRIKAT": null,
        "MODELL": null,
        "ORGNAMN": "Projektör ej registrerad ",
        "ORGNMR": "999999-9999",
        "PLACERING": "Land",
        "KOMNAMN": "Ystad",
        "LANSNAMN": "Skåne län",
        "EL_NAMN": "Malmö               ",
        "SenasteUppdatering": 1613433600000,
        "_statuslager": "Avslagna",
        "_lager_id": 7
      }
    },
    {
      "type": "Feature",
      "id": 6125,
      "geometry": {
        "type": "Point",
        "coordinates": [
          14.113058463477532,
          55.665281326635856
        ]
      },
      "properties": {
        "OBJECTID": 6125,
        "VERKID": "1291-V-059-001",
        "OMRID": "1291-V-059",
        "PROJNAMN": "Tåghusa",
        "STATUS": "Avslag",
        "HANDLINGSTYP": "Bygglov (Enligt 9 kap. 2 § Plan och bygglagen)",
        "UPPFORT": null,
        "MB_Tillstand_TIDSBEGRANS_DAT": null,
        "TOTALHOJD": 21,
        "NAVHOJD": 15,
        "ROTDIAMETER": 12,
        "MAXEFFEKT": null,
        "CALPROD": null,
        "FABRIKAT": null,
        "MODELL": null,
        "ORGNAMN": "Tåghusa 1:42 AB",
        "ORGNMR": "556540-2285",
        "PLACERING": "Land",
        "KOMNAMN": "Simrishamn",
        "LANSNAMN": "Skåne län",
        "EL_NAMN": "Malmö               ",
        "SenasteUppdatering": 1613433600000,
        "_statuslager": "Avslagna",
        "_lager_id": 7
      }
    },
    {
      "type": "Feature",
      "id": 4952,
      "geometry": {
        "type": "Point",
        "coordinates": [
          14.1339624298324,
          55.56151495499271
        ]
      },
      "properties": {
        "OBJECTID": 4952,
        "VERKID": "1270-V-042-001",
        "OMRID": "1270-V-042",
        "PROJNAMN": "",
        "STATUS": "Avslag",
        "HANDLINGSTYP": "Anmälan (Enligt 9 kap. 6 § miljöbalken)",
        "UPPFORT": null,
        "MB_Tillstand_TIDSBEGRANS_DAT": null,
        "TOTALHOJD": 139,
        "NAVHOJD": null,
        "ROTDIAMETER": 82,
        "MAXEFFEKT": 2,
        "CALPROD": null,
        "FABRIKAT": null,
        "MODELL": "                                                  ",
        "ORGNAMN": "Projektör ej registrerad ",
        "ORGNMR": "999999-9999",
        "PLACERING": "Land",
        "KOMNAMN": "Tomelilla",
        "LANSNAMN": "Skåne län",
        "EL_NAMN": "Malmö               ",
        "SenasteUppdatering": 1680048000000,
        "_statuslager": "Avslagna",
        "_lager_id": 7
      }
    },
    {
      "type": "Feature",
      "id": 5687,
      "geometry": {
        "type": "Point",
        "coordinates": [
          14.079337952694178,
          55.434655913615224
        ]
      },
      "properties": {
        "OBJECTID": 5687,
        "VERKID": "1286-V-111-003",
        "OMRID": "1286-V-111",
        "PROJNAMN": "",
        "STATUS": "Avslag",
        "HANDLINGSTYP": "Bygglov (Enligt 9 kap. 2 § Plan och bygglagen)",
        "UPPFORT": null,
        "MB_Tillstand_TIDSBEGRANS_DAT": null,
        "TOTALHOJD": 118,
        "NAVHOJD": 78,
        "ROTDIAMETER": 80,
        "MAXEFFEKT": 2,
        "CALPROD": null,
        "FABRIKAT": null,
        "MODELL": null,
        "ORGNAMN": "Projektör ej registrerad ",
        "ORGNMR": "999999-9999",
        "PLACERING": "Land",
        "KOMNAMN": "Ystad",
        "LANSNAMN": "Skåne län",
        "EL_NAMN": "Malmö               ",
        "SenasteUppdatering": 1613347200000,
        "_statuslager": "Avslagna",
        "_lager_id": 7
      }
    },
    {
      "type": "Feature",
      "id": 4889,
      "geometry": {
        "type": "Point",
        "coordinates": [
          13.990314365719591,
          55.63649511734755
        ]
      },
      "properties": {
        "OBJECTID": 4889,
        "VERKID": "1270-V-005-001",
        "OMRID": "1270-V-005",
        "PROJNAMN": "",
        "STATUS": "Avslag",
        "HANDLINGSTYP": "Bygglov (Enligt 9 kap. 2 § Plan och bygglagen)",
        "UPPFORT": null,
        "MB_Tillstand_TIDSBEGRANS_DAT": null,
        "TOTALHOJD": 98,
        "NAVHOJD": 72,
        "ROTDIAMETER": 52,
        "MAXEFFEKT": 0.89,
        "CALPROD": null,
        "FABRIKAT": null,
        "MODELL": "                                                  ",
        "ORGNAMN": "Projektör ej registrerad ",
        "ORGNMR": "999999-9999",
        "PLACERING": "Land",
        "KOMNAMN": "Tomelilla",
        "LANSNAMN": "Skåne län",
        "EL_NAMN": "Malmö               ",
        "SenasteUppdatering": 1680048000000,
        "_statuslager": "Avslagna",
        "_lager_id": 7
      }
    },
    {
      "type": "Feature",
      "id": 6082,
      "geometry": {
        "type": "Point",
        "coordinates": [
          14.236952994656988,
          55.45189819690102
        ]
      },
      "properties": {
        "OBJECTID": 6082,
        "VERKID": "1291-V-027-002",
        "OMRID": "1291-V-027",
        "PROJNAMN": "",
        "STATUS": "Avslag",
        "HANDLINGSTYP": "Bygglov (Enligt 9 kap. 2 § Plan och bygglagen)",
        "UPPFORT": null,
        "MB_Tillstand_TIDSBEGRANS_DAT": null,
        "TOTALHOJD": null,
        "NAVHOJD": null,
        "ROTDIAMETER": null,
        "MAXEFFEKT": 0.6,
        "CALPROD": null,
        "FABRIKAT": null,
        "MODELL": "                                                  ",
        "ORGNAMN": "Projektör ej registrerad ",
        "ORGNMR": "999999-9999",
        "PLACERING": "Land",
        "KOMNAMN": "Simrishamn",
        "LANSNAMN": "Skåne län",
        "EL_NAMN": "Malmö               ",
        "SenasteUppdatering": 1613347200000,
        "_statuslager": "Avslagna",
        "_lager_id": 7
      }
    },
    {
      "type": "Feature",
      "id": 4900,
      "geometry": {
        "type": "Point",
        "coordinates": [
          13.941118031899359,
          55.59594162978222
        ]
      },
      "properties": {
        "OBJECTID": 4900,
        "VERKID": "1270-V-009-004",
        "OMRID": "1270-V-009",
        "PROJNAMN": "Everöd Vindkraftpark",
        "STATUS": "Avslag",
        "HANDLINGSTYP": "Tillstånd (Enligt 9 kap. 6 § miljöbalken)",
        "UPPFORT": null,
        "MB_Tillstand_TIDSBEGRANS_DAT": null,
        "TOTALHOJD": 100,
        "NAVHOJD": 70,
        "ROTDIAMETER": 70,
        "MAXEFFEKT": 2,
        "CALPROD": null,
        "FABRIKAT": null,
        "MODELL": "                                                  ",
        "ORGNAMN": "Projektör ej registrerad ",
        "ORGNMR": "999999-9999",
        "PLACERING": "Land",
        "KOMNAMN": "Tomelilla",
        "LANSNAMN": "Skåne län",
        "EL_NAMN": "Malmö               ",
        "SenasteUppdatering": 1613001600000,
        "_statuslager": "Avslagna",
        "_lager_id": 7
      }
    },
    {
      "type": "Feature",
      "id": 5648,
      "geometry": {
        "type": "Point",
        "coordinates": [
          14.170951436100802,
          55.39089286642485
        ]
      },
      "properties": {
        "OBJECTID": 5648,
        "VERKID": "1286-V-075-001",
        "OMRID": "1286-V-075",
        "PROJNAMN": "Hagestad",
        "STATUS": "Nedmonterat",
        "HANDLINGSTYP": "Bygglov (Enligt 9 kap. 2 § Plan och bygglagen)",
        "UPPFORT": 1325376000000,
        "MB_Tillstand_TIDSBEGRANS_DAT": null,
        "TOTALHOJD": 15,
        "NAVHOJD": 12,
        "ROTDIAMETER": 6,
        "MAXEFFEKT": 0.06,
        "CALPROD": null,
        "FABRIKAT": null,
        "MODELL": null,
        "ORGNAMN": "Projektör ej registrerad ",
        "ORGNMR": "999999-9999",
        "PLACERING": "Land",
        "KOMNAMN": "Ystad",
        "LANSNAMN": "Skåne län",
        "EL_NAMN": "Malmö               ",
        "SenasteUppdatering": 1682294400000,
        "_statuslager": "Nedmonterade",
        "_lager_id": 9
      }
    },
    {
      "type": "Feature",
      "id": 5599,
      "geometry": {
        "type": "Point",
        "coordinates": [
          14.024262821596572,
          55.462604820803726
        ]
      },
      "properties": {
        "OBJECTID": 5599,
        "VERKID": "1286-V-028-001",
        "OMRID": "1286-V-028",
        "PROJNAMN": "Larsbo",
        "STATUS": "Nedmonterat",
        "HANDLINGSTYP": "Bygglov (Enligt 9 kap. 2 § Plan och bygglagen)",
        "UPPFORT": 831945600000,
        "MB_Tillstand_TIDSBEGRANS_DAT": null,
        "TOTALHOJD": 70,
        "NAVHOJD": 50,
        "ROTDIAMETER": 40,
        "MAXEFFEKT": 0.5,
        "CALPROD": 1.3,
        "FABRIKAT": "Enercon",
        "MODELL": "E40",
        "ORGNAMN": "Slitevind AB",
        "ORGNMR": "556453-2819",
        "PLACERING": "Land",
        "KOMNAMN": "Ystad",
        "LANSNAMN": "Skåne län",
        "EL_NAMN": "Malmö               ",
        "SenasteUppdatering": 1760918400000,
        "_statuslager": "Nedmonterade",
        "_lager_id": 9
      }
    },
    {
      "type": "Feature",
      "id": 5591,
      "geometry": {
        "type": "Point",
        "coordinates": [
          13.964937480383782,
          55.462123109279815
        ]
      },
      "properties": {
        "OBJECTID": 5591,
        "VERKID": "1286-V-022-001",
        "OMRID": "1286-V-022",
        "PROJNAMN": "Köpingebro",
        "STATUS": "Nedmonterat",
        "HANDLINGSTYP": "Anmälan (Enligt 9 kap. 6 § miljöbalken)",
        "UPPFORT": 1262304000000,
        "MB_Tillstand_TIDSBEGRANS_DAT": null,
        "TOTALHOJD": 101,
        "NAVHOJD": 73,
        "ROTDIAMETER": 53,
        "MAXEFFEKT": 0.8,
        "CALPROD": null,
        "FABRIKAT": "Enercon",
        "MODELL": "E53",
        "ORGNAMN": "Alevind Invest AB",
        "ORGNMR": "556764-8638",
        "PLACERING": "Land",
        "KOMNAMN": "Ystad",
        "LANSNAMN": "Skåne län",
        "EL_NAMN": "Malmö               ",
        "SenasteUppdatering": 1682294400000,
        "_statuslager": "Nedmonterade",
        "_lager_id": 9
      }
    },
    {
      "type": "Feature",
      "id": 6112,
      "geometry": {
        "type": "Point",
        "coordinates": [
          14.266722580177795,
          55.67463527873426
        ]
      },
      "properties": {
        "OBJECTID": 6112,
        "VERKID": "1291-V-039-001",
        "OMRID": "1291-V-039",
        "PROJNAMN": "Äsperöd",
        "STATUS": "Nedmonterat",
        "HANDLINGSTYP": "Bygglov (Enligt 9 kap. 2 § Plan och bygglagen)",
        "UPPFORT": 1293840000000,
        "MB_Tillstand_TIDSBEGRANS_DAT": null,
        "TOTALHOJD": 39,
        "NAVHOJD": 33,
        "ROTDIAMETER": 11,
        "MAXEFFEKT": 0.01,
        "CALPROD": null,
        "FABRIKAT": null,
        "MODELL": "                                                  ",
        "ORGNAMN": "Projektör ej registrerad ",
        "ORGNMR": "999999-9999",
        "PLACERING": "Land",
        "KOMNAMN": "Simrishamn",
        "LANSNAMN": "Skåne län",
        "EL_NAMN": "Malmö               ",
        "SenasteUppdatering": 1682294400000,
        "_statuslager": "Nedmonterade",
        "_lager_id": 9
      }
    },
    {
      "type": "Feature",
      "id": 5600,
      "geometry": {
        "type": "Point",
        "coordinates": [
          14.023079805001746,
          55.46464477764446
        ]
      },
      "properties": {
        "OBJECTID": 5600,
        "VERKID": "1286-V-028-002",
        "OMRID": "1286-V-028",
        "PROJNAMN": "Larsbo",
        "STATUS": "Nedmonterat",
        "HANDLINGSTYP": "Bygglov (Enligt 9 kap. 2 § Plan och bygglagen)",
        "UPPFORT": 831945600000,
        "MB_Tillstand_TIDSBEGRANS_DAT": null,
        "TOTALHOJD": 70,
        "NAVHOJD": 50,
        "ROTDIAMETER": 40,
        "MAXEFFEKT": 0.5,
        "CALPROD": 1.3,
        "FABRIKAT": "Enercon",
        "MODELL": "E40",
        "ORGNAMN": "Slitevind AB",
        "ORGNMR": "556453-2819",
        "PLACERING": "Land",
        "KOMNAMN": "Ystad",
        "LANSNAMN": "Skåne län",
        "EL_NAMN": "Malmö               ",
        "SenasteUppdatering": 1760918400000,
        "_statuslager": "Nedmonterade",
        "_lager_id": 9
      }
    },
    {
      "type": "Feature",
      "id": 4962,
      "geometry": {
        "type": "Point",
        "coordinates": [
          14.110236766478328,
          55.540447373933084
        ]
      },
      "properties": {
        "OBJECTID": 4962,
        "VERKID": "1270-V-049-001",
        "OMRID": "1270-V-049",
        "PROJNAMN": "Tjustorp",
        "STATUS": "Nedmonterat",
        "HANDLINGSTYP": null,
        "UPPFORT": 1388534400000,
        "MB_Tillstand_TIDSBEGRANS_DAT": null,
        "TOTALHOJD": 78,
        "NAVHOJD": 50,
        "ROTDIAMETER": 56,
        "MAXEFFEKT": 1,
        "CALPROD": null,
        "FABRIKAT": "WinWind                                           ",
        "MODELL": "WWD-1",
        "ORGNAMN": "Projektör ej registrerad ",
        "ORGNMR": "999999-9999",
        "PLACERING": "Land",
        "KOMNAMN": "Tomelilla",
        "LANSNAMN": "Skåne län",
        "EL_NAMN": "Malmö               ",
        "SenasteUppdatering": 1733184000000,
        "_statuslager": "Nedmonterade",
        "_lager_id": 9
      }
    },
    {
      "type": "Feature",
      "id": 6050,
      "geometry": {
        "type": "Point",
        "coordinates": [
          14.29180727256426,
          55.49134290215718
        ]
      },
      "properties": {
        "OBJECTID": 6050,
        "VERKID": "1291-V-012-001",
        "OMRID": "1291-V-012",
        "PROJNAMN": "Månsunen, Gislöv",
        "STATUS": "Nedmonterat",
        "HANDLINGSTYP": "Bygglov (Enligt 9 kap. 2 § Plan och bygglagen)",
        "UPPFORT": 856137600000,
        "MB_Tillstand_TIDSBEGRANS_DAT": null,
        "TOTALHOJD": 43,
        "NAVHOJD": 30,
        "ROTDIAMETER": 27,
        "MAXEFFEKT": 0.22,
        "CALPROD": 0.49,
        "FABRIKAT": "Vestas",
        "MODELL": "V29",
        "ORGNAMN": "Grön Ambition AB",
        "ORGNMR": "556453-4856",
        "PLACERING": "Land",
        "KOMNAMN": "Simrishamn",
        "LANSNAMN": "Skåne län",
        "EL_NAMN": "Malmö               ",
        "SenasteUppdatering": 1682294400000,
        "_statuslager": "Nedmonterade",
        "_lager_id": 9
      }
    },
    {
      "type": "Feature",
      "id": 4963,
      "geometry": {
        "type": "Point",
        "coordinates": [
          14.121373336683991,
          55.53500897828417
        ]
      },
      "properties": {
        "OBJECTID": 4963,
        "VERKID": "1270-V-050-001",
        "OMRID": "1270-V-050",
        "PROJNAMN": "Ö Ingelstad",
        "STATUS": "Nedmonterat",
        "HANDLINGSTYP": null,
        "UPPFORT": 1335830400000,
        "MB_Tillstand_TIDSBEGRANS_DAT": null,
        "TOTALHOJD": 44,
        "NAVHOJD": null,
        "ROTDIAMETER": null,
        "MAXEFFEKT": 0.04,
        "CALPROD": 0.02,
        "FABRIKAT": null,
        "MODELL": null,
        "ORGNAMN": "Projektör ej registrerad ",
        "ORGNMR": "999999-9999",
        "PLACERING": null,
        "KOMNAMN": "Tomelilla",
        "LANSNAMN": "Skåne län",
        "EL_NAMN": "Malmö               ",
        "SenasteUppdatering": 1733184000000,
        "_statuslager": "Nedmonterade",
        "_lager_id": 9
      }
    },
    {
      "type": "Feature",
      "id": 6120,
      "geometry": {
        "type": "Point",
        "coordinates": [
          14.147940557756796,
          55.43656637127062
        ]
      },
      "properties": {
        "OBJECTID": 6120,
        "VERKID": "1291-V-046-001",
        "OMRID": "1291-V-046",
        "PROJNAMN": "",
        "STATUS": "Inte aktuellt eller återkallat",
        "HANDLINGSTYP": null,
        "UPPFORT": null,
        "MB_Tillstand_TIDSBEGRANS_DAT": null,
        "TOTALHOJD": null,
        "NAVHOJD": 45,
        "ROTDIAMETER": null,
        "MAXEFFEKT": null,
        "CALPROD": null,
        "FABRIKAT": null,
        "MODELL": "                                                  ",
        "ORGNAMN": "Projektör ej registrerad ",
        "ORGNMR": "999999-9999",
        "PLACERING": "Land",
        "KOMNAMN": "Simrishamn",
        "LANSNAMN": "Skåne län",
        "EL_NAMN": "Malmö               ",
        "SenasteUppdatering": 1554249600000,
        "_statuslager": "Inte aktuella eller återkallade",
        "_lager_id": 12
      }
    },
    {
      "type": "Feature",
      "id": 4955,
      "geometry": {
        "type": "Point",
        "coordinates": [
          14.04045080276855,
          55.620643678065086
        ]
      },
      "properties": {
        "OBJECTID": 4955,
        "VERKID": "1270-V-044-001",
        "OMRID": "1270-V-044",
        "PROJNAMN": "",
        "STATUS": "Inte aktuellt eller återkallat",
        "HANDLINGSTYP": "Bygglov (Enligt 9 kap. 2 § Plan och bygglagen)",
        "UPPFORT": null,
        "MB_Tillstand_TIDSBEGRANS_DAT": null,
        "TOTALHOJD": null,
        "NAVHOJD": null,
        "ROTDIAMETER": 4,
        "MAXEFFEKT": null,
        "CALPROD": null,
        "FABRIKAT": null,
        "MODELL": "                                                  ",
        "ORGNAMN": "Projektör ej registrerad ",
        "ORGNMR": "999999-9999",
        "PLACERING": "Land",
        "KOMNAMN": "Tomelilla",
        "LANSNAMN": "Skåne län",
        "EL_NAMN": "Malmö               ",
        "SenasteUppdatering": 1567555200000,
        "_statuslager": "Inte aktuella eller återkallade",
        "_lager_id": 12
      }
    },
    {
      "type": "Feature",
      "id": 4892,
      "geometry": {
        "type": "Point",
        "coordinates": [
          14.018598998476753,
          55.66857705755049
        ]
      },
      "properties": {
        "OBJECTID": 4892,
        "VERKID": "1270-V-008-001",
        "OMRID": "1270-V-008",
        "PROJNAMN": "Bondrum-Bontofta",
        "STATUS": "Inte aktuellt eller återkallat",
        "HANDLINGSTYP": null,
        "UPPFORT": null,
        "MB_Tillstand_TIDSBEGRANS_DAT": null,
        "TOTALHOJD": 105,
        "NAVHOJD": 70,
        "ROTDIAMETER": 70,
        "MAXEFFEKT": 2.3,
        "CALPROD": null,
        "FABRIKAT": null,
        "MODELL": "",
        "ORGNAMN": "Projektör ej registrerad ",
        "ORGNMR": "999999-9999",
        "PLACERING": "Land",
        "KOMNAMN": "Tomelilla",
        "LANSNAMN": "Skåne län",
        "EL_NAMN": "Malmö               ",
        "SenasteUppdatering": null,
        "_statuslager": "Inte aktuella eller återkallade",
        "_lager_id": 12
      }
    },
    {
      "type": "Feature",
      "id": 6066,
      "geometry": {
        "type": "Point",
        "coordinates": [
          14.296470514729133,
          55.488975030045665
        ]
      },
      "properties": {
        "OBJECTID": 6066,
        "VERKID": "1291-V-018-002",
        "OMRID": "1291-V-018",
        "PROJNAMN": "",
        "STATUS": "Inte aktuellt eller återkallat",
        "HANDLINGSTYP": null,
        "UPPFORT": null,
        "MB_Tillstand_TIDSBEGRANS_DAT": null,
        "TOTALHOJD": null,
        "NAVHOJD": null,
        "ROTDIAMETER": null,
        "MAXEFFEKT": 0.5,
        "CALPROD": null,
        "FABRIKAT": null,
        "MODELL": "                                                  ",
        "ORGNAMN": "Projektör ej registrerad ",
        "ORGNMR": "999999-9999",
        "PLACERING": "Land",
        "KOMNAMN": "Simrishamn",
        "LANSNAMN": "Skåne län",
        "EL_NAMN": "Malmö               ",
        "SenasteUppdatering": 1554249600000,
        "_statuslager": "Inte aktuella eller återkallade",
        "_lager_id": 12
      }
    },
    {
      "type": "Feature",
      "id": 4901,
      "geometry": {
        "type": "Point",
        "coordinates": [
          13.948593670226286,
          55.59218318246904
        ]
      },
      "properties": {
        "OBJECTID": 4901,
        "VERKID": "1270-V-010-001",
        "OMRID": "1270-V-010",
        "PROJNAMN": "Vallsås",
        "STATUS": "Inte aktuellt eller återkallat",
        "HANDLINGSTYP": "Tillstånd (Enligt 9 kap. 6 § miljöbalken)",
        "UPPFORT": null,
        "MB_Tillstand_TIDSBEGRANS_DAT": null,
        "TOTALHOJD": 89,
        "NAVHOJD": 65,
        "ROTDIAMETER": 48,
        "MAXEFFEKT": 0.8,
        "CALPROD": null,
        "FABRIKAT": null,
        "MODELL": "-",
        "ORGNAMN": "Fred Olsen Renewables AB",
        "ORGNMR": "556591-2077",
        "PLACERING": "Land",
        "KOMNAMN": "Tomelilla",
        "LANSNAMN": "Skåne län",
        "EL_NAMN": "Malmö               ",
        "SenasteUppdatering": 1719964800000,
        "_statuslager": "Inte aktuella eller återkallade",
        "_lager_id": 12
      }
    },
    {
      "type": "Feature",
      "id": 5688,
      "geometry": {
        "type": "Point",
        "coordinates": [
          14.087751499787604,
          55.40117494886398
        ]
      },
      "properties": {
        "OBJECTID": 5688,
        "VERKID": "1286-V-113-001",
        "OMRID": "1286-V-113",
        "PROJNAMN": "",
        "STATUS": "Inte aktuellt eller återkallat",
        "HANDLINGSTYP": "Bygglov (Enligt 9 kap. 2 § Plan och bygglagen)",
        "UPPFORT": null,
        "MB_Tillstand_TIDSBEGRANS_DAT": null,
        "TOTALHOJD": 74,
        "NAVHOJD": 53,
        "ROTDIAMETER": 42,
        "MAXEFFEKT": 0.6,
        "CALPROD": null,
        "FABRIKAT": null,
        "MODELL": null,
        "ORGNAMN": "Projektör ej registrerad ",
        "ORGNMR": "999999-9999",
        "PLACERING": "Land",
        "KOMNAMN": "Ystad",
        "LANSNAMN": "Skåne län",
        "EL_NAMN": "Malmö               ",
        "SenasteUppdatering": 1567036800000,
        "_statuslager": "Inte aktuella eller återkallade",
        "_lager_id": 12
      }
    },
    {
      "type": "Feature",
      "id": 4947,
      "geometry": {
        "type": "Point",
        "coordinates": [
          13.995471667525896,
          55.498781596808456
        ]
      },
      "properties": {
        "OBJECTID": 4947,
        "VERKID": "1270-V-036-007",
        "OMRID": "1270-V-036",
        "PROJNAMN": "Munka-Tågarp",
        "STATUS": "Inte aktuellt eller återkallat",
        "HANDLINGSTYP": "Samråd (Enligt 6 kap. 4 § miljöbalken)",
        "UPPFORT": null,
        "MB_Tillstand_TIDSBEGRANS_DAT": null,
        "TOTALHOJD": 177,
        "NAVHOJD": 119,
        "ROTDIAMETER": 115,
        "MAXEFFEKT": 3,
        "CALPROD": null,
        "FABRIKAT": null,
        "MODELL": "                                                  ",
        "ORGNAMN": "Projektör ej registrerad ",
        "ORGNMR": "999999-9999",
        "PLACERING": "Land",
        "KOMNAMN": "Tomelilla",
        "LANSNAMN": "Skåne län",
        "EL_NAMN": "Malmö               ",
        "SenasteUppdatering": 1556496000000,
        "_statuslager": "Inte aktuella eller återkallade",
        "_lager_id": 12
      }
    },
    {
      "type": "Feature",
      "id": 6126,
      "geometry": {
        "type": "Point",
        "coordinates": [
          14.171369845843035,
          55.44619754358556
        ]
      },
      "properties": {
        "OBJECTID": 6126,
        "VERKID": "1291-V-063-001",
        "OMRID": "1291-V-063",
        "PROJNAMN": "Borrby2",
        "STATUS": "Inte aktuellt eller återkallat",
        "HANDLINGSTYP": "Bygglov (Enligt 9 kap. 2 § Plan och bygglagen)",
        "UPPFORT": null,
        "MB_Tillstand_TIDSBEGRANS_DAT": null,
        "TOTALHOJD": 45,
        "NAVHOJD": 38,
        "ROTDIAMETER": 15,
        "MAXEFFEKT": null,
        "CALPROD": null,
        "FABRIKAT": null,
        "MODELL": null,
        "ORGNAMN": "WindEn sweden AB",
        "ORGNMR": "556766-8040",
        "PLACERING": "Land",
        "KOMNAMN": "Simrishamn",
        "LANSNAMN": "Skåne län",
        "EL_NAMN": "Malmö               ",
        "SenasteUppdatering": 1567641600000,
        "_statuslager": "Inte aktuella eller återkallade",
        "_lager_id": 12
      }
    },
    {
      "type": "Feature",
      "id": 4944,
      "geometry": {
        "type": "Point",
        "coordinates": [
          13.997485268955845,
          55.49904494720232
        ]
      },
      "properties": {
        "OBJECTID": 4944,
        "VERKID": "1270-V-036-004",
        "OMRID": "1270-V-036",
        "PROJNAMN": "Munka-Tågarp",
        "STATUS": "Inte aktuellt eller återkallat",
        "HANDLINGSTYP": "Samråd (Enligt 6 kap. 4 § miljöbalken)",
        "UPPFORT": null,
        "MB_Tillstand_TIDSBEGRANS_DAT": null,
        "TOTALHOJD": 140,
        "NAVHOJD": 95,
        "ROTDIAMETER": 90,
        "MAXEFFEKT": 2,
        "CALPROD": null,
        "FABRIKAT": null,
        "MODELL": "                                                  ",
        "ORGNAMN": "Projektör ej registrerad ",
        "ORGNMR": "999999-9999",
        "PLACERING": "Land",
        "KOMNAMN": "Tomelilla",
        "LANSNAMN": "Skåne län",
        "EL_NAMN": "Malmö               ",
        "SenasteUppdatering": 1556496000000,
        "_statuslager": "Inte aktuella eller återkallade",
        "_lager_id": 12
      }
    },
    {
      "type": "Feature",
      "id": 5562,
      "geometry": {
        "type": "Point",
        "coordinates": [
          14.123332711277888,
          55.461213407790424
        ]
      },
      "properties": {
        "OBJECTID": 5562,
        "VERKID": "1286-V-010-002",
        "OMRID": "1286-V-010",
        "PROJNAMN": "Karlfältsgården",
        "STATUS": "Inte aktuellt eller återkallat",
        "HANDLINGSTYP": "Tillstånd (Enligt 9 kap. 6 § miljöbalken)",
        "UPPFORT": null,
        "MB_Tillstand_TIDSBEGRANS_DAT": null,
        "TOTALHOJD": 110,
        "NAVHOJD": 71,
        "ROTDIAMETER": 71,
        "MAXEFFEKT": 3,
        "CALPROD": null,
        "FABRIKAT": null,
        "MODELL": "                                                  ",
        "ORGNAMN": "Slitevind AB",
        "ORGNMR": "556453-2819",
        "PLACERING": "Land",
        "KOMNAMN": "Ystad",
        "LANSNAMN": "Skåne län",
        "EL_NAMN": "Malmö               ",
        "SenasteUppdatering": 1567036800000,
        "_statuslager": "Inte aktuella eller återkallade",
        "_lager_id": 12
      }
    },
    {
      "type": "Feature",
      "id": 6040,
      "geometry": {
        "type": "Point",
        "coordinates": [
          14.273092087117497,
          55.51245406906428
        ]
      },
      "properties": {
        "OBJECTID": 6040,
        "VERKID": "1291-V-006-001",
        "OMRID": "1291-V-006",
        "PROJNAMN": "",
        "STATUS": "Inte aktuellt eller återkallat",
        "HANDLINGSTYP": null,
        "UPPFORT": null,
        "MB_Tillstand_TIDSBEGRANS_DAT": null,
        "TOTALHOJD": 118,
        "NAVHOJD": 78,
        "ROTDIAMETER": 80,
        "MAXEFFEKT": 2,
        "CALPROD": null,
        "FABRIKAT": null,
        "MODELL": "                                                  ",
        "ORGNAMN": "Projektör ej registrerad ",
        "ORGNMR": "999999-9999",
        "PLACERING": "Land",
        "KOMNAMN": "Simrishamn",
        "LANSNAMN": "Skåne län",
        "EL_NAMN": "Malmö               ",
        "SenasteUppdatering": 1554249600000,
        "_statuslager": "Inte aktuella eller återkallade",
        "_lager_id": 12
      }
    },
    {
      "type": "Feature",
      "id": 6089,
      "geometry": {
        "type": "Point",
        "coordinates": [
          14.107831942352512,
          55.61899023366737
        ]
      },
      "properties": {
        "OBJECTID": 6089,
        "VERKID": "1291-V-028-005",
        "OMRID": "1291-V-028",
        "PROJNAMN": "Sjunkalotten",
        "STATUS": "Inte aktuellt eller återkallat",
        "HANDLINGSTYP": "Bygglov (Enligt 9 kap. 2 § Plan och bygglagen)",
        "UPPFORT": null,
        "MB_Tillstand_TIDSBEGRANS_DAT": null,
        "TOTALHOJD": 149,
        "NAVHOJD": 108,
        "ROTDIAMETER": 95,
        "MAXEFFEKT": 3,
        "CALPROD": null,
        "FABRIKAT": null,
        "MODELL": "",
        "ORGNAMN": "Bjäre Kraft Energi AB",
        "ORGNMR": "556527-5020",
        "PLACERING": "Land",
        "KOMNAMN": "Simrishamn",
        "LANSNAMN": "Skåne län",
        "EL_NAMN": "Malmö               ",
        "SenasteUppdatering": null,
        "_statuslager": "Inte aktuella eller återkallade",
        "_lager_id": 12
      }
    },
    {
      "type": "Feature",
      "id": 4964,
      "geometry": {
        "type": "Point",
        "coordinates": [
          14.015577442099161,
          55.6676569658934
        ]
      },
      "properties": {
        "OBJECTID": 4964,
        "VERKID": "1270-V-051-001",
        "OMRID": "1270-V-051",
        "PROJNAMN": "Bondrum",
        "STATUS": "Inte aktuellt eller återkallat",
        "HANDLINGSTYP": "Samråd (Enligt 6 kap. 4 § miljöbalken)",
        "UPPFORT": null,
        "MB_Tillstand_TIDSBEGRANS_DAT": null,
        "TOTALHOJD": null,
        "NAVHOJD": null,
        "ROTDIAMETER": null,
        "MAXEFFEKT": null,
        "CALPROD": null,
        "FABRIKAT": null,
        "MODELL": "-",
        "ORGNAMN": "Tekniska verken i Linköping Vind",
        "ORGNMR": "556853-7038",
        "PLACERING": "Land",
        "KOMNAMN": "Tomelilla",
        "LANSNAMN": "Skåne län",
        "EL_NAMN": "Malmö               ",
        "SenasteUppdatering": 1653004800000,
        "_statuslager": "Inte aktuella eller återkallade",
        "_lager_id": 12
      }
    },
    {
      "type": "Feature",
      "id": 5605,
      "geometry": {
        "type": "Point",
        "coordinates": [
          14.152933681332893,
          55.434298253153145
        ]
      },
      "properties": {
        "OBJECTID": 5605,
        "VERKID": "1286-V-033-001",
        "OMRID": "1286-V-033",
        "PROJNAMN": "",
        "STATUS": "Inte aktuellt eller återkallat",
        "HANDLINGSTYP": null,
        "UPPFORT": null,
        "MB_Tillstand_TIDSBEGRANS_DAT": null,
        "TOTALHOJD": null,
        "NAVHOJD": 45,
        "ROTDIAMETER": null,
        "MAXEFFEKT": null,
        "CALPROD": null,
        "FABRIKAT": null,
        "MODELL": "                                                  ",
        "ORGNAMN": "Projektör ej registrerad ",
        "ORGNMR": "999999-9999",
        "PLACERING": "Land",
        "KOMNAMN": "Ystad",
        "LANSNAMN": "Skåne län",
        "EL_NAMN": "Malmö               ",
        "SenasteUppdatering": 1554422400000,
        "_statuslager": "Inte aktuella eller återkallade",
        "_lager_id": 12
      }
    },
    {
      "type": "Feature",
      "id": 6103,
      "geometry": {
        "type": "Point",
        "coordinates": [
          14.214867183410918,
          55.51713717878894
        ]
      },
      "properties": {
        "OBJECTID": 6103,
        "VERKID": "1291-V-033-001",
        "OMRID": "1291-V-033",
        "PROJNAMN": "",
        "STATUS": "Inte aktuellt eller återkallat",
        "HANDLINGSTYP": "Anmälan (Enligt 9 kap. 6 § miljöbalken)",
        "UPPFORT": null,
        "MB_Tillstand_TIDSBEGRANS_DAT": null,
        "TOTALHOJD": 125,
        "NAVHOJD": 78,
        "ROTDIAMETER": 53,
        "MAXEFFEKT": 0.8,
        "CALPROD": null,
        "FABRIKAT": null,
        "MODELL": "                                                  ",
        "ORGNAMN": "Projektör ej registrerad ",
        "ORGNMR": "999999-9999",
        "PLACERING": "Land",
        "KOMNAMN": "Simrishamn",
        "LANSNAMN": "Skåne län",
        "EL_NAMN": "Malmö               ",
        "SenasteUppdatering": 1567641600000,
        "_statuslager": "Inte aktuella eller återkallade",
        "_lager_id": 12
      }
    },
    {
      "type": "Feature",
      "id": 5691,
      "geometry": {
        "type": "Point",
        "coordinates": [
          14.13231828808516,
          55.47739057625107
        ]
      },
      "properties": {
        "OBJECTID": 5691,
        "VERKID": "1286-V-119-001",
        "OMRID": "1286-V-119",
        "PROJNAMN": "",
        "STATUS": "Inte aktuellt eller återkallat",
        "HANDLINGSTYP": "Bygglov (Enligt 9 kap. 2 § Plan och bygglagen)",
        "UPPFORT": null,
        "MB_Tillstand_TIDSBEGRANS_DAT": null,
        "TOTALHOJD": 96,
        "NAVHOJD": 74,
        "ROTDIAMETER": 52,
        "MAXEFFEKT": 0.9,
        "CALPROD": null,
        "FABRIKAT": null,
        "MODELL": null,
        "ORGNAMN": "Projektör ej registrerad ",
        "ORGNMR": "999999-9999",
        "PLACERING": "Land",
        "KOMNAMN": "Ystad",
        "LANSNAMN": "Skåne län",
        "EL_NAMN": "Malmö               ",
        "SenasteUppdatering": 1584921600000,
        "_statuslager": "Inte aktuella eller återkallade",
        "_lager_id": 12
      }
    },
    {
      "type": "Feature",
      "id": 6092,
      "geometry": {
        "type": "Point",
        "coordinates": [
          14.114616129568363,
          55.61737717707032
        ]
      },
      "properties": {
        "OBJECTID": 6092,
        "VERKID": "1291-V-028-008",
        "OMRID": "1291-V-028",
        "PROJNAMN": "Sjunkalotten",
        "STATUS": "Inte aktuellt eller återkallat",
        "HANDLINGSTYP": "Tillstånd (Enligt 9 kap. 6 § miljöbalken)",
        "UPPFORT": null,
        "MB_Tillstand_TIDSBEGRANS_DAT": null,
        "TOTALHOJD": 149,
        "NAVHOJD": 108,
        "ROTDIAMETER": 95,
        "MAXEFFEKT": 3,
        "CALPROD": null,
        "FABRIKAT": null,
        "MODELL": "",
        "ORGNAMN": "Bjäre Kraft Energi AB",
        "ORGNMR": "556527-5020",
        "PLACERING": "Land",
        "KOMNAMN": "Simrishamn",
        "LANSNAMN": "Skåne län",
        "EL_NAMN": "Malmö               ",
        "SenasteUppdatering": null,
        "_statuslager": "Inte aktuella eller återkallade",
        "_lager_id": 12
      }
    },
    {
      "type": "Feature",
      "id": 4958,
      "geometry": {
        "type": "Point",
        "coordinates": [
          14.035151001174938,
          55.48742287365432
        ]
      },
      "properties": {
        "OBJECTID": 4958,
        "VERKID": "1270-V-045-003",
        "OMRID": "1270-V-045",
        "PROJNAMN": "Bollerup",
        "STATUS": "Inte aktuellt eller återkallat",
        "HANDLINGSTYP": "Samråd (Enligt 6 kap. 4 § miljöbalken)",
        "UPPFORT": null,
        "MB_Tillstand_TIDSBEGRANS_DAT": null,
        "TOTALHOJD": 150,
        "NAVHOJD": 110,
        "ROTDIAMETER": 105,
        "MAXEFFEKT": 3,
        "CALPROD": null,
        "FABRIKAT": null,
        "MODELL": "                                                  ",
        "ORGNAMN": "Projektör ej registrerad ",
        "ORGNMR": "999999-9999",
        "PLACERING": "Land",
        "KOMNAMN": "Tomelilla",
        "LANSNAMN": "Skåne län",
        "EL_NAMN": "Malmö               ",
        "SenasteUppdatering": null,
        "_statuslager": "Inte aktuella eller återkallade",
        "_lager_id": 12
      }
    },
    {
      "type": "Feature",
      "id": 5645,
      "geometry": {
        "type": "Point",
        "coordinates": [
          14.137623847553822,
          55.408074119431845
        ]
      },
      "properties": {
        "OBJECTID": 5645,
        "VERKID": "1286-V-072-001",
        "OMRID": "1286-V-072",
        "PROJNAMN": "",
        "STATUS": "Inte aktuellt eller återkallat",
        "HANDLINGSTYP": "Bygglov (Enligt 9 kap. 2 § Plan och bygglagen)",
        "UPPFORT": null,
        "MB_Tillstand_TIDSBEGRANS_DAT": null,
        "TOTALHOJD": 45,
        "NAVHOJD": 38,
        "ROTDIAMETER": 15,
        "MAXEFFEKT": 0.45,
        "CALPROD": null,
        "FABRIKAT": null,
        "MODELL": null,
        "ORGNAMN": "Projektör ej registrerad ",
        "ORGNMR": "999999-9999",
        "PLACERING": "Land",
        "KOMNAMN": "Ystad",
        "LANSNAMN": "Skåne län",
        "EL_NAMN": "Malmö               ",
        "SenasteUppdatering": 1567036800000,
        "_statuslager": "Inte aktuella eller återkallade",
        "_lager_id": 12
      }
    },
    {
      "type": "Feature",
      "id": 6029,
      "geometry": {
        "type": "Point",
        "coordinates": [
          14.114547946315117,
          55.500942926831634
        ]
      },
      "properties": {
        "OBJECTID": 6029,
        "VERKID": "1291-V-001-001",
        "OMRID": "1291-V-001",
        "PROJNAMN": "",
        "STATUS": "Inte aktuellt eller återkallat",
        "HANDLINGSTYP": "Bygglov (Enligt 9 kap. 2 § Plan och bygglagen)",
        "UPPFORT": null,
        "MB_Tillstand_TIDSBEGRANS_DAT": null,
        "TOTALHOJD": 81,
        "NAVHOJD": 55,
        "ROTDIAMETER": 52,
        "MAXEFFEKT": 0.85,
        "CALPROD": null,
        "FABRIKAT": null,
        "MODELL": "                                                  ",
        "ORGNAMN": "Projektör ej registrerad ",
        "ORGNMR": "999999-9999",
        "PLACERING": "Land",
        "KOMNAMN": "Simrishamn",
        "LANSNAMN": "Skåne län",
        "EL_NAMN": "Malmö               ",
        "SenasteUppdatering": 1567641600000,
        "_statuslager": "Inte aktuella eller återkallade",
        "_lager_id": 12
      }
    },
    {
      "type": "Feature",
      "id": 4941,
      "geometry": {
        "type": "Point",
        "coordinates": [
          13.992319549657948,
          55.493677159287905
        ]
      },
      "properties": {
        "OBJECTID": 4941,
        "VERKID": "1270-V-036-001",
        "OMRID": "1270-V-036",
        "PROJNAMN": "Munka-Tågarp",
        "STATUS": "Inte aktuellt eller återkallat",
        "HANDLINGSTYP": "Samråd (Enligt 6 kap. 4 § miljöbalken)",
        "UPPFORT": null,
        "MB_Tillstand_TIDSBEGRANS_DAT": null,
        "TOTALHOJD": 140,
        "NAVHOJD": 95,
        "ROTDIAMETER": 90,
        "MAXEFFEKT": 2,
        "CALPROD": null,
        "FABRIKAT": null,
        "MODELL": "                                                  ",
        "ORGNAMN": "Projektör ej registrerad ",
        "ORGNMR": "999999-9999",
        "PLACERING": "Land",
        "KOMNAMN": "Tomelilla",
        "LANSNAMN": "Skåne län",
        "EL_NAMN": "Malmö               ",
        "SenasteUppdatering": 1556496000000,
        "_statuslager": "Inte aktuella eller återkallade",
        "_lager_id": 12
      }
    },
    {
      "type": "Feature",
      "id": 6123,
      "geometry": {
        "type": "Point",
        "coordinates": [
          14.170107042536705,
          55.47250201618571
        ]
      },
      "properties": {
        "OBJECTID": 6123,
        "VERKID": "1291-V-051-001",
        "OMRID": "1291-V-051",
        "PROJNAMN": "Blästorp1",
        "STATUS": "Inte aktuellt eller återkallat",
        "HANDLINGSTYP": "Bygglov (Enligt 9 kap. 2 § Plan och bygglagen)",
        "UPPFORT": 1230768000000,
        "MB_Tillstand_TIDSBEGRANS_DAT": null,
        "TOTALHOJD": 101,
        "NAVHOJD": 73,
        "ROTDIAMETER": 53,
        "MAXEFFEKT": 0.8,
        "CALPROD": 2.5,
        "FABRIKAT": null,
        "MODELL": null,
        "ORGNAMN": "POG International AB",
        "ORGNMR": "556667-5467",
        "PLACERING": "Land",
        "KOMNAMN": "Simrishamn",
        "LANSNAMN": "Skåne län",
        "EL_NAMN": "Malmö               ",
        "SenasteUppdatering": null,
        "_statuslager": "Inte aktuella eller återkallade",
        "_lager_id": 12
      }
    },
    {
      "type": "Feature",
      "id": 4895,
      "geometry": {
        "type": "Point",
        "coordinates": [
          14.009291046339875,
          55.66150593445718
        ]
      },
      "properties": {
        "OBJECTID": 4895,
        "VERKID": "1270-V-008-004",
        "OMRID": "1270-V-008",
        "PROJNAMN": "Bondrum-Bontofta",
        "STATUS": "Inte aktuellt eller återkallat",
        "HANDLINGSTYP": null,
        "UPPFORT": null,
        "MB_Tillstand_TIDSBEGRANS_DAT": null,
        "TOTALHOJD": 105,
        "NAVHOJD": 70,
        "ROTDIAMETER": 70,
        "MAXEFFEKT": 2.3,
        "CALPROD": null,
        "FABRIKAT": null,
        "MODELL": "",
        "ORGNAMN": "Projektör ej registrerad ",
        "ORGNMR": "999999-9999",
        "PLACERING": "Land",
        "KOMNAMN": "Tomelilla",
        "LANSNAMN": "Skåne län",
        "EL_NAMN": "Malmö               ",
        "SenasteUppdatering": null,
        "_statuslager": "Inte aktuella eller återkallade",
        "_lager_id": 12
      }
    },
    {
      "type": "Feature",
      "id": 6129,
      "geometry": {
        "type": "Point",
        "coordinates": [
          14.260403779986058,
          55.605485492759875
        ]
      },
      "properties": {
        "OBJECTID": 6129,
        "VERKID": "1291-V-067-003",
        "OMRID": "1291-V-067",
        "PROJNAMN": "Gyllebo",
        "STATUS": "Inte aktuellt eller återkallat",
        "HANDLINGSTYP": "Bygglov (Enligt 9 kap. 2 § Plan och bygglagen)",
        "UPPFORT": null,
        "MB_Tillstand_TIDSBEGRANS_DAT": null,
        "TOTALHOJD": 150,
        "NAVHOJD": 110,
        "ROTDIAMETER": 115,
        "MAXEFFEKT": null,
        "CALPROD": null,
        "FABRIKAT": null,
        "MODELL": null,
        "ORGNAMN": "Triventus AB",
        "ORGNMR": "556627-3016",
        "PLACERING": "Land",
        "KOMNAMN": "Simrishamn",
        "LANSNAMN": "Skåne län",
        "EL_NAMN": "Malmö               ",
        "SenasteUppdatering": null,
        "_statuslager": "Inte aktuella eller återkallade",
        "_lager_id": 12
      }
    },
    {
      "type": "Feature",
      "id": 5800,
      "geometry": {
        "type": "Point",
        "coordinates": [
          14.17655324550929,
          55.84624086626541
        ]
      },
      "properties": {
        "OBJECTID": 5800,
        "VERKID": "1290-V-039-002",
        "OMRID": "1290-V-039",
        "PROJNAMN": "Vittskövle",
        "STATUS": "Inte aktuellt eller återkallat",
        "HANDLINGSTYP": "Bygglov (Enligt 9 kap. 2 § Plan och bygglagen)",
        "UPPFORT": null,
        "MB_Tillstand_TIDSBEGRANS_DAT": null,
        "TOTALHOJD": 125,
        "NAVHOJD": 95,
        "ROTDIAMETER": 90,
        "MAXEFFEKT": 1.8,
        "CALPROD": null,
        "FABRIKAT": null,
        "MODELL": "                                                  ",
        "ORGNAMN": "BayWa r.e. Scandinavia AB",
        "ORGNMR": "556885-6503",
        "PLACERING": "Land",
        "KOMNAMN": "Kristianstad",
        "LANSNAMN": "Skåne län",
        "EL_NAMN": "Malmö               ",
        "SenasteUppdatering": null,
        "_statuslager": "Inte aktuella eller återkallade",
        "_lager_id": 12
      }
    },
    {
      "type": "Feature",
      "id": 6106,
      "geometry": {
        "type": "Point",
        "coordinates": [
          14.174127226928897,
          55.47128005053453
        ]
      },
      "properties": {
        "OBJECTID": 6106,
        "VERKID": "1291-V-035-001",
        "OMRID": "1291-V-035",
        "PROJNAMN": "Borrby3",
        "STATUS": "Inte aktuellt eller återkallat",
        "HANDLINGSTYP": "Anmälan (Enligt 9 kap. 6 § miljöbalken)",
        "UPPFORT": null,
        "MB_Tillstand_TIDSBEGRANS_DAT": null,
        "TOTALHOJD": 101,
        "NAVHOJD": 74,
        "ROTDIAMETER": 53,
        "MAXEFFEKT": 0.8,
        "CALPROD": null,
        "FABRIKAT": null,
        "MODELL": "                                                  ",
        "ORGNAMN": "Projektör ej registrerad ",
        "ORGNMR": "999999-9999",
        "PLACERING": "Land",
        "KOMNAMN": "Simrishamn",
        "LANSNAMN": "Skåne län",
        "EL_NAMN": "Malmö               ",
        "SenasteUppdatering": 1599782400000,
        "_statuslager": "Inte aktuella eller återkallade",
        "_lager_id": 12
      }
    },
    {
      "type": "Feature",
      "id": 6086,
      "geometry": {
        "type": "Point",
        "coordinates": [
          14.115476674395943,
          55.619509088207025
        ]
      },
      "properties": {
        "OBJECTID": 6086,
        "VERKID": "1291-V-028-002",
        "OMRID": "1291-V-028",
        "PROJNAMN": "Sjunkalotten",
        "STATUS": "Inte aktuellt eller återkallat",
        "HANDLINGSTYP": "Bygglov (Enligt 9 kap. 2 § Plan och bygglagen)",
        "UPPFORT": null,
        "MB_Tillstand_TIDSBEGRANS_DAT": null,
        "TOTALHOJD": 149,
        "NAVHOJD": 108,
        "ROTDIAMETER": 95,
        "MAXEFFEKT": 3,
        "CALPROD": null,
        "FABRIKAT": null,
        "MODELL": "",
        "ORGNAMN": "Bjäre Kraft Energi AB",
        "ORGNMR": "556527-5020",
        "PLACERING": "Land",
        "KOMNAMN": "Simrishamn",
        "LANSNAMN": "Skåne län",
        "EL_NAMN": "Malmö               ",
        "SenasteUppdatering": null,
        "_statuslager": "Inte aktuella eller återkallade",
        "_lager_id": 12
      }
    },
    {
      "type": "Feature",
      "id": 4781,
      "geometry": {
        "type": "Point",
        "coordinates": [
          13.964642073000123,
          55.66102356018446
        ]
      },
      "properties": {
        "OBJECTID": 4781,
        "VERKID": "1265-V-022-001",
        "OMRID": "1265-V-022",
        "PROJNAMN": "Bäretofta",
        "STATUS": "Inte aktuellt eller återkallat",
        "HANDLINGSTYP": "Bygglov (Enligt 9 kap. 2 § Plan och bygglagen)",
        "UPPFORT": null,
        "MB_Tillstand_TIDSBEGRANS_DAT": null,
        "TOTALHOJD": 150,
        "NAVHOJD": 108,
        "ROTDIAMETER": 90,
        "MAXEFFEKT": 3,
        "CALPROD": null,
        "FABRIKAT": null,
        "MODELL": "-",
        "ORGNAMN": "Projektör ej registrerad ",
        "ORGNMR": "999999-9999",
        "PLACERING": "Land",
        "KOMNAMN": "Sjöbo",
        "LANSNAMN": "Skåne län",
        "EL_NAMN": "Malmö               ",
        "SenasteUppdatering": 1615507200000,
        "_statuslager": "Inte aktuella eller återkallade",
        "_lager_id": 12
      }
    },
    {
      "type": "Feature",
      "id": 6037,
      "geometry": {
        "type": "Point",
        "coordinates": [
          14.269686081197568,
          55.575868174252406
        ]
      },
      "properties": {
        "OBJECTID": 6037,
        "VERKID": "1291-V-004-001",
        "OMRID": "1291-V-004",
        "PROJNAMN": "",
        "STATUS": "Inte aktuellt eller återkallat",
        "HANDLINGSTYP": null,
        "UPPFORT": null,
        "MB_Tillstand_TIDSBEGRANS_DAT": null,
        "TOTALHOJD": 118,
        "NAVHOJD": 78,
        "ROTDIAMETER": 80,
        "MAXEFFEKT": 2,
        "CALPROD": null,
        "FABRIKAT": null,
        "MODELL": "                                                  ",
        "ORGNAMN": "Projektör ej registrerad ",
        "ORGNMR": "999999-9999",
        "PLACERING": "Land",
        "KOMNAMN": "Simrishamn",
        "LANSNAMN": "Skåne län",
        "EL_NAMN": "Malmö               ",
        "SenasteUppdatering": 1554249600000,
        "_statuslager": "Inte aktuella eller återkallade",
        "_lager_id": 12
      }
    },
    {
      "type": "Feature",
      "id": 6063,
      "geometry": {
        "type": "Point",
        "coordinates": [
          14.301399105865249,
          55.501207932145846
        ]
      },
      "properties": {
        "OBJECTID": 6063,
        "VERKID": "1291-V-017-001",
        "OMRID": "1291-V-017",
        "PROJNAMN": "",
        "STATUS": "Inte aktuellt eller återkallat",
        "HANDLINGSTYP": null,
        "UPPFORT": null,
        "MB_Tillstand_TIDSBEGRANS_DAT": null,
        "TOTALHOJD": 39,
        "NAVHOJD": null,
        "ROTDIAMETER": null,
        "MAXEFFEKT": 0.22,
        "CALPROD": null,
        "FABRIKAT": null,
        "MODELL": "                                                  ",
        "ORGNAMN": "Projektör ej registrerad ",
        "ORGNMR": "999999-9999",
        "PLACERING": "Land",
        "KOMNAMN": "Simrishamn",
        "LANSNAMN": "Skåne län",
        "EL_NAMN": "Malmö               ",
        "SenasteUppdatering": 1554249600000,
        "_statuslager": "Inte aktuella eller återkallade",
        "_lager_id": 12
      }
    },
    {
      "type": "Feature",
      "id": 4961,
      "geometry": {
        "type": "Point",
        "coordinates": [
          14.010241172979864,
          55.65845649638419
        ]
      },
      "properties": {
        "OBJECTID": 4961,
        "VERKID": "1270-V-048-001",
        "OMRID": "1270-V-048",
        "PROJNAMN": "Bondrum-Bontofta",
        "STATUS": "Inte aktuellt eller återkallat",
        "HANDLINGSTYP": null,
        "UPPFORT": null,
        "MB_Tillstand_TIDSBEGRANS_DAT": null,
        "TOTALHOJD": 150,
        "NAVHOJD": 86,
        "ROTDIAMETER": 115,
        "MAXEFFEKT": 2.5,
        "CALPROD": null,
        "FABRIKAT": null,
        "MODELL": "                                                  ",
        "ORGNAMN": "Projektör ej registrerad ",
        "ORGNMR": "999999-9999",
        "PLACERING": "Land",
        "KOMNAMN": "Tomelilla",
        "LANSNAMN": "Skåne län",
        "EL_NAMN": "Malmö               ",
        "SenasteUppdatering": 1553644800000,
        "_statuslager": "Inte aktuella eller återkallade",
        "_lager_id": 12
      }
    },
    {
      "type": "Feature",
      "id": 6100,
      "geometry": {
        "type": "Point",
        "coordinates": [
          14.260976068281584,
          55.60545677330766
        ]
      },
      "properties": {
        "OBJECTID": 6100,
        "VERKID": "1291-V-031-003",
        "OMRID": "1291-V-031",
        "PROJNAMN": null,
        "STATUS": "Inte aktuellt eller återkallat",
        "HANDLINGSTYP": "Samråd (Enligt 6 kap. 4 § miljöbalken)",
        "UPPFORT": null,
        "MB_Tillstand_TIDSBEGRANS_DAT": null,
        "TOTALHOJD": 168,
        "NAVHOJD": 140,
        "ROTDIAMETER": 130,
        "MAXEFFEKT": 3,
        "CALPROD": null,
        "FABRIKAT": null,
        "MODELL": "",
        "ORGNAMN": "Wede Växt AB",
        "ORGNMR": "556279-4346",
        "PLACERING": "Land",
        "KOMNAMN": "Simrishamn",
        "LANSNAMN": "Skåne län",
        "EL_NAMN": "Malmö               ",
        "SenasteUppdatering": null,
        "_statuslager": "Inte aktuella eller återkallade",
        "_lager_id": 12
      }
    },
    {
      "type": "Feature",
      "id": 6095,
      "geometry": {
        "type": "Point",
        "coordinates": [
          14.191141587011408,
          55.470939762431
        ]
      },
      "properties": {
        "OBJECTID": 6095,
        "VERKID": "1291-V-029-001",
        "OMRID": "1291-V-029",
        "PROJNAMN": "",
        "STATUS": "Inte aktuellt eller återkallat",
        "HANDLINGSTYP": "Anmälan (Enligt 9 kap. 6 § miljöbalken)",
        "UPPFORT": null,
        "MB_Tillstand_TIDSBEGRANS_DAT": null,
        "TOTALHOJD": 100,
        "NAVHOJD": 74,
        "ROTDIAMETER": 52,
        "MAXEFFEKT": 0.85,
        "CALPROD": null,
        "FABRIKAT": null,
        "MODELL": "-",
        "ORGNAMN": "Projektör ej registrerad ",
        "ORGNMR": "999999-9999",
        "PLACERING": "Land",
        "KOMNAMN": "Simrishamn",
        "LANSNAMN": "Skåne län",
        "EL_NAMN": "Malmö               ",
        "SenasteUppdatering": 1584921600000,
        "_statuslager": "Inte aktuella eller återkallade",
        "_lager_id": 12
      }
    },
    {
      "type": "Feature",
      "id": 6118,
      "geometry": {
        "type": "Point",
        "coordinates": [
          14.112652411484875,
          55.66511404109697
        ]
      },
      "properties": {
        "OBJECTID": 6118,
        "VERKID": "1291-V-043-001",
        "OMRID": "1291-V-043",
        "PROJNAMN": "",
        "STATUS": "Inte aktuellt eller återkallat",
        "HANDLINGSTYP": null,
        "UPPFORT": null,
        "MB_Tillstand_TIDSBEGRANS_DAT": null,
        "TOTALHOJD": 30,
        "NAVHOJD": null,
        "ROTDIAMETER": null,
        "MAXEFFEKT": null,
        "CALPROD": null,
        "FABRIKAT": null,
        "MODELL": "-",
        "ORGNAMN": "Projektör ej registrerad ",
        "ORGNMR": "999999-9999",
        "PLACERING": "Land",
        "KOMNAMN": "Simrishamn",
        "LANSNAMN": "Skåne län",
        "EL_NAMN": "Malmö               ",
        "SenasteUppdatering": 1584921600000,
        "_statuslager": "Inte aktuella eller återkallade",
        "_lager_id": 12
      }
    },
    {
      "type": "Feature",
      "id": 4930,
      "geometry": {
        "type": "Point",
        "coordinates": [
          14.016130523197347,
          55.68712764727039
        ]
      },
      "properties": {
        "OBJECTID": 4930,
        "VERKID": "1270-V-027-001",
        "OMRID": "1270-V-027",
        "PROJNAMN": "",
        "STATUS": "Inte aktuellt eller återkallat",
        "HANDLINGSTYP": null,
        "UPPFORT": null,
        "MB_Tillstand_TIDSBEGRANS_DAT": null,
        "TOTALHOJD": 87,
        "NAVHOJD": null,
        "ROTDIAMETER": 44,
        "MAXEFFEKT": 0.6,
        "CALPROD": null,
        "FABRIKAT": null,
        "MODELL": "                                                  ",
        "ORGNAMN": "Projektör ej registrerad ",
        "ORGNMR": "999999-9999",
        "PLACERING": "Land",
        "KOMNAMN": "Tomelilla",
        "LANSNAMN": "Skåne län",
        "EL_NAMN": "Malmö               ",
        "SenasteUppdatering": 1554163200000,
        "_statuslager": "Inte aktuella eller återkallade",
        "_lager_id": 12
      }
    },
    {
      "type": "Feature",
      "id": 4953,
      "geometry": {
        "type": "Point",
        "coordinates": [
          14.039135204810393,
          55.50762160887225
        ]
      },
      "properties": {
        "OBJECTID": 4953,
        "VERKID": "1270-V-043-001",
        "OMRID": "1270-V-043",
        "PROJNAMN": null,
        "STATUS": "Inte aktuellt eller återkallat",
        "HANDLINGSTYP": "Samråd (Enligt 6 kap. 4 § miljöbalken)",
        "UPPFORT": null,
        "MB_Tillstand_TIDSBEGRANS_DAT": null,
        "TOTALHOJD": 150,
        "NAVHOJD": 105,
        "ROTDIAMETER": 92,
        "MAXEFFEKT": 3,
        "CALPROD": null,
        "FABRIKAT": null,
        "MODELL": "                                                  ",
        "ORGNAMN": "Projektör ej registrerad ",
        "ORGNMR": "999999-9999",
        "PLACERING": "Land",
        "KOMNAMN": "Tomelilla",
        "LANSNAMN": "Skåne län",
        "EL_NAMN": "Malmö               ",
        "SenasteUppdatering": null,
        "_statuslager": "Inte aktuella eller återkallade",
        "_lager_id": 12
      }
    },
    {
      "type": "Feature",
      "id": 4959,
      "geometry": {
        "type": "Point",
        "coordinates": [
          14.013483080359864,
          55.66644520497343
        ]
      },
      "properties": {
        "OBJECTID": 4959,
        "VERKID": "1270-V-046-001",
        "OMRID": "1270-V-046",
        "PROJNAMN": "Bondrum-Bontofta",
        "STATUS": "Inte aktuellt eller återkallat",
        "HANDLINGSTYP": null,
        "UPPFORT": null,
        "MB_Tillstand_TIDSBEGRANS_DAT": null,
        "TOTALHOJD": 150,
        "NAVHOJD": 86,
        "ROTDIAMETER": 115,
        "MAXEFFEKT": 2.5,
        "CALPROD": null,
        "FABRIKAT": null,
        "MODELL": "                                                  ",
        "ORGNAMN": "Projektör ej registrerad ",
        "ORGNMR": "999999-9999",
        "PLACERING": "Land",
        "KOMNAMN": "Tomelilla",
        "LANSNAMN": "Skåne län",
        "EL_NAMN": "Malmö               ",
        "SenasteUppdatering": 1553644800000,
        "_statuslager": "Inte aktuella eller återkallade",
        "_lager_id": 12
      }
    },
    {
      "type": "Feature",
      "id": 6078,
      "geometry": {
        "type": "Point",
        "coordinates": [
          14.159828443261405,
          55.55172301135868
        ]
      },
      "properties": {
        "OBJECTID": 6078,
        "VERKID": "1291-V-024-001",
        "OMRID": "1291-V-024",
        "PROJNAMN": "",
        "STATUS": "Inte aktuellt eller återkallat",
        "HANDLINGSTYP": "Bygglov (Enligt 9 kap. 2 § Plan och bygglagen)",
        "UPPFORT": null,
        "MB_Tillstand_TIDSBEGRANS_DAT": null,
        "TOTALHOJD": 74,
        "NAVHOJD": 50,
        "ROTDIAMETER": 48,
        "MAXEFFEKT": 0.75,
        "CALPROD": null,
        "FABRIKAT": null,
        "MODELL": "                                                  ",
        "ORGNAMN": "Projektör ej registrerad ",
        "ORGNMR": "999999-9999",
        "PLACERING": "Land",
        "KOMNAMN": "Simrishamn",
        "LANSNAMN": "Skåne län",
        "EL_NAMN": "Malmö               ",
        "SenasteUppdatering": 1567641600000,
        "_statuslager": "Inte aktuella eller återkallade",
        "_lager_id": 12
      }
    },
    {
      "type": "Feature",
      "id": 6032,
      "geometry": {
        "type": "Point",
        "coordinates": [
          14.197583715371517,
          55.527080389002634
        ]
      },
      "properties": {
        "OBJECTID": 6032,
        "VERKID": "1291-V-002-003",
        "OMRID": "1291-V-002",
        "PROJNAMN": "",
        "STATUS": "Inte aktuellt eller återkallat",
        "HANDLINGSTYP": null,
        "UPPFORT": null,
        "MB_Tillstand_TIDSBEGRANS_DAT": null,
        "TOTALHOJD": 98,
        "NAVHOJD": 74,
        "ROTDIAMETER": 48,
        "MAXEFFEKT": 0.6,
        "CALPROD": null,
        "FABRIKAT": null,
        "MODELL": "                                                  ",
        "ORGNAMN": "Projektör ej registrerad ",
        "ORGNMR": "999999-9999",
        "PLACERING": "Land",
        "KOMNAMN": "Simrishamn",
        "LANSNAMN": "Skåne län",
        "EL_NAMN": "Malmö               ",
        "SenasteUppdatering": 1547769600000,
        "_statuslager": "Inte aktuella eller återkallade",
        "_lager_id": 12
      }
    },
    {
      "type": "Feature",
      "id": 4942,
      "geometry": {
        "type": "Point",
        "coordinates": [
          13.982997304796525,
          55.49679971667823
        ]
      },
      "properties": {
        "OBJECTID": 4942,
        "VERKID": "1270-V-036-002",
        "OMRID": "1270-V-036",
        "PROJNAMN": "Munka-Tågarp",
        "STATUS": "Inte aktuellt eller återkallat",
        "HANDLINGSTYP": "Samråd (Enligt 6 kap. 4 § miljöbalken)",
        "UPPFORT": null,
        "MB_Tillstand_TIDSBEGRANS_DAT": null,
        "TOTALHOJD": 140,
        "NAVHOJD": 95,
        "ROTDIAMETER": 90,
        "MAXEFFEKT": 2,
        "CALPROD": null,
        "FABRIKAT": null,
        "MODELL": "                                                  ",
        "ORGNAMN": "Projektör ej registrerad ",
        "ORGNMR": "999999-9999",
        "PLACERING": "Land",
        "KOMNAMN": "Tomelilla",
        "LANSNAMN": "Skåne län",
        "EL_NAMN": "Malmö               ",
        "SenasteUppdatering": 1556496000000,
        "_statuslager": "Inte aktuella eller återkallade",
        "_lager_id": 12
      }
    },
    {
      "type": "Feature",
      "id": 5629,
      "geometry": {
        "type": "Point",
        "coordinates": [
          14.107839097105417,
          55.475902942487274
        ]
      },
      "properties": {
        "OBJECTID": 5629,
        "VERKID": "1286-V-051-001",
        "OMRID": "1286-V-051",
        "PROJNAMN": "",
        "STATUS": "Inte aktuellt eller återkallat",
        "HANDLINGSTYP": null,
        "UPPFORT": null,
        "MB_Tillstand_TIDSBEGRANS_DAT": null,
        "TOTALHOJD": 149,
        "NAVHOJD": 108,
        "ROTDIAMETER": 82,
        "MAXEFFEKT": 2,
        "CALPROD": null,
        "FABRIKAT": null,
        "MODELL": "-",
        "ORGNAMN": "Projektör ej registrerad ",
        "ORGNMR": "999999-9999",
        "PLACERING": "Land",
        "KOMNAMN": "Ystad",
        "LANSNAMN": "Skåne län",
        "EL_NAMN": "Malmö               ",
        "SenasteUppdatering": 1584921600000,
        "_statuslager": "Inte aktuella eller återkallade",
        "_lager_id": 12
      }
    },
    {
      "type": "Feature",
      "id": 4896,
      "geometry": {
        "type": "Point",
        "coordinates": [
          14.009669486597442,
          55.65844811064769
        ]
      },
      "properties": {
        "OBJECTID": 4896,
        "VERKID": "1270-V-008-005",
        "OMRID": "1270-V-008",
        "PROJNAMN": "Bondrum-Bontofta",
        "STATUS": "Inte aktuellt eller återkallat",
        "HANDLINGSTYP": null,
        "UPPFORT": null,
        "MB_Tillstand_TIDSBEGRANS_DAT": null,
        "TOTALHOJD": 105,
        "NAVHOJD": 70,
        "ROTDIAMETER": 70,
        "MAXEFFEKT": 2.3,
        "CALPROD": null,
        "FABRIKAT": null,
        "MODELL": "",
        "ORGNAMN": "Projektör ej registrerad ",
        "ORGNMR": "999999-9999",
        "PLACERING": "Land",
        "KOMNAMN": "Tomelilla",
        "LANSNAMN": "Skåne län",
        "EL_NAMN": "Malmö               ",
        "SenasteUppdatering": null,
        "_statuslager": "Inte aktuella eller återkallade",
        "_lager_id": 12
      }
    },
    {
      "type": "Feature",
      "id": 5583,
      "geometry": {
        "type": "Point",
        "coordinates": [
          14.022975585690332,
          55.46975493501275
        ]
      },
      "properties": {
        "OBJECTID": 5583,
        "VERKID": "1286-V-016-001",
        "OMRID": "1286-V-016",
        "PROJNAMN": "",
        "STATUS": "Inte aktuellt eller återkallat",
        "HANDLINGSTYP": "Bygglov (Enligt 9 kap. 2 § Plan och bygglagen)",
        "UPPFORT": null,
        "MB_Tillstand_TIDSBEGRANS_DAT": null,
        "TOTALHOJD": 100,
        "NAVHOJD": 65,
        "ROTDIAMETER": 70,
        "MAXEFFEKT": 1.79,
        "CALPROD": null,
        "FABRIKAT": null,
        "MODELL": "                                                  ",
        "ORGNAMN": "Projektör ej registrerad ",
        "ORGNMR": "999999-9999",
        "PLACERING": "Land",
        "KOMNAMN": "Ystad",
        "LANSNAMN": "Skåne län",
        "EL_NAMN": "Malmö               ",
        "SenasteUppdatering": 1567036800000,
        "_statuslager": "Inte aktuella eller återkallade",
        "_lager_id": 12
      }
    },
    {
      "type": "Feature",
      "id": 6064,
      "geometry": {
        "type": "Point",
        "coordinates": [
          14.303675343398885,
          55.498370201989225
        ]
      },
      "properties": {
        "OBJECTID": 6064,
        "VERKID": "1291-V-017-002",
        "OMRID": "1291-V-017",
        "PROJNAMN": "",
        "STATUS": "Inte aktuellt eller återkallat",
        "HANDLINGSTYP": null,
        "UPPFORT": null,
        "MB_Tillstand_TIDSBEGRANS_DAT": null,
        "TOTALHOJD": 39,
        "NAVHOJD": null,
        "ROTDIAMETER": null,
        "MAXEFFEKT": 0.22,
        "CALPROD": null,
        "FABRIKAT": null,
        "MODELL": "                                                  ",
        "ORGNAMN": "Projektör ej registrerad ",
        "ORGNMR": "999999-9999",
        "PLACERING": "Land",
        "KOMNAMN": "Simrishamn",
        "LANSNAMN": "Skåne län",
        "EL_NAMN": "Malmö               ",
        "SenasteUppdatering": 1554249600000,
        "_statuslager": "Inte aktuella eller återkallade",
        "_lager_id": 12
      }
    },
    {
      "type": "Feature",
      "id": 6087,
      "geometry": {
        "type": "Point",
        "coordinates": [
          14.11099923504336,
          55.626148834765274
        ]
      },
      "properties": {
        "OBJECTID": 6087,
        "VERKID": "1291-V-028-003",
        "OMRID": "1291-V-028",
        "PROJNAMN": "Sjunkalotten",
        "STATUS": "Inte aktuellt eller återkallat",
        "HANDLINGSTYP": "Bygglov (Enligt 9 kap. 2 § Plan och bygglagen)",
        "UPPFORT": null,
        "MB_Tillstand_TIDSBEGRANS_DAT": null,
        "TOTALHOJD": 149,
        "NAVHOJD": 108,
        "ROTDIAMETER": 95,
        "MAXEFFEKT": 3,
        "CALPROD": null,
        "FABRIKAT": null,
        "MODELL": "",
        "ORGNAMN": "Bjäre Kraft Energi AB",
        "ORGNMR": "556527-5020",
        "PLACERING": "Land",
        "KOMNAMN": "Simrishamn",
        "LANSNAMN": "Skåne län",
        "EL_NAMN": "Malmö               ",
        "SenasteUppdatering": null,
        "_statuslager": "Inte aktuella eller återkallade",
        "_lager_id": 12
      }
    },
    {
      "type": "Feature",
      "id": 6038,
      "geometry": {
        "type": "Point",
        "coordinates": [
          14.27349450958348,
          55.563177817883165
        ]
      },
      "properties": {
        "OBJECTID": 6038,
        "VERKID": "1291-V-005-001",
        "OMRID": "1291-V-005",
        "PROJNAMN": "",
        "STATUS": "Inte aktuellt eller återkallat",
        "HANDLINGSTYP": null,
        "UPPFORT": null,
        "MB_Tillstand_TIDSBEGRANS_DAT": null,
        "TOTALHOJD": 118,
        "NAVHOJD": 78,
        "ROTDIAMETER": 80,
        "MAXEFFEKT": 2,
        "CALPROD": null,
        "FABRIKAT": null,
        "MODELL": "                                                  ",
        "ORGNAMN": "Projektör ej registrerad ",
        "ORGNMR": "999999-9999",
        "PLACERING": "Land",
        "KOMNAMN": "Simrishamn",
        "LANSNAMN": "Skåne län",
        "EL_NAMN": "Malmö               ",
        "SenasteUppdatering": 1554249600000,
        "_statuslager": "Inte aktuella eller återkallade",
        "_lager_id": 12
      }
    },
    {
      "type": "Feature",
      "id": 6101,
      "geometry": {
        "type": "Point",
        "coordinates": [
          14.264909442899615,
          55.602272392605286
        ]
      },
      "properties": {
        "OBJECTID": 6101,
        "VERKID": "1291-V-031-004",
        "OMRID": "1291-V-031",
        "PROJNAMN": null,
        "STATUS": "Inte aktuellt eller återkallat",
        "HANDLINGSTYP": "Samråd (Enligt 6 kap. 4 § miljöbalken)",
        "UPPFORT": null,
        "MB_Tillstand_TIDSBEGRANS_DAT": null,
        "TOTALHOJD": 168,
        "NAVHOJD": 140,
        "ROTDIAMETER": 130,
        "MAXEFFEKT": 3,
        "CALPROD": null,
        "FABRIKAT": null,
        "MODELL": "",
        "ORGNAMN": "Wede Växt AB",
        "ORGNMR": "556279-4346",
        "PLACERING": "Land",
        "KOMNAMN": "Simrishamn",
        "LANSNAMN": "Skåne län",
        "EL_NAMN": "Malmö               ",
        "SenasteUppdatering": null,
        "_statuslager": "Inte aktuella eller återkallade",
        "_lager_id": 12
      }
    },
    {
      "type": "Feature",
      "id": 4933,
      "geometry": {
        "type": "Point",
        "coordinates": [
          14.04306241869368,
          55.55573104644726
        ]
      },
      "properties": {
        "OBJECTID": 4933,
        "VERKID": "1270-V-030-001",
        "OMRID": "1270-V-030",
        "PROJNAMN": "",
        "STATUS": "Inte aktuellt eller återkallat",
        "HANDLINGSTYP": null,
        "UPPFORT": null,
        "MB_Tillstand_TIDSBEGRANS_DAT": null,
        "TOTALHOJD": 77,
        "NAVHOJD": null,
        "ROTDIAMETER": 52,
        "MAXEFFEKT": 0.89,
        "CALPROD": null,
        "FABRIKAT": null,
        "MODELL": "                                                  ",
        "ORGNAMN": "Projektör ej registrerad ",
        "ORGNMR": "999999-9999",
        "PLACERING": "Land",
        "KOMNAMN": "Tomelilla",
        "LANSNAMN": "Skåne län",
        "EL_NAMN": "Malmö               ",
        "SenasteUppdatering": 1554163200000,
        "_statuslager": "Inte aktuella eller återkallade",
        "_lager_id": 12
      }
    },
    {
      "type": "Feature",
      "id": 4887,
      "geometry": {
        "type": "Point",
        "coordinates": [
          14.050146493794616,
          55.55040674578191
        ]
      },
      "properties": {
        "OBJECTID": 4887,
        "VERKID": "1270-V-003-002",
        "OMRID": "1270-V-003",
        "PROJNAMN": "",
        "STATUS": "Inte aktuellt eller återkallat",
        "HANDLINGSTYP": "Samråd (Enligt 6 kap. 4 § miljöbalken)",
        "UPPFORT": null,
        "MB_Tillstand_TIDSBEGRANS_DAT": null,
        "TOTALHOJD": 100,
        "NAVHOJD": null,
        "ROTDIAMETER": 60,
        "MAXEFFEKT": 1,
        "CALPROD": null,
        "FABRIKAT": null,
        "MODELL": "                                                  ",
        "ORGNAMN": "Projektör ej registrerad ",
        "ORGNMR": "999999-9999",
        "PLACERING": "Land",
        "KOMNAMN": "Tomelilla",
        "LANSNAMN": "Skåne län",
        "EL_NAMN": "Malmö               ",
        "SenasteUppdatering": 1680048000000,
        "_statuslager": "Inte aktuella eller återkallade",
        "_lager_id": 12
      }
    },
    {
      "type": "Feature",
      "id": 6115,
      "geometry": {
        "type": "Point",
        "coordinates": [
          14.161966097077633,
          55.51000630778947
        ]
      },
      "properties": {
        "OBJECTID": 6115,
        "VERKID": "1291-V-041-001",
        "OMRID": "1291-V-041",
        "PROJNAMN": "",
        "STATUS": "Inte aktuellt eller återkallat",
        "HANDLINGSTYP": null,
        "UPPFORT": null,
        "MB_Tillstand_TIDSBEGRANS_DAT": null,
        "TOTALHOJD": 127,
        "NAVHOJD": 87,
        "ROTDIAMETER": null,
        "MAXEFFEKT": null,
        "CALPROD": null,
        "FABRIKAT": null,
        "MODELL": "                                                  ",
        "ORGNAMN": "Projektör ej registrerad ",
        "ORGNMR": "999999-9999",
        "PLACERING": "Land",
        "KOMNAMN": "Simrishamn",
        "LANSNAMN": "Skåne län",
        "EL_NAMN": "Malmö               ",
        "SenasteUppdatering": 1554249600000,
        "_statuslager": "Inte aktuella eller återkallade",
        "_lager_id": 12
      }
    },
    {
      "type": "Feature",
      "id": 4956,
      "geometry": {
        "type": "Point",
        "coordinates": [
          14.033496840921456,
          55.490785746315616
        ]
      },
      "properties": {
        "OBJECTID": 4956,
        "VERKID": "1270-V-045-001",
        "OMRID": "1270-V-045",
        "PROJNAMN": "Bollerup",
        "STATUS": "Inte aktuellt eller återkallat",
        "HANDLINGSTYP": "Samråd (Enligt 6 kap. 4 § miljöbalken)",
        "UPPFORT": null,
        "MB_Tillstand_TIDSBEGRANS_DAT": null,
        "TOTALHOJD": 150,
        "NAVHOJD": 110,
        "ROTDIAMETER": 105,
        "MAXEFFEKT": 3,
        "CALPROD": null,
        "FABRIKAT": null,
        "MODELL": "                                                  ",
        "ORGNAMN": "Projektör ej registrerad ",
        "ORGNMR": "999999-9999",
        "PLACERING": "Land",
        "KOMNAMN": "Tomelilla",
        "LANSNAMN": "Skåne län",
        "EL_NAMN": "Malmö               ",
        "SenasteUppdatering": null,
        "_statuslager": "Inte aktuella eller återkallade",
        "_lager_id": 12
      }
    },
    {
      "type": "Feature",
      "id": 5969,
      "geometry": {
        "type": "Point",
        "coordinates": [
          14.123485325916796,
          55.781441767767916
        ]
      },
      "properties": {
        "OBJECTID": 5969,
        "VERKID": "1290-V-080-002",
        "OMRID": "1290-V-080",
        "PROJNAMN": "Hassla",
        "STATUS": "Inte aktuellt eller återkallat",
        "HANDLINGSTYP": "Bygglov (Enligt 9 kap. 2 § Plan och bygglagen)",
        "UPPFORT": null,
        "MB_Tillstand_TIDSBEGRANS_DAT": null,
        "TOTALHOJD": 140,
        "NAVHOJD": 95,
        "ROTDIAMETER": 90,
        "MAXEFFEKT": 2.5,
        "CALPROD": null,
        "FABRIKAT": null,
        "MODELL": "                                                  ",
        "ORGNAMN": "Eolus Vind AB",
        "ORGNMR": "556389-3956",
        "PLACERING": "Land",
        "KOMNAMN": "Kristianstad",
        "LANSNAMN": "Skåne län",
        "EL_NAMN": "Malmö               ",
        "SenasteUppdatering": null,
        "_statuslager": "Inte aktuella eller återkallade",
        "_lager_id": 12
      }
    },
    {
      "type": "Feature",
      "id": 6127,
      "geometry": {
        "type": "Point",
        "coordinates": [
          14.247131772296182,
          55.60484133130223
        ]
      },
      "properties": {
        "OBJECTID": 6127,
        "VERKID": "1291-V-067-001",
        "OMRID": "1291-V-067",
        "PROJNAMN": "Gyllebo",
        "STATUS": "Inte aktuellt eller återkallat",
        "HANDLINGSTYP": "Bygglov (Enligt 9 kap. 2 § Plan och bygglagen)",
        "UPPFORT": null,
        "MB_Tillstand_TIDSBEGRANS_DAT": null,
        "TOTALHOJD": 150,
        "NAVHOJD": 110,
        "ROTDIAMETER": 115,
        "MAXEFFEKT": null,
        "CALPROD": null,
        "FABRIKAT": null,
        "MODELL": null,
        "ORGNAMN": "Triventus AB",
        "ORGNMR": "556627-3016",
        "PLACERING": "Land",
        "KOMNAMN": "Simrishamn",
        "LANSNAMN": "Skåne län",
        "EL_NAMN": "Malmö               ",
        "SenasteUppdatering": null,
        "_statuslager": "Inte aktuella eller återkallade",
        "_lager_id": 12
      }
    },
    {
      "type": "Feature",
      "id": 4893,
      "geometry": {
        "type": "Point",
        "coordinates": [
          14.013953760976797,
          55.66692820598383
        ]
      },
      "properties": {
        "OBJECTID": 4893,
        "VERKID": "1270-V-008-002",
        "OMRID": "1270-V-008",
        "PROJNAMN": "Bondrum-Bontofta",
        "STATUS": "Inte aktuellt eller återkallat",
        "HANDLINGSTYP": null,
        "UPPFORT": null,
        "MB_Tillstand_TIDSBEGRANS_DAT": null,
        "TOTALHOJD": 105,
        "NAVHOJD": 70,
        "ROTDIAMETER": 70,
        "MAXEFFEKT": 2.3,
        "CALPROD": null,
        "FABRIKAT": null,
        "MODELL": "",
        "ORGNAMN": "Projektör ej registrerad ",
        "ORGNMR": "999999-9999",
        "PLACERING": "Land",
        "KOMNAMN": "Tomelilla",
        "LANSNAMN": "Skåne län",
        "EL_NAMN": "Malmö               ",
        "SenasteUppdatering": null,
        "_statuslager": "Inte aktuella eller återkallade",
        "_lager_id": 12
      }
    },
    {
      "type": "Feature",
      "id": 6035,
      "geometry": {
        "type": "Point",
        "coordinates": [
          14.195747288133457,
          55.529778242383486
        ]
      },
      "properties": {
        "OBJECTID": 6035,
        "VERKID": "1291-V-002-006",
        "OMRID": "1291-V-002",
        "PROJNAMN": "",
        "STATUS": "Inte aktuellt eller återkallat",
        "HANDLINGSTYP": null,
        "UPPFORT": null,
        "MB_Tillstand_TIDSBEGRANS_DAT": null,
        "TOTALHOJD": 98,
        "NAVHOJD": 74,
        "ROTDIAMETER": 48,
        "MAXEFFEKT": 0.6,
        "CALPROD": null,
        "FABRIKAT": null,
        "MODELL": "                                                  ",
        "ORGNAMN": "Projektör ej registrerad ",
        "ORGNMR": "999999-9999",
        "PLACERING": "Land",
        "KOMNAMN": "Simrishamn",
        "LANSNAMN": "Skåne län",
        "EL_NAMN": "Malmö               ",
        "SenasteUppdatering": 1547769600000,
        "_statuslager": "Inte aktuella eller återkallade",
        "_lager_id": 12
      }
    },
    {
      "type": "Feature",
      "id": 5563,
      "geometry": {
        "type": "Point",
        "coordinates": [
          14.128288546465107,
          55.453600539639616
        ]
      },
      "properties": {
        "OBJECTID": 5563,
        "VERKID": "1286-V-010-003",
        "OMRID": "1286-V-010",
        "PROJNAMN": "Karlfältsgården",
        "STATUS": "Inte aktuellt eller återkallat",
        "HANDLINGSTYP": "Tillstånd (Enligt 9 kap. 6 § miljöbalken)",
        "UPPFORT": null,
        "MB_Tillstand_TIDSBEGRANS_DAT": null,
        "TOTALHOJD": 110,
        "NAVHOJD": 71,
        "ROTDIAMETER": 71,
        "MAXEFFEKT": 3,
        "CALPROD": null,
        "FABRIKAT": null,
        "MODELL": "                                                  ",
        "ORGNAMN": "Slitevind AB",
        "ORGNMR": "556453-2819",
        "PLACERING": "Land",
        "KOMNAMN": "Ystad",
        "LANSNAMN": "Skåne län",
        "EL_NAMN": "Malmö               ",
        "SenasteUppdatering": 1567036800000,
        "_statuslager": "Inte aktuella eller återkallade",
        "_lager_id": 12
      }
    },
    {
      "type": "Feature",
      "id": 6061,
      "geometry": {
        "type": "Point",
        "coordinates": [
          14.14633694573587,
          55.48228831239425
        ]
      },
      "properties": {
        "OBJECTID": 6061,
        "VERKID": "1291-V-015-001",
        "OMRID": "1291-V-015",
        "PROJNAMN": null,
        "STATUS": "Inte aktuellt eller återkallat",
        "HANDLINGSTYP": "Bygglov (Enligt 9 kap. 2 § Plan och bygglagen)",
        "UPPFORT": null,
        "MB_Tillstand_TIDSBEGRANS_DAT": null,
        "TOTALHOJD": 127,
        "NAVHOJD": 87,
        "ROTDIAMETER": 94,
        "MAXEFFEKT": null,
        "CALPROD": null,
        "FABRIKAT": null,
        "MODELL": "",
        "ORGNAMN": "Projektör ej registrerad ",
        "ORGNMR": "999999-9999",
        "PLACERING": "Land",
        "KOMNAMN": "Simrishamn",
        "LANSNAMN": "Skåne län",
        "EL_NAMN": "Malmö               ",
        "SenasteUppdatering": null,
        "_statuslager": "Inte aktuella eller återkallade",
        "_lager_id": 12
      }
    },
    {
      "type": "Feature",
      "id": 6041,
      "geometry": {
        "type": "Point",
        "coordinates": [
          14.27100403438273,
          55.516479303515816
        ]
      },
      "properties": {
        "OBJECTID": 6041,
        "VERKID": "1291-V-006-002",
        "OMRID": "1291-V-006",
        "PROJNAMN": "",
        "STATUS": "Inte aktuellt eller återkallat",
        "HANDLINGSTYP": null,
        "UPPFORT": null,
        "MB_Tillstand_TIDSBEGRANS_DAT": null,
        "TOTALHOJD": 118,
        "NAVHOJD": 78,
        "ROTDIAMETER": 80,
        "MAXEFFEKT": 2,
        "CALPROD": null,
        "FABRIKAT": null,
        "MODELL": "                                                  ",
        "ORGNAMN": "Projektör ej registrerad ",
        "ORGNMR": "999999-9999",
        "PLACERING": "Land",
        "KOMNAMN": "Simrishamn",
        "LANSNAMN": "Skåne län",
        "EL_NAMN": "Malmö               ",
        "SenasteUppdatering": 1554249600000,
        "_statuslager": "Inte aktuella eller återkallade",
        "_lager_id": 12
      }
    },
    {
      "type": "Feature",
      "id": 5606,
      "geometry": {
        "type": "Point",
        "coordinates": [
          14.177322739669757,
          55.41755691582228
        ]
      },
      "properties": {
        "OBJECTID": 5606,
        "VERKID": "1286-V-034-001",
        "OMRID": "1286-V-034",
        "PROJNAMN": "",
        "STATUS": "Inte aktuellt eller återkallat",
        "HANDLINGSTYP": null,
        "UPPFORT": null,
        "MB_Tillstand_TIDSBEGRANS_DAT": null,
        "TOTALHOJD": 85,
        "NAVHOJD": null,
        "ROTDIAMETER": null,
        "MAXEFFEKT": null,
        "CALPROD": null,
        "FABRIKAT": null,
        "MODELL": "                                                  ",
        "ORGNAMN": "Projektör ej registrerad ",
        "ORGNMR": "999999-9999",
        "PLACERING": "Land",
        "KOMNAMN": "Ystad",
        "LANSNAMN": "Skåne län",
        "EL_NAMN": "Malmö               ",
        "SenasteUppdatering": 1554422400000,
        "_statuslager": "Inte aktuella eller återkallade",
        "_lager_id": 12
      }
    },
    {
      "type": "Feature",
      "id": 6104,
      "geometry": {
        "type": "Point",
        "coordinates": [
          14.209163320651646,
          55.63246092650023
        ]
      },
      "properties": {
        "OBJECTID": 6104,
        "VERKID": "1291-V-034-001",
        "OMRID": "1291-V-034",
        "PROJNAMN": "Rörum",
        "STATUS": "Inte aktuellt eller återkallat",
        "HANDLINGSTYP": "Samråd (Enligt 6 kap. 4 § miljöbalken)",
        "UPPFORT": null,
        "MB_Tillstand_TIDSBEGRANS_DAT": null,
        "TOTALHOJD": 149,
        "NAVHOJD": null,
        "ROTDIAMETER": 82,
        "MAXEFFEKT": 3,
        "CALPROD": null,
        "FABRIKAT": null,
        "MODELL": "                                                  ",
        "ORGNAMN": "Universal Power AB",
        "ORGNMR": "556726-3859",
        "PLACERING": "Land",
        "KOMNAMN": "Simrishamn",
        "LANSNAMN": "Skåne län",
        "EL_NAMN": "Malmö               ",
        "SenasteUppdatering": null,
        "_statuslager": "Inte aktuella eller återkallade",
        "_lager_id": 12
      }
    },
    {
      "type": "Feature",
      "id": 6098,
      "geometry": {
        "type": "Point",
        "coordinates": [
          14.247270148443134,
          55.60495090889688
        ]
      },
      "properties": {
        "OBJECTID": 6098,
        "VERKID": "1291-V-031-001",
        "OMRID": "1291-V-031",
        "PROJNAMN": null,
        "STATUS": "Inte aktuellt eller återkallat",
        "HANDLINGSTYP": "Samråd (Enligt 6 kap. 4 § miljöbalken)",
        "UPPFORT": null,
        "MB_Tillstand_TIDSBEGRANS_DAT": null,
        "TOTALHOJD": 168,
        "NAVHOJD": 140,
        "ROTDIAMETER": 130,
        "MAXEFFEKT": 3,
        "CALPROD": null,
        "FABRIKAT": null,
        "MODELL": "",
        "ORGNAMN": "Wede Växt AB",
        "ORGNMR": "556279-4346",
        "PLACERING": "Land",
        "KOMNAMN": "Simrishamn",
        "LANSNAMN": "Skåne län",
        "EL_NAMN": "Malmö               ",
        "SenasteUppdatering": null,
        "_statuslager": "Inte aktuella eller återkallade",
        "_lager_id": 12
      }
    },
    {
      "type": "Feature",
      "id": 5692,
      "geometry": {
        "type": "Point",
        "coordinates": [
          13.964950620796488,
          55.46212870291322
        ]
      },
      "properties": {
        "OBJECTID": 5692,
        "VERKID": "1286-V-127-001",
        "OMRID": "1286-V-127",
        "PROJNAMN": "",
        "STATUS": "Inte aktuellt eller återkallat",
        "HANDLINGSTYP": "Bygglov (Enligt 9 kap. 2 § Plan och bygglagen)",
        "UPPFORT": null,
        "MB_Tillstand_TIDSBEGRANS_DAT": null,
        "TOTALHOJD": 87,
        "NAVHOJD": 65,
        "ROTDIAMETER": 44,
        "MAXEFFEKT": 0.6,
        "CALPROD": null,
        "FABRIKAT": null,
        "MODELL": null,
        "ORGNAMN": "Alevind Invest AB",
        "ORGNMR": "556764-8638",
        "PLACERING": "Land",
        "KOMNAMN": "Ystad",
        "LANSNAMN": "Skåne län",
        "EL_NAMN": "Malmö               ",
        "SenasteUppdatering": 1584921600000,
        "_statuslager": "Inte aktuella eller återkallade",
        "_lager_id": 12
      }
    },
    {
      "type": "Feature",
      "id": 4957,
      "geometry": {
        "type": "Point",
        "coordinates": [
          14.029302517427626,
          55.48800289492942
        ]
      },
      "properties": {
        "OBJECTID": 4957,
        "VERKID": "1270-V-045-002",
        "OMRID": "1270-V-045",
        "PROJNAMN": "Bollerup",
        "STATUS": "Inte aktuellt eller återkallat",
        "HANDLINGSTYP": "Samråd (Enligt 6 kap. 4 § miljöbalken)",
        "UPPFORT": null,
        "MB_Tillstand_TIDSBEGRANS_DAT": null,
        "TOTALHOJD": 150,
        "NAVHOJD": 110,
        "ROTDIAMETER": 105,
        "MAXEFFEKT": 3,
        "CALPROD": null,
        "FABRIKAT": null,
        "MODELL": "                                                  ",
        "ORGNAMN": "Projektör ej registrerad ",
        "ORGNMR": "999999-9999",
        "PLACERING": "Land",
        "KOMNAMN": "Tomelilla",
        "LANSNAMN": "Skåne län",
        "EL_NAMN": "Malmö               ",
        "SenasteUppdatering": null,
        "_statuslager": "Inte aktuella eller återkallade",
        "_lager_id": 12
      }
    },
    {
      "type": "Feature",
      "id": 5552,
      "geometry": {
        "type": "Point",
        "coordinates": [
          14.084996825225632,
          55.462548820924226
        ]
      },
      "properties": {
        "OBJECTID": 5552,
        "VERKID": "1286-V-008-001",
        "OMRID": "1286-V-008",
        "PROJNAMN": "Fröslöv",
        "STATUS": "Inte aktuellt eller återkallat",
        "HANDLINGSTYP": "Tillstånd (Enligt 9 kap. 6 § miljöbalken)",
        "UPPFORT": null,
        "MB_Tillstand_TIDSBEGRANS_DAT": null,
        "TOTALHOJD": 150,
        "NAVHOJD": 110,
        "ROTDIAMETER": 115,
        "MAXEFFEKT": 2,
        "CALPROD": null,
        "FABRIKAT": null,
        "MODELL": "                                                  ",
        "ORGNAMN": "Wede Växt AB",
        "ORGNMR": "556279-4346",
        "PLACERING": "Land",
        "KOMNAMN": "Ystad",
        "LANSNAMN": "Skåne län",
        "EL_NAMN": "Malmö               ",
        "SenasteUppdatering": null,
        "_statuslager": "Inte aktuella eller återkallade",
        "_lager_id": 12
      }
    },
    {
      "type": "Feature",
      "id": 6093,
      "geometry": {
        "type": "Point",
        "coordinates": [
          14.109453605605243,
          55.62260599022632
        ]
      },
      "properties": {
        "OBJECTID": 6093,
        "VERKID": "1291-V-028-009",
        "OMRID": "1291-V-028",
        "PROJNAMN": "Sjunkalotten",
        "STATUS": "Inte aktuellt eller återkallat",
        "HANDLINGSTYP": "Tillstånd (Enligt 9 kap. 6 § miljöbalken)",
        "UPPFORT": null,
        "MB_Tillstand_TIDSBEGRANS_DAT": null,
        "TOTALHOJD": 149,
        "NAVHOJD": 108,
        "ROTDIAMETER": 95,
        "MAXEFFEKT": 3,
        "CALPROD": null,
        "FABRIKAT": null,
        "MODELL": "",
        "ORGNAMN": "Bjäre Kraft Energi AB",
        "ORGNMR": "556527-5020",
        "PLACERING": "Land",
        "KOMNAMN": "Simrishamn",
        "LANSNAMN": "Skåne län",
        "EL_NAMN": "Malmö               ",
        "SenasteUppdatering": null,
        "_statuslager": "Inte aktuella eller återkallade",
        "_lager_id": 12
      }
    },
    {
      "type": "Feature",
      "id": 6030,
      "geometry": {
        "type": "Point",
        "coordinates": [
          14.185886514931967,
          55.5242312286269
        ]
      },
      "properties": {
        "OBJECTID": 6030,
        "VERKID": "1291-V-002-001",
        "OMRID": "1291-V-002",
        "PROJNAMN": "",
        "STATUS": "Inte aktuellt eller återkallat",
        "HANDLINGSTYP": null,
        "UPPFORT": null,
        "MB_Tillstand_TIDSBEGRANS_DAT": null,
        "TOTALHOJD": 98,
        "NAVHOJD": 74,
        "ROTDIAMETER": 48,
        "MAXEFFEKT": 0.6,
        "CALPROD": null,
        "FABRIKAT": null,
        "MODELL": "                                                  ",
        "ORGNAMN": "Projektör ej registrerad ",
        "ORGNMR": "999999-9999",
        "PLACERING": "Land",
        "KOMNAMN": "Simrishamn",
        "LANSNAMN": "Skåne län",
        "EL_NAMN": "Malmö               ",
        "SenasteUppdatering": 1547769600000,
        "_statuslager": "Inte aktuella eller återkallade",
        "_lager_id": 12
      }
    },
    {
      "type": "Feature",
      "id": 6076,
      "geometry": {
        "type": "Point",
        "coordinates": [
          14.158235240139057,
          55.54662602764289
        ]
      },
      "properties": {
        "OBJECTID": 6076,
        "VERKID": "1291-V-022-001",
        "OMRID": "1291-V-022",
        "PROJNAMN": "",
        "STATUS": "Inte aktuellt eller återkallat",
        "HANDLINGSTYP": null,
        "UPPFORT": null,
        "MB_Tillstand_TIDSBEGRANS_DAT": null,
        "TOTALHOJD": 78,
        "NAVHOJD": 55,
        "ROTDIAMETER": 47,
        "MAXEFFEKT": 0.66,
        "CALPROD": null,
        "FABRIKAT": null,
        "MODELL": "                                                  ",
        "ORGNAMN": "Projektör ej registrerad ",
        "ORGNMR": "999999-9999",
        "PLACERING": "Land",
        "KOMNAMN": "Simrishamn",
        "LANSNAMN": "Skåne län",
        "EL_NAMN": "Malmö               ",
        "SenasteUppdatering": 1554249600000,
        "_statuslager": "Inte aktuella eller återkallade",
        "_lager_id": 12
      }
    },
    {
      "type": "Feature",
      "id": 4894,
      "geometry": {
        "type": "Point",
        "coordinates": [
          14.01158251513705,
          55.66421650285243
        ]
      },
      "properties": {
        "OBJECTID": 4894,
        "VERKID": "1270-V-008-003",
        "OMRID": "1270-V-008",
        "PROJNAMN": "Bondrum-Bontofta",
        "STATUS": "Inte aktuellt eller återkallat",
        "HANDLINGSTYP": null,
        "UPPFORT": null,
        "MB_Tillstand_TIDSBEGRANS_DAT": null,
        "TOTALHOJD": 105,
        "NAVHOJD": 70,
        "ROTDIAMETER": 70,
        "MAXEFFEKT": 2.3,
        "CALPROD": null,
        "FABRIKAT": null,
        "MODELL": "",
        "ORGNAMN": "Projektör ej registrerad ",
        "ORGNMR": "999999-9999",
        "PLACERING": "Land",
        "KOMNAMN": "Tomelilla",
        "LANSNAMN": "Skåne län",
        "EL_NAMN": "Malmö               ",
        "SenasteUppdatering": null,
        "_statuslager": "Inte aktuella eller återkallade",
        "_lager_id": 12
      }
    },
    {
      "type": "Feature",
      "id": 6036,
      "geometry": {
        "type": "Point",
        "coordinates": [
          14.275206423935407,
          55.57255065749112
        ]
      },
      "properties": {
        "OBJECTID": 6036,
        "VERKID": "1291-V-003-001",
        "OMRID": "1291-V-003",
        "PROJNAMN": "",
        "STATUS": "Inte aktuellt eller återkallat",
        "HANDLINGSTYP": null,
        "UPPFORT": null,
        "MB_Tillstand_TIDSBEGRANS_DAT": null,
        "TOTALHOJD": 118,
        "NAVHOJD": 78,
        "ROTDIAMETER": 80,
        "MAXEFFEKT": 2,
        "CALPROD": null,
        "FABRIKAT": null,
        "MODELL": "                                                  ",
        "ORGNAMN": "Projektör ej registrerad ",
        "ORGNMR": "999999-9999",
        "PLACERING": "Land",
        "KOMNAMN": "Simrishamn",
        "LANSNAMN": "Skåne län",
        "EL_NAMN": "Malmö               ",
        "SenasteUppdatering": 1554249600000,
        "_statuslager": "Inte aktuella eller återkallade",
        "_lager_id": 12
      }
    },
    {
      "type": "Feature",
      "id": 6130,
      "geometry": {
        "type": "Point",
        "coordinates": [
          14.26523788810627,
          55.60198906174259
        ]
      },
      "properties": {
        "OBJECTID": 6130,
        "VERKID": "1291-V-067-004",
        "OMRID": "1291-V-067",
        "PROJNAMN": "Gyllebo",
        "STATUS": "Inte aktuellt eller återkallat",
        "HANDLINGSTYP": "Bygglov (Enligt 9 kap. 2 § Plan och bygglagen)",
        "UPPFORT": null,
        "MB_Tillstand_TIDSBEGRANS_DAT": null,
        "TOTALHOJD": 150,
        "NAVHOJD": 110,
        "ROTDIAMETER": 115,
        "MAXEFFEKT": null,
        "CALPROD": null,
        "FABRIKAT": null,
        "MODELL": null,
        "ORGNAMN": "Triventus AB",
        "ORGNMR": "556627-3016",
        "PLACERING": "Land",
        "KOMNAMN": "Simrishamn",
        "LANSNAMN": "Skåne län",
        "EL_NAMN": "Malmö               ",
        "SenasteUppdatering": null,
        "_statuslager": "Inte aktuella eller återkallade",
        "_lager_id": 12
      }
    },
    {
      "type": "Feature",
      "id": 4782,
      "geometry": {
        "type": "Point",
        "coordinates": [
          13.961452361395501,
          55.65822668259153
        ]
      },
      "properties": {
        "OBJECTID": 4782,
        "VERKID": "1265-V-022-002",
        "OMRID": "1265-V-022",
        "PROJNAMN": "Bäretofta",
        "STATUS": "Inte aktuellt eller återkallat",
        "HANDLINGSTYP": "Bygglov (Enligt 9 kap. 2 § Plan och bygglagen)",
        "UPPFORT": null,
        "MB_Tillstand_TIDSBEGRANS_DAT": null,
        "TOTALHOJD": 150,
        "NAVHOJD": 108,
        "ROTDIAMETER": 90,
        "MAXEFFEKT": 3,
        "CALPROD": null,
        "FABRIKAT": null,
        "MODELL": "",
        "ORGNAMN": "Projektör ej registrerad ",
        "ORGNMR": "999999-9999",
        "PLACERING": "Land",
        "KOMNAMN": "Sjöbo",
        "LANSNAMN": "Skåne län",
        "EL_NAMN": "Malmö               ",
        "SenasteUppdatering": 1615507200000,
        "_statuslager": "Inte aktuella eller återkallade",
        "_lager_id": 12
      }
    },
    {
      "type": "Feature",
      "id": 5801,
      "geometry": {
        "type": "Point",
        "coordinates": [
          14.176144411403863,
          55.850286731146504
        ]
      },
      "properties": {
        "OBJECTID": 5801,
        "VERKID": "1290-V-039-003",
        "OMRID": "1290-V-039",
        "PROJNAMN": "Vittskövle",
        "STATUS": "Inte aktuellt eller återkallat",
        "HANDLINGSTYP": "Bygglov (Enligt 9 kap. 2 § Plan och bygglagen)",
        "UPPFORT": null,
        "MB_Tillstand_TIDSBEGRANS_DAT": null,
        "TOTALHOJD": 125,
        "NAVHOJD": 95,
        "ROTDIAMETER": 90,
        "MAXEFFEKT": 1.8,
        "CALPROD": null,
        "FABRIKAT": null,
        "MODELL": "                                                  ",
        "ORGNAMN": "BayWa r.e. Scandinavia AB",
        "ORGNMR": "556885-6503",
        "PLACERING": "Land",
        "KOMNAMN": "Kristianstad",
        "LANSNAMN": "Skåne län",
        "EL_NAMN": "Malmö               ",
        "SenasteUppdatering": null,
        "_statuslager": "Inte aktuella eller återkallade",
        "_lager_id": 12
      }
    },
    {
      "type": "Feature",
      "id": 6099,
      "geometry": {
        "type": "Point",
        "coordinates": [
          14.254124197912624,
          55.606582910236604
        ]
      },
      "properties": {
        "OBJECTID": 6099,
        "VERKID": "1291-V-031-002",
        "OMRID": "1291-V-031",
        "PROJNAMN": null,
        "STATUS": "Inte aktuellt eller återkallat",
        "HANDLINGSTYP": "Samråd (Enligt 6 kap. 4 § miljöbalken)",
        "UPPFORT": null,
        "MB_Tillstand_TIDSBEGRANS_DAT": null,
        "TOTALHOJD": 168,
        "NAVHOJD": 140,
        "ROTDIAMETER": 130,
        "MAXEFFEKT": 3,
        "CALPROD": null,
        "FABRIKAT": null,
        "MODELL": "",
        "ORGNAMN": "Wede Växt AB",
        "ORGNMR": "556279-4346",
        "PLACERING": "Land",
        "KOMNAMN": "Simrishamn",
        "LANSNAMN": "Skåne län",
        "EL_NAMN": "Malmö               ",
        "SenasteUppdatering": null,
        "_statuslager": "Inte aktuella eller återkallade",
        "_lager_id": 12
      }
    },
    {
      "type": "Feature",
      "id": 5549,
      "geometry": {
        "type": "Point",
        "coordinates": [
          14.132146096885966,
          55.475600046915
        ]
      },
      "properties": {
        "OBJECTID": 5549,
        "VERKID": "1286-V-006-001",
        "OMRID": "1286-V-006",
        "PROJNAMN": "Örum vindkraftpark",
        "STATUS": "Inte aktuellt eller återkallat",
        "HANDLINGSTYP": "Samråd (Enligt 6 kap. 4 § miljöbalken)",
        "UPPFORT": null,
        "MB_Tillstand_TIDSBEGRANS_DAT": null,
        "TOTALHOJD": 100,
        "NAVHOJD": 74,
        "ROTDIAMETER": 52,
        "MAXEFFEKT": 0.85,
        "CALPROD": null,
        "FABRIKAT": null,
        "MODELL": "",
        "ORGNAMN": "Stefan Widen AB",
        "ORGNMR": "556651-9715",
        "PLACERING": "Land",
        "KOMNAMN": "Ystad",
        "LANSNAMN": "Skåne län",
        "EL_NAMN": "Malmö               ",
        "SenasteUppdatering": null,
        "_statuslager": "Inte aktuella eller återkallade",
        "_lager_id": 12
      }
    },
    {
      "type": "Feature",
      "id": 6096,
      "geometry": {
        "type": "Point",
        "coordinates": [
          14.249960062344034,
          55.55343996998922
        ]
      },
      "properties": {
        "OBJECTID": 6096,
        "VERKID": "1291-V-030-001",
        "OMRID": "1291-V-030",
        "PROJNAMN": "Karlaby",
        "STATUS": "Inte aktuellt eller återkallat",
        "HANDLINGSTYP": "Bygglov (Enligt 9 kap. 2 § Plan och bygglagen)",
        "UPPFORT": null,
        "MB_Tillstand_TIDSBEGRANS_DAT": null,
        "TOTALHOJD": 100,
        "NAVHOJD": 74,
        "ROTDIAMETER": 60,
        "MAXEFFEKT": 1,
        "CALPROD": null,
        "FABRIKAT": null,
        "MODELL": "",
        "ORGNAMN": "Projektör ej registrerad ",
        "ORGNMR": "999999-9999",
        "PLACERING": "Land",
        "KOMNAMN": "Simrishamn",
        "LANSNAMN": "Skåne län",
        "EL_NAMN": "Malmö               ",
        "SenasteUppdatering": null,
        "_statuslager": "Inte aktuella eller återkallade",
        "_lager_id": 12
      }
    },
    {
      "type": "Feature",
      "id": 4954,
      "geometry": {
        "type": "Point",
        "coordinates": [
          14.040573211732767,
          55.5044980728096
        ]
      },
      "properties": {
        "OBJECTID": 4954,
        "VERKID": "1270-V-043-002",
        "OMRID": "1270-V-043",
        "PROJNAMN": null,
        "STATUS": "Inte aktuellt eller återkallat",
        "HANDLINGSTYP": "Samråd (Enligt 6 kap. 4 § miljöbalken)",
        "UPPFORT": null,
        "MB_Tillstand_TIDSBEGRANS_DAT": null,
        "TOTALHOJD": 150,
        "NAVHOJD": 105,
        "ROTDIAMETER": 92,
        "MAXEFFEKT": 3,
        "CALPROD": null,
        "FABRIKAT": null,
        "MODELL": "                                                  ",
        "ORGNAMN": "Projektör ej registrerad ",
        "ORGNMR": "999999-9999",
        "PLACERING": "Land",
        "KOMNAMN": "Tomelilla",
        "LANSNAMN": "Skåne län",
        "EL_NAMN": "Malmö               ",
        "SenasteUppdatering": null,
        "_statuslager": "Inte aktuella eller återkallade",
        "_lager_id": 12
      }
    },
    {
      "type": "Feature",
      "id": 4902,
      "geometry": {
        "type": "Point",
        "coordinates": [
          13.953778415118709,
          55.59156992812927
        ]
      },
      "properties": {
        "OBJECTID": 4902,
        "VERKID": "1270-V-010-002",
        "OMRID": "1270-V-010",
        "PROJNAMN": "Vallsås",
        "STATUS": "Inte aktuellt eller återkallat",
        "HANDLINGSTYP": "Tillstånd (Enligt 9 kap. 6 § miljöbalken)",
        "UPPFORT": null,
        "MB_Tillstand_TIDSBEGRANS_DAT": null,
        "TOTALHOJD": 89,
        "NAVHOJD": 65,
        "ROTDIAMETER": 48,
        "MAXEFFEKT": 0.8,
        "CALPROD": null,
        "FABRIKAT": null,
        "MODELL": "-",
        "ORGNAMN": "Fred Olsen Renewables AB",
        "ORGNMR": "556591-2077",
        "PLACERING": "Land",
        "KOMNAMN": "Tomelilla",
        "LANSNAMN": "Skåne län",
        "EL_NAMN": "Malmö               ",
        "SenasteUppdatering": 1719964800000,
        "_statuslager": "Inte aktuella eller återkallade",
        "_lager_id": 12
      }
    },
    {
      "type": "Feature",
      "id": 6079,
      "geometry": {
        "type": "Point",
        "coordinates": [
          14.15988248224076,
          55.55232562023634
        ]
      },
      "properties": {
        "OBJECTID": 6079,
        "VERKID": "1291-V-025-001",
        "OMRID": "1291-V-025",
        "PROJNAMN": "",
        "STATUS": "Inte aktuellt eller återkallat",
        "HANDLINGSTYP": null,
        "UPPFORT": null,
        "MB_Tillstand_TIDSBEGRANS_DAT": null,
        "TOTALHOJD": 50,
        "NAVHOJD": null,
        "ROTDIAMETER": null,
        "MAXEFFEKT": null,
        "CALPROD": null,
        "FABRIKAT": null,
        "MODELL": "                                                  ",
        "ORGNAMN": "Projektör ej registrerad ",
        "ORGNMR": "999999-9999",
        "PLACERING": "Land",
        "KOMNAMN": "Simrishamn",
        "LANSNAMN": "Skåne län",
        "EL_NAMN": "Malmö               ",
        "SenasteUppdatering": 1554249600000,
        "_statuslager": "Inte aktuella eller återkallade",
        "_lager_id": 12
      }
    },
    {
      "type": "Feature",
      "id": 6067,
      "geometry": {
        "type": "Point",
        "coordinates": [
          14.297650427175167,
          55.487076155022656
        ]
      },
      "properties": {
        "OBJECTID": 6067,
        "VERKID": "1291-V-018-003",
        "OMRID": "1291-V-018",
        "PROJNAMN": "",
        "STATUS": "Inte aktuellt eller återkallat",
        "HANDLINGSTYP": null,
        "UPPFORT": null,
        "MB_Tillstand_TIDSBEGRANS_DAT": null,
        "TOTALHOJD": null,
        "NAVHOJD": null,
        "ROTDIAMETER": null,
        "MAXEFFEKT": 0.5,
        "CALPROD": null,
        "FABRIKAT": null,
        "MODELL": "                                                  ",
        "ORGNAMN": "Projektör ej registrerad ",
        "ORGNMR": "999999-9999",
        "PLACERING": "Land",
        "KOMNAMN": "Simrishamn",
        "LANSNAMN": "Skåne län",
        "EL_NAMN": "Malmö               ",
        "SenasteUppdatering": 1554249600000,
        "_statuslager": "Inte aktuella eller återkallade",
        "_lager_id": 12
      }
    },
    {
      "type": "Feature",
      "id": 4948,
      "geometry": {
        "type": "Point",
        "coordinates": [
          14.000452404357622,
          55.50268217946244
        ]
      },
      "properties": {
        "OBJECTID": 4948,
        "VERKID": "1270-V-036-008",
        "OMRID": "1270-V-036",
        "PROJNAMN": "Munka-Tågarp",
        "STATUS": "Inte aktuellt eller återkallat",
        "HANDLINGSTYP": "Samråd (Enligt 6 kap. 4 § miljöbalken)",
        "UPPFORT": null,
        "MB_Tillstand_TIDSBEGRANS_DAT": null,
        "TOTALHOJD": 117,
        "NAVHOJD": 119,
        "ROTDIAMETER": 115,
        "MAXEFFEKT": 3,
        "CALPROD": null,
        "FABRIKAT": null,
        "MODELL": "                                                  ",
        "ORGNAMN": "Projektör ej registrerad ",
        "ORGNMR": "999999-9999",
        "PLACERING": "Land",
        "KOMNAMN": "Tomelilla",
        "LANSNAMN": "Skåne län",
        "EL_NAMN": "Malmö               ",
        "SenasteUppdatering": 1556496000000,
        "_statuslager": "Inte aktuella eller återkallade",
        "_lager_id": 12
      }
    },
    {
      "type": "Feature",
      "id": 4945,
      "geometry": {
        "type": "Point",
        "coordinates": [
          13.981136318422703,
          55.49734696301701
        ]
      },
      "properties": {
        "OBJECTID": 4945,
        "VERKID": "1270-V-036-005",
        "OMRID": "1270-V-036",
        "PROJNAMN": "Munka-Tågarp",
        "STATUS": "Inte aktuellt eller återkallat",
        "HANDLINGSTYP": "Samråd (Enligt 6 kap. 4 § miljöbalken)",
        "UPPFORT": null,
        "MB_Tillstand_TIDSBEGRANS_DAT": null,
        "TOTALHOJD": 177,
        "NAVHOJD": 119,
        "ROTDIAMETER": 115,
        "MAXEFFEKT": 3,
        "CALPROD": null,
        "FABRIKAT": null,
        "MODELL": "                                                  ",
        "ORGNAMN": "Projektör ej registrerad ",
        "ORGNMR": "999999-9999",
        "PLACERING": "Land",
        "KOMNAMN": "Tomelilla",
        "LANSNAMN": "Skåne län",
        "EL_NAMN": "Malmö               ",
        "SenasteUppdatering": 1556496000000,
        "_statuslager": "Inte aktuella eller återkallade",
        "_lager_id": 12
      }
    },
    {
      "type": "Feature",
      "id": 5561,
      "geometry": {
        "type": "Point",
        "coordinates": [
          14.127682900188828,
          55.46450716204363
        ]
      },
      "properties": {
        "OBJECTID": 5561,
        "VERKID": "1286-V-010-001",
        "OMRID": "1286-V-010",
        "PROJNAMN": "Karlfältsgården",
        "STATUS": "Inte aktuellt eller återkallat",
        "HANDLINGSTYP": "Tillstånd (Enligt 9 kap. 6 § miljöbalken)",
        "UPPFORT": null,
        "MB_Tillstand_TIDSBEGRANS_DAT": null,
        "TOTALHOJD": 110,
        "NAVHOJD": 71,
        "ROTDIAMETER": 71,
        "MAXEFFEKT": 3,
        "CALPROD": null,
        "FABRIKAT": null,
        "MODELL": "                                                  ",
        "ORGNAMN": "Slitevind AB",
        "ORGNMR": "556453-2819",
        "PLACERING": "Land",
        "KOMNAMN": "Ystad",
        "LANSNAMN": "Skåne län",
        "EL_NAMN": "Malmö               ",
        "SenasteUppdatering": 1567036800000,
        "_statuslager": "Inte aktuella eller återkallade",
        "_lager_id": 12
      }
    },
    {
      "type": "Feature",
      "id": 6033,
      "geometry": {
        "type": "Point",
        "coordinates": [
          14.183948230942283,
          55.52708027439516
        ]
      },
      "properties": {
        "OBJECTID": 6033,
        "VERKID": "1291-V-002-004",
        "OMRID": "1291-V-002",
        "PROJNAMN": "",
        "STATUS": "Inte aktuellt eller återkallat",
        "HANDLINGSTYP": null,
        "UPPFORT": null,
        "MB_Tillstand_TIDSBEGRANS_DAT": null,
        "TOTALHOJD": 98,
        "NAVHOJD": 74,
        "ROTDIAMETER": 48,
        "MAXEFFEKT": 0.6,
        "CALPROD": null,
        "FABRIKAT": null,
        "MODELL": "                                                  ",
        "ORGNAMN": "Projektör ej registrerad ",
        "ORGNMR": "999999-9999",
        "PLACERING": "Land",
        "KOMNAMN": "Simrishamn",
        "LANSNAMN": "Skåne län",
        "EL_NAMN": "Malmö               ",
        "SenasteUppdatering": 1547769600000,
        "_statuslager": "Inte aktuella eller återkallade",
        "_lager_id": 12
      }
    },
    {
      "type": "Feature",
      "id": 6039,
      "geometry": {
        "type": "Point",
        "coordinates": [
          14.274131339941592,
          55.56554837236817
        ]
      },
      "properties": {
        "OBJECTID": 6039,
        "VERKID": "1291-V-005-002",
        "OMRID": "1291-V-005",
        "PROJNAMN": "",
        "STATUS": "Inte aktuellt eller återkallat",
        "HANDLINGSTYP": null,
        "UPPFORT": null,
        "MB_Tillstand_TIDSBEGRANS_DAT": null,
        "TOTALHOJD": 118,
        "NAVHOJD": 78,
        "ROTDIAMETER": 80,
        "MAXEFFEKT": 2,
        "CALPROD": null,
        "FABRIKAT": null,
        "MODELL": "                                                  ",
        "ORGNAMN": "Projektör ej registrerad ",
        "ORGNMR": "999999-9999",
        "PLACERING": "Land",
        "KOMNAMN": "Simrishamn",
        "LANSNAMN": "Skåne län",
        "EL_NAMN": "Malmö               ",
        "SenasteUppdatering": 1554249600000,
        "_statuslager": "Inte aktuella eller återkallade",
        "_lager_id": 12
      }
    },
    {
      "type": "Feature",
      "id": 6090,
      "geometry": {
        "type": "Point",
        "coordinates": [
          14.111027935060964,
          55.62622101968157
        ]
      },
      "properties": {
        "OBJECTID": 6090,
        "VERKID": "1291-V-028-006",
        "OMRID": "1291-V-028",
        "PROJNAMN": "Sjunkalotten",
        "STATUS": "Inte aktuellt eller återkallat",
        "HANDLINGSTYP": "Tillstånd (Enligt 9 kap. 6 § miljöbalken)",
        "UPPFORT": null,
        "MB_Tillstand_TIDSBEGRANS_DAT": null,
        "TOTALHOJD": 149,
        "NAVHOJD": 108,
        "ROTDIAMETER": 95,
        "MAXEFFEKT": 3,
        "CALPROD": null,
        "FABRIKAT": null,
        "MODELL": "",
        "ORGNAMN": "Bjäre Kraft Energi AB",
        "ORGNMR": "556527-5020",
        "PLACERING": "Land",
        "KOMNAMN": "Simrishamn",
        "LANSNAMN": "Skåne län",
        "EL_NAMN": "Malmö               ",
        "SenasteUppdatering": null,
        "_statuslager": "Inte aktuella eller återkallade",
        "_lager_id": 12
      }
    },
    {
      "type": "Feature",
      "id": 6102,
      "geometry": {
        "type": "Point",
        "coordinates": [
          14.269133476996847,
          55.59893874712956
        ]
      },
      "properties": {
        "OBJECTID": 6102,
        "VERKID": "1291-V-031-005",
        "OMRID": "1291-V-031",
        "PROJNAMN": null,
        "STATUS": "Inte aktuellt eller återkallat",
        "HANDLINGSTYP": "Samråd (Enligt 6 kap. 4 § miljöbalken)",
        "UPPFORT": null,
        "MB_Tillstand_TIDSBEGRANS_DAT": null,
        "TOTALHOJD": 168,
        "NAVHOJD": 140,
        "ROTDIAMETER": 130,
        "MAXEFFEKT": 3,
        "CALPROD": null,
        "FABRIKAT": null,
        "MODELL": "",
        "ORGNAMN": "Wede Växt AB",
        "ORGNMR": "556279-4346",
        "PLACERING": "Land",
        "KOMNAMN": "Simrishamn",
        "LANSNAMN": "Skåne län",
        "EL_NAMN": "Malmö               ",
        "SenasteUppdatering": null,
        "_statuslager": "Inte aktuella eller återkallade",
        "_lager_id": 12
      }
    },
    {
      "type": "Feature",
      "id": 4965,
      "geometry": {
        "type": "Point",
        "coordinates": [
          14.010114465226895,
          55.6617452229792
        ]
      },
      "properties": {
        "OBJECTID": 4965,
        "VERKID": "1270-V-051-002",
        "OMRID": "1270-V-051",
        "PROJNAMN": "Bondrum",
        "STATUS": "Inte aktuellt eller återkallat",
        "HANDLINGSTYP": "Samråd (Enligt 6 kap. 4 § miljöbalken)",
        "UPPFORT": null,
        "MB_Tillstand_TIDSBEGRANS_DAT": null,
        "TOTALHOJD": null,
        "NAVHOJD": null,
        "ROTDIAMETER": null,
        "MAXEFFEKT": null,
        "CALPROD": null,
        "FABRIKAT": null,
        "MODELL": "-",
        "ORGNAMN": "Tekniska verken i Linköping Vind",
        "ORGNMR": "556853-7038",
        "PLACERING": "Land",
        "KOMNAMN": "Tomelilla",
        "LANSNAMN": "Skåne län",
        "EL_NAMN": "Malmö               ",
        "SenasteUppdatering": 1653004800000,
        "_statuslager": "Inte aktuella eller återkallade",
        "_lager_id": 12
      }
    },
    {
      "type": "Feature",
      "id": 5550,
      "geometry": {
        "type": "Point",
        "coordinates": [
          14.130052298575606,
          55.46866311091915
        ]
      },
      "properties": {
        "OBJECTID": 5550,
        "VERKID": "1286-V-006-002",
        "OMRID": "1286-V-006",
        "PROJNAMN": "Örum vindkraftpark",
        "STATUS": "Inte aktuellt eller återkallat",
        "HANDLINGSTYP": "Samråd (Enligt 6 kap. 4 § miljöbalken)",
        "UPPFORT": null,
        "MB_Tillstand_TIDSBEGRANS_DAT": null,
        "TOTALHOJD": 100,
        "NAVHOJD": 74,
        "ROTDIAMETER": 52,
        "MAXEFFEKT": 0.85,
        "CALPROD": null,
        "FABRIKAT": null,
        "MODELL": "",
        "ORGNAMN": "Stefan Widen AB",
        "ORGNMR": "556651-9715",
        "PLACERING": "Land",
        "KOMNAMN": "Ystad",
        "LANSNAMN": "Skåne län",
        "EL_NAMN": "Malmö               ",
        "SenasteUppdatering": null,
        "_statuslager": "Inte aktuella eller återkallade",
        "_lager_id": 12
      }
    },
    {
      "type": "Feature",
      "id": 4903,
      "geometry": {
        "type": "Point",
        "coordinates": [
          13.959725851149678,
          55.59092302999393
        ]
      },
      "properties": {
        "OBJECTID": 4903,
        "VERKID": "1270-V-010-003",
        "OMRID": "1270-V-010",
        "PROJNAMN": "Vallsås",
        "STATUS": "Inte aktuellt eller återkallat",
        "HANDLINGSTYP": "Tillstånd (Enligt 9 kap. 6 § miljöbalken)",
        "UPPFORT": null,
        "MB_Tillstand_TIDSBEGRANS_DAT": null,
        "TOTALHOJD": 89,
        "NAVHOJD": 65,
        "ROTDIAMETER": 48,
        "MAXEFFEKT": 0.8,
        "CALPROD": null,
        "FABRIKAT": null,
        "MODELL": "-",
        "ORGNAMN": "Fred Olsen Renewables AB",
        "ORGNMR": "556591-2077",
        "PLACERING": "Land",
        "KOMNAMN": "Tomelilla",
        "LANSNAMN": "Skåne län",
        "EL_NAMN": "Malmö               ",
        "SenasteUppdatering": 1719964800000,
        "_statuslager": "Inte aktuella eller återkallade",
        "_lager_id": 12
      }
    },
    {
      "type": "Feature",
      "id": 6068,
      "geometry": {
        "type": "Point",
        "coordinates": [
          14.29910722544554,
          55.4853873274526
        ]
      },
      "properties": {
        "OBJECTID": 6068,
        "VERKID": "1291-V-018-004",
        "OMRID": "1291-V-018",
        "PROJNAMN": "",
        "STATUS": "Inte aktuellt eller återkallat",
        "HANDLINGSTYP": null,
        "UPPFORT": null,
        "MB_Tillstand_TIDSBEGRANS_DAT": null,
        "TOTALHOJD": null,
        "NAVHOJD": null,
        "ROTDIAMETER": null,
        "MAXEFFEKT": 0.5,
        "CALPROD": null,
        "FABRIKAT": null,
        "MODELL": "                                                  ",
        "ORGNAMN": "Projektör ej registrerad ",
        "ORGNMR": "999999-9999",
        "PLACERING": "Land",
        "KOMNAMN": "Simrishamn",
        "LANSNAMN": "Skåne län",
        "EL_NAMN": "Malmö               ",
        "SenasteUppdatering": 1554249600000,
        "_statuslager": "Inte aktuella eller återkallade",
        "_lager_id": 12
      }
    },
    {
      "type": "Feature",
      "id": 5636,
      "geometry": {
        "type": "Point",
        "coordinates": [
          14.089710073950357,
          55.4639715118287
        ]
      },
      "properties": {
        "OBJECTID": 5636,
        "VERKID": "1286-V-063-002",
        "OMRID": "1286-V-063",
        "PROJNAMN": "",
        "STATUS": "Inte aktuellt eller återkallat",
        "HANDLINGSTYP": "Bygglov (Enligt 9 kap. 2 § Plan och bygglagen)",
        "UPPFORT": null,
        "MB_Tillstand_TIDSBEGRANS_DAT": null,
        "TOTALHOJD": null,
        "NAVHOJD": null,
        "ROTDIAMETER": null,
        "MAXEFFEKT": 0.5,
        "CALPROD": null,
        "FABRIKAT": null,
        "MODELL": null,
        "ORGNAMN": "Projektör ej registrerad ",
        "ORGNMR": "999999-9999",
        "PLACERING": "Land",
        "KOMNAMN": "Ystad",
        "LANSNAMN": "Skåne län",
        "EL_NAMN": "Malmö               ",
        "SenasteUppdatering": 1567036800000,
        "_statuslager": "Inte aktuella eller återkallade",
        "_lager_id": 12
      }
    },
    {
      "type": "Feature",
      "id": 6128,
      "geometry": {
        "type": "Point",
        "coordinates": [
          14.2535272101248,
          55.606431641621974
        ]
      },
      "properties": {
        "OBJECTID": 6128,
        "VERKID": "1291-V-067-002",
        "OMRID": "1291-V-067",
        "PROJNAMN": "Gyllebo",
        "STATUS": "Inte aktuellt eller återkallat",
        "HANDLINGSTYP": "Bygglov (Enligt 9 kap. 2 § Plan och bygglagen)",
        "UPPFORT": null,
        "MB_Tillstand_TIDSBEGRANS_DAT": null,
        "TOTALHOJD": 150,
        "NAVHOJD": 110,
        "ROTDIAMETER": 115,
        "MAXEFFEKT": null,
        "CALPROD": null,
        "FABRIKAT": null,
        "MODELL": null,
        "ORGNAMN": "Triventus AB",
        "ORGNMR": "556627-3016",
        "PLACERING": "Land",
        "KOMNAMN": "Simrishamn",
        "LANSNAMN": "Skåne län",
        "EL_NAMN": "Malmö               ",
        "SenasteUppdatering": null,
        "_statuslager": "Inte aktuella eller återkallade",
        "_lager_id": 12
      }
    },
    {
      "type": "Feature",
      "id": 5799,
      "geometry": {
        "type": "Point",
        "coordinates": [
          14.176977606484591,
          55.84220417693673
        ]
      },
      "properties": {
        "OBJECTID": 5799,
        "VERKID": "1290-V-039-001",
        "OMRID": "1290-V-039",
        "PROJNAMN": "Vittskövle",
        "STATUS": "Inte aktuellt eller återkallat",
        "HANDLINGSTYP": "Bygglov (Enligt 9 kap. 2 § Plan och bygglagen)",
        "UPPFORT": null,
        "MB_Tillstand_TIDSBEGRANS_DAT": null,
        "TOTALHOJD": 125,
        "NAVHOJD": 95,
        "ROTDIAMETER": 90,
        "MAXEFFEKT": 1.8,
        "CALPROD": null,
        "FABRIKAT": null,
        "MODELL": "                                                  ",
        "ORGNAMN": "BayWa r.e. Scandinavia AB",
        "ORGNMR": "556885-6503",
        "PLACERING": "Land",
        "KOMNAMN": "Kristianstad",
        "LANSNAMN": "Skåne län",
        "EL_NAMN": "Malmö               ",
        "SenasteUppdatering": null,
        "_statuslager": "Inte aktuella eller återkallade",
        "_lager_id": 12
      }
    },
    {
      "type": "Feature",
      "id": 4946,
      "geometry": {
        "type": "Point",
        "coordinates": [
          13.99029996669969,
          55.49458151810183
        ]
      },
      "properties": {
        "OBJECTID": 4946,
        "VERKID": "1270-V-036-006",
        "OMRID": "1270-V-036",
        "PROJNAMN": "Munka-Tågarp",
        "STATUS": "Inte aktuellt eller återkallat",
        "HANDLINGSTYP": "Samråd (Enligt 6 kap. 4 § miljöbalken)",
        "UPPFORT": null,
        "MB_Tillstand_TIDSBEGRANS_DAT": null,
        "TOTALHOJD": 177,
        "NAVHOJD": 119,
        "ROTDIAMETER": 115,
        "MAXEFFEKT": 3,
        "CALPROD": null,
        "FABRIKAT": null,
        "MODELL": "                                                  ",
        "ORGNAMN": "Projektör ej registrerad ",
        "ORGNMR": "999999-9999",
        "PLACERING": "Land",
        "KOMNAMN": "Tomelilla",
        "LANSNAMN": "Skåne län",
        "EL_NAMN": "Malmö               ",
        "SenasteUppdatering": 1556496000000,
        "_statuslager": "Inte aktuella eller återkallade",
        "_lager_id": 12
      }
    },
    {
      "type": "Feature",
      "id": 6105,
      "geometry": {
        "type": "Point",
        "coordinates": [
          14.208249070550522,
          55.63502712375458
        ]
      },
      "properties": {
        "OBJECTID": 6105,
        "VERKID": "1291-V-034-002",
        "OMRID": "1291-V-034",
        "PROJNAMN": "Rörum",
        "STATUS": "Inte aktuellt eller återkallat",
        "HANDLINGSTYP": "Samråd (Enligt 6 kap. 4 § miljöbalken)",
        "UPPFORT": null,
        "MB_Tillstand_TIDSBEGRANS_DAT": null,
        "TOTALHOJD": 149,
        "NAVHOJD": null,
        "ROTDIAMETER": 82,
        "MAXEFFEKT": 3,
        "CALPROD": null,
        "FABRIKAT": null,
        "MODELL": "                                                  ",
        "ORGNAMN": "Universal Power AB",
        "ORGNMR": "556726-3859",
        "PLACERING": "Land",
        "KOMNAMN": "Simrishamn",
        "LANSNAMN": "Skåne län",
        "EL_NAMN": "Malmö               ",
        "SenasteUppdatering": null,
        "_statuslager": "Inte aktuella eller återkallade",
        "_lager_id": 12
      }
    },
    {
      "type": "Feature",
      "id": 5968,
      "geometry": {
        "type": "Point",
        "coordinates": [
          14.129251132866136,
          55.78154752597517
        ]
      },
      "properties": {
        "OBJECTID": 5968,
        "VERKID": "1290-V-080-001",
        "OMRID": "1290-V-080",
        "PROJNAMN": "Hassla",
        "STATUS": "Inte aktuellt eller återkallat",
        "HANDLINGSTYP": "Bygglov (Enligt 9 kap. 2 § Plan och bygglagen)",
        "UPPFORT": null,
        "MB_Tillstand_TIDSBEGRANS_DAT": null,
        "TOTALHOJD": 140,
        "NAVHOJD": 95,
        "ROTDIAMETER": 90,
        "MAXEFFEKT": 2.5,
        "CALPROD": null,
        "FABRIKAT": null,
        "MODELL": "                                                  ",
        "ORGNAMN": "Eolus Vind AB",
        "ORGNMR": "556389-3956",
        "PLACERING": "Land",
        "KOMNAMN": "Kristianstad",
        "LANSNAMN": "Skåne län",
        "EL_NAMN": "Malmö               ",
        "SenasteUppdatering": null,
        "_statuslager": "Inte aktuella eller återkallade",
        "_lager_id": 12
      }
    },
    {
      "type": "Feature",
      "id": 6034,
      "geometry": {
        "type": "Point",
        "coordinates": [
          14.18984738496153,
          55.528433891790364
        ]
      },
      "properties": {
        "OBJECTID": 6034,
        "VERKID": "1291-V-002-005",
        "OMRID": "1291-V-002",
        "PROJNAMN": "",
        "STATUS": "Inte aktuellt eller återkallat",
        "HANDLINGSTYP": null,
        "UPPFORT": null,
        "MB_Tillstand_TIDSBEGRANS_DAT": null,
        "TOTALHOJD": 98,
        "NAVHOJD": 74,
        "ROTDIAMETER": 48,
        "MAXEFFEKT": 0.6,
        "CALPROD": null,
        "FABRIKAT": null,
        "MODELL": "                                                  ",
        "ORGNAMN": "Projektör ej registrerad ",
        "ORGNMR": "999999-9999",
        "PLACERING": "Land",
        "KOMNAMN": "Simrishamn",
        "LANSNAMN": "Skåne län",
        "EL_NAMN": "Malmö               ",
        "SenasteUppdatering": 1547769600000,
        "_statuslager": "Inte aktuella eller återkallade",
        "_lager_id": 12
      }
    },
    {
      "type": "Feature",
      "id": 6085,
      "geometry": {
        "type": "Point",
        "coordinates": [
          14.117053037613541,
          55.62308820145938
        ]
      },
      "properties": {
        "OBJECTID": 6085,
        "VERKID": "1291-V-028-001",
        "OMRID": "1291-V-028",
        "PROJNAMN": "Sjunkalotten",
        "STATUS": "Inte aktuellt eller återkallat",
        "HANDLINGSTYP": "Bygglov (Enligt 9 kap. 2 § Plan och bygglagen)",
        "UPPFORT": null,
        "MB_Tillstand_TIDSBEGRANS_DAT": null,
        "TOTALHOJD": 149,
        "NAVHOJD": 108,
        "ROTDIAMETER": 95,
        "MAXEFFEKT": 3,
        "CALPROD": null,
        "FABRIKAT": null,
        "MODELL": "",
        "ORGNAMN": "Bjäre Kraft Energi AB",
        "ORGNMR": "556527-5020",
        "PLACERING": "Land",
        "KOMNAMN": "Simrishamn",
        "LANSNAMN": "Skåne län",
        "EL_NAMN": "Malmö               ",
        "SenasteUppdatering": null,
        "_statuslager": "Inte aktuella eller återkallade",
        "_lager_id": 12
      }
    },
    {
      "type": "Feature",
      "id": 6062,
      "geometry": {
        "type": "Point",
        "coordinates": [
          14.169956199154335,
          55.46774772669207
        ]
      },
      "properties": {
        "OBJECTID": 6062,
        "VERKID": "1291-V-016-001",
        "OMRID": "1291-V-016",
        "PROJNAMN": "",
        "STATUS": "Inte aktuellt eller återkallat",
        "HANDLINGSTYP": null,
        "UPPFORT": null,
        "MB_Tillstand_TIDSBEGRANS_DAT": null,
        "TOTALHOJD": null,
        "NAVHOJD": null,
        "ROTDIAMETER": null,
        "MAXEFFEKT": null,
        "CALPROD": null,
        "FABRIKAT": null,
        "MODELL": "                                                  ",
        "ORGNAMN": "Projektör ej registrerad ",
        "ORGNMR": "999999-9999",
        "PLACERING": "Land",
        "KOMNAMN": "Simrishamn",
        "LANSNAMN": "Skåne län",
        "EL_NAMN": "Malmö               ",
        "SenasteUppdatering": 1553817600000,
        "_statuslager": "Inte aktuella eller återkallade",
        "_lager_id": 12
      }
    },
    {
      "type": "Feature",
      "id": 6111,
      "geometry": {
        "type": "Point",
        "coordinates": [
          14.157519589335688,
          55.568257198801604
        ]
      },
      "properties": {
        "OBJECTID": 6111,
        "VERKID": "1291-V-038-001",
        "OMRID": "1291-V-038",
        "PROJNAMN": "",
        "STATUS": "Inte aktuellt eller återkallat",
        "HANDLINGSTYP": "Bygglov (Enligt 9 kap. 2 § Plan och bygglagen)",
        "UPPFORT": null,
        "MB_Tillstand_TIDSBEGRANS_DAT": null,
        "TOTALHOJD": 35,
        "NAVHOJD": 28,
        "ROTDIAMETER": 14,
        "MAXEFFEKT": 0.02,
        "CALPROD": null,
        "FABRIKAT": null,
        "MODELL": "                                                  ",
        "ORGNAMN": "Projektör ej registrerad ",
        "ORGNMR": "999999-9999",
        "PLACERING": "Land",
        "KOMNAMN": "Simrishamn",
        "LANSNAMN": "Skåne län",
        "EL_NAMN": "Malmö               ",
        "SenasteUppdatering": 1567641600000,
        "_statuslager": "Inte aktuella eller återkallade",
        "_lager_id": 12
      }
    },
    {
      "type": "Feature",
      "id": 6091,
      "geometry": {
        "type": "Point",
        "coordinates": [
          14.116584005055138,
          55.62144678747297
        ]
      },
      "properties": {
        "OBJECTID": 6091,
        "VERKID": "1291-V-028-007",
        "OMRID": "1291-V-028",
        "PROJNAMN": "Sjunkalotten",
        "STATUS": "Inte aktuellt eller återkallat",
        "HANDLINGSTYP": "Tillstånd (Enligt 9 kap. 6 § miljöbalken)",
        "UPPFORT": null,
        "MB_Tillstand_TIDSBEGRANS_DAT": null,
        "TOTALHOJD": 149,
        "NAVHOJD": 108,
        "ROTDIAMETER": 95,
        "MAXEFFEKT": 3,
        "CALPROD": null,
        "FABRIKAT": null,
        "MODELL": "",
        "ORGNAMN": "Bjäre Kraft Energi AB",
        "ORGNMR": "556527-5020",
        "PLACERING": "Land",
        "KOMNAMN": "Simrishamn",
        "LANSNAMN": "Skåne län",
        "EL_NAMN": "Malmö               ",
        "SenasteUppdatering": null,
        "_statuslager": "Inte aktuella eller återkallade",
        "_lager_id": 12
      }
    },
    {
      "type": "Feature",
      "id": 6097,
      "geometry": {
        "type": "Point",
        "coordinates": [
          14.24998538905571,
          55.55119446370443
        ]
      },
      "properties": {
        "OBJECTID": 6097,
        "VERKID": "1291-V-030-002",
        "OMRID": "1291-V-030",
        "PROJNAMN": "Karlaby",
        "STATUS": "Inte aktuellt eller återkallat",
        "HANDLINGSTYP": "Bygglov (Enligt 9 kap. 2 § Plan och bygglagen)",
        "UPPFORT": null,
        "MB_Tillstand_TIDSBEGRANS_DAT": null,
        "TOTALHOJD": 100,
        "NAVHOJD": 74,
        "ROTDIAMETER": 60,
        "MAXEFFEKT": 1,
        "CALPROD": null,
        "FABRIKAT": null,
        "MODELL": "",
        "ORGNAMN": "Projektör ej registrerad ",
        "ORGNMR": "999999-9999",
        "PLACERING": "Land",
        "KOMNAMN": "Simrishamn",
        "LANSNAMN": "Skåne län",
        "EL_NAMN": "Malmö               ",
        "SenasteUppdatering": null,
        "_statuslager": "Inte aktuella eller återkallade",
        "_lager_id": 12
      }
    },
    {
      "type": "Feature",
      "id": 6094,
      "geometry": {
        "type": "Point",
        "coordinates": [
          14.107720413228048,
          55.618629357477246
        ]
      },
      "properties": {
        "OBJECTID": 6094,
        "VERKID": "1291-V-028-010",
        "OMRID": "1291-V-028",
        "PROJNAMN": "Sjunkalotten",
        "STATUS": "Inte aktuellt eller återkallat",
        "HANDLINGSTYP": "Tillstånd (Enligt 9 kap. 6 § miljöbalken)",
        "UPPFORT": null,
        "MB_Tillstand_TIDSBEGRANS_DAT": null,
        "TOTALHOJD": 149,
        "NAVHOJD": 108,
        "ROTDIAMETER": 95,
        "MAXEFFEKT": 3,
        "CALPROD": null,
        "FABRIKAT": null,
        "MODELL": "",
        "ORGNAMN": "Bjäre Kraft Energi AB",
        "ORGNMR": "556527-5020",
        "PLACERING": "Land",
        "KOMNAMN": "Simrishamn",
        "LANSNAMN": "Skåne län",
        "EL_NAMN": "Malmö               ",
        "SenasteUppdatering": null,
        "_statuslager": "Inte aktuella eller återkallade",
        "_lager_id": 12
      }
    },
    {
      "type": "Feature",
      "id": 4960,
      "geometry": {
        "type": "Point",
        "coordinates": [
          14.011825093445008,
          55.66238739414913
        ]
      },
      "properties": {
        "OBJECTID": 4960,
        "VERKID": "1270-V-047-001",
        "OMRID": "1270-V-047",
        "PROJNAMN": "Bondrum-Bontofta",
        "STATUS": "Inte aktuellt eller återkallat",
        "HANDLINGSTYP": null,
        "UPPFORT": null,
        "MB_Tillstand_TIDSBEGRANS_DAT": null,
        "TOTALHOJD": 150,
        "NAVHOJD": 86,
        "ROTDIAMETER": 115,
        "MAXEFFEKT": 2.5,
        "CALPROD": null,
        "FABRIKAT": null,
        "MODELL": "                                                  ",
        "ORGNAMN": "Projektör ej registrerad ",
        "ORGNMR": "999999-9999",
        "PLACERING": "Land",
        "KOMNAMN": "Tomelilla",
        "LANSNAMN": "Skåne län",
        "EL_NAMN": "Malmö               ",
        "SenasteUppdatering": 1553644800000,
        "_statuslager": "Inte aktuella eller återkallade",
        "_lager_id": 12
      }
    },
    {
      "type": "Feature",
      "id": 5647,
      "geometry": {
        "type": "Point",
        "coordinates": [
          14.180123829000035,
          55.40733646734347
        ]
      },
      "properties": {
        "OBJECTID": 5647,
        "VERKID": "1286-V-074-001",
        "OMRID": "1286-V-074",
        "PROJNAMN": null,
        "STATUS": "Inte aktuellt eller återkallat",
        "HANDLINGSTYP": "Bygglov (Enligt 9 kap. 2 § Plan och bygglagen)",
        "UPPFORT": null,
        "MB_Tillstand_TIDSBEGRANS_DAT": null,
        "TOTALHOJD": 60,
        "NAVHOJD": 40,
        "ROTDIAMETER": 41,
        "MAXEFFEKT": 0.5,
        "CALPROD": null,
        "FABRIKAT": null,
        "MODELL": null,
        "ORGNAMN": "Slitevind AB",
        "ORGNMR": "556453-2819",
        "PLACERING": "Land",
        "KOMNAMN": "Ystad",
        "LANSNAMN": "Skåne län",
        "EL_NAMN": "Malmö               ",
        "SenasteUppdatering": null,
        "_statuslager": "Inte aktuella eller återkallade",
        "_lager_id": 12
      }
    },
    {
      "type": "Feature",
      "id": 6065,
      "geometry": {
        "type": "Point",
        "coordinates": [
          14.29332904213855,
          55.48796606151923
        ]
      },
      "properties": {
        "OBJECTID": 6065,
        "VERKID": "1291-V-018-001",
        "OMRID": "1291-V-018",
        "PROJNAMN": "",
        "STATUS": "Inte aktuellt eller återkallat",
        "HANDLINGSTYP": null,
        "UPPFORT": null,
        "MB_Tillstand_TIDSBEGRANS_DAT": null,
        "TOTALHOJD": null,
        "NAVHOJD": null,
        "ROTDIAMETER": null,
        "MAXEFFEKT": 0.5,
        "CALPROD": null,
        "FABRIKAT": null,
        "MODELL": "                                                  ",
        "ORGNAMN": "Projektör ej registrerad ",
        "ORGNMR": "999999-9999",
        "PLACERING": "Land",
        "KOMNAMN": "Simrishamn",
        "LANSNAMN": "Skåne län",
        "EL_NAMN": "Malmö               ",
        "SenasteUppdatering": 1554249600000,
        "_statuslager": "Inte aktuella eller återkallade",
        "_lager_id": 12
      }
    },
    {
      "type": "Feature",
      "id": 6031,
      "geometry": {
        "type": "Point",
        "coordinates": [
          14.191734902705138,
          55.525655947922075
        ]
      },
      "properties": {
        "OBJECTID": 6031,
        "VERKID": "1291-V-002-002",
        "OMRID": "1291-V-002",
        "PROJNAMN": "",
        "STATUS": "Inte aktuellt eller återkallat",
        "HANDLINGSTYP": null,
        "UPPFORT": null,
        "MB_Tillstand_TIDSBEGRANS_DAT": null,
        "TOTALHOJD": 98,
        "NAVHOJD": 74,
        "ROTDIAMETER": 48,
        "MAXEFFEKT": 0.6,
        "CALPROD": null,
        "FABRIKAT": null,
        "MODELL": "                                                  ",
        "ORGNAMN": "Projektör ej registrerad ",
        "ORGNMR": "999999-9999",
        "PLACERING": "Land",
        "KOMNAMN": "Simrishamn",
        "LANSNAMN": "Skåne län",
        "EL_NAMN": "Malmö               ",
        "SenasteUppdatering": 1547769600000,
        "_statuslager": "Inte aktuella eller återkallade",
        "_lager_id": 12
      }
    },
    {
      "type": "Feature",
      "id": 4943,
      "geometry": {
        "type": "Point",
        "coordinates": [
          14.0004514640866,
          55.50305051471789
        ]
      },
      "properties": {
        "OBJECTID": 4943,
        "VERKID": "1270-V-036-003",
        "OMRID": "1270-V-036",
        "PROJNAMN": "Munka-Tågarp",
        "STATUS": "Inte aktuellt eller återkallat",
        "HANDLINGSTYP": "Samråd (Enligt 6 kap. 4 § miljöbalken)",
        "UPPFORT": null,
        "MB_Tillstand_TIDSBEGRANS_DAT": null,
        "TOTALHOJD": 140,
        "NAVHOJD": 95,
        "ROTDIAMETER": 90,
        "MAXEFFEKT": 2,
        "CALPROD": null,
        "FABRIKAT": null,
        "MODELL": "                                                  ",
        "ORGNAMN": "Projektör ej registrerad ",
        "ORGNMR": "999999-9999",
        "PLACERING": "Land",
        "KOMNAMN": "Tomelilla",
        "LANSNAMN": "Skåne län",
        "EL_NAMN": "Malmö               ",
        "SenasteUppdatering": 1556496000000,
        "_statuslager": "Inte aktuella eller återkallade",
        "_lager_id": 12
      }
    },
    {
      "type": "Feature",
      "id": 6131,
      "geometry": {
        "type": "Point",
        "coordinates": [
          14.268964955566535,
          55.59878390582509
        ]
      },
      "properties": {
        "OBJECTID": 6131,
        "VERKID": "1291-V-067-005",
        "OMRID": "1291-V-067",
        "PROJNAMN": "Gyllebo",
        "STATUS": "Inte aktuellt eller återkallat",
        "HANDLINGSTYP": "Bygglov (Enligt 9 kap. 2 § Plan och bygglagen)",
        "UPPFORT": null,
        "MB_Tillstand_TIDSBEGRANS_DAT": null,
        "TOTALHOJD": 150,
        "NAVHOJD": 110,
        "ROTDIAMETER": 115,
        "MAXEFFEKT": null,
        "CALPROD": null,
        "FABRIKAT": null,
        "MODELL": null,
        "ORGNAMN": "Triventus AB",
        "ORGNMR": "556627-3016",
        "PLACERING": "Land",
        "KOMNAMN": "Simrishamn",
        "LANSNAMN": "Skåne län",
        "EL_NAMN": "Malmö               ",
        "SenasteUppdatering": null,
        "_statuslager": "Inte aktuella eller återkallade",
        "_lager_id": 12
      }
    },
    {
      "type": "Feature",
      "id": 6088,
      "geometry": {
        "type": "Point",
        "coordinates": [
          14.10942330440024,
          55.622569646964905
        ]
      },
      "properties": {
        "OBJECTID": 6088,
        "VERKID": "1291-V-028-004",
        "OMRID": "1291-V-028",
        "PROJNAMN": "Sjunkalotten",
        "STATUS": "Inte aktuellt eller återkallat",
        "HANDLINGSTYP": "Bygglov (Enligt 9 kap. 2 § Plan och bygglagen)",
        "UPPFORT": null,
        "MB_Tillstand_TIDSBEGRANS_DAT": null,
        "TOTALHOJD": 149,
        "NAVHOJD": 108,
        "ROTDIAMETER": 95,
        "MAXEFFEKT": 3,
        "CALPROD": null,
        "FABRIKAT": null,
        "MODELL": "",
        "ORGNAMN": "Bjäre Kraft Energi AB",
        "ORGNMR": "556527-5020",
        "PLACERING": "Land",
        "KOMNAMN": "Simrishamn",
        "LANSNAMN": "Skåne län",
        "EL_NAMN": "Malmö               ",
        "SenasteUppdatering": null,
        "_statuslager": "Inte aktuella eller återkallade",
        "_lager_id": 12
      }
    },
    {
      "type": "Feature",
      "id": 4783,
      "geometry": {
        "type": "Point",
        "coordinates": [
          13.958279227156456,
          55.655421053243835
        ]
      },
      "properties": {
        "OBJECTID": 4783,
        "VERKID": "1265-V-022-003",
        "OMRID": "1265-V-022",
        "PROJNAMN": "Bäretofta",
        "STATUS": "Inte aktuellt eller återkallat",
        "HANDLINGSTYP": "Bygglov (Enligt 9 kap. 2 § Plan och bygglagen)",
        "UPPFORT": null,
        "MB_Tillstand_TIDSBEGRANS_DAT": null,
        "TOTALHOJD": 150,
        "NAVHOJD": 108,
        "ROTDIAMETER": 90,
        "MAXEFFEKT": 3,
        "CALPROD": null,
        "FABRIKAT": null,
        "MODELL": "",
        "ORGNAMN": "Projektör ej registrerad ",
        "ORGNMR": "999999-9999",
        "PLACERING": "Land",
        "KOMNAMN": "Sjöbo",
        "LANSNAMN": "Skåne län",
        "EL_NAMN": "Malmö               ",
        "SenasteUppdatering": 1615507200000,
        "_statuslager": "Inte aktuella eller återkallade",
        "_lager_id": 12
      }
    },
    {
      "type": "Feature",
      "id": 5616,
      "geometry": {
        "type": "Point",
        "coordinates": [
          13.969381514288482,
          55.45341149533469
        ]
      },
      "properties": {
        "OBJECTID": 5616,
        "VERKID": "1286-V-041-001",
        "OMRID": "1286-V-041",
        "PROJNAMN": "",
        "STATUS": "Inte aktuellt eller återkallat",
        "HANDLINGSTYP": "Bygglov (Enligt 9 kap. 2 § Plan och bygglagen)",
        "UPPFORT": null,
        "MB_Tillstand_TIDSBEGRANS_DAT": null,
        "TOTALHOJD": 140,
        "NAVHOJD": null,
        "ROTDIAMETER": 82,
        "MAXEFFEKT": 2,
        "CALPROD": null,
        "FABRIKAT": null,
        "MODELL": "                                                  ",
        "ORGNAMN": "Projektör ej registrerad ",
        "ORGNMR": "999999-9999",
        "PLACERING": "Land",
        "KOMNAMN": "Ystad",
        "LANSNAMN": "Skåne län",
        "EL_NAMN": "Malmö               ",
        "SenasteUppdatering": 1567036800000,
        "_statuslager": "Inte aktuella eller återkallade",
        "_lager_id": 12
      }
    },
    {
      "type": "Feature",
      "id": 5553,
      "geometry": {
        "type": "Point",
        "coordinates": [
          14.08777550031363,
          55.46663938253691
        ]
      },
      "properties": {
        "OBJECTID": 5553,
        "VERKID": "1286-V-008-002",
        "OMRID": "1286-V-008",
        "PROJNAMN": "Fröslöv",
        "STATUS": "Inte aktuellt eller återkallat",
        "HANDLINGSTYP": "Tillstånd (Enligt 9 kap. 6 § miljöbalken)",
        "UPPFORT": null,
        "MB_Tillstand_TIDSBEGRANS_DAT": null,
        "TOTALHOJD": 150,
        "NAVHOJD": 110,
        "ROTDIAMETER": 115,
        "MAXEFFEKT": 2,
        "CALPROD": null,
        "FABRIKAT": null,
        "MODELL": "                                                  ",
        "ORGNAMN": "Wede Växt AB",
        "ORGNMR": "556279-4346",
        "PLACERING": "Land",
        "KOMNAMN": "Ystad",
        "LANSNAMN": "Skåne län",
        "EL_NAMN": "Malmö               ",
        "SenasteUppdatering": null,
        "_statuslager": "Inte aktuella eller återkallade",
        "_lager_id": 12
      }
    },
    {
      "type": "Feature",
      "id": 5802,
      "geometry": {
        "type": "Point",
        "coordinates": [
          14.17571986783979,
          55.85432341178012
        ]
      },
      "properties": {
        "OBJECTID": 5802,
        "VERKID": "1290-V-039-004",
        "OMRID": "1290-V-039",
        "PROJNAMN": "Vittskövle",
        "STATUS": "Inte aktuellt eller återkallat",
        "HANDLINGSTYP": "Bygglov (Enligt 9 kap. 2 § Plan och bygglagen)",
        "UPPFORT": null,
        "MB_Tillstand_TIDSBEGRANS_DAT": null,
        "TOTALHOJD": 125,
        "NAVHOJD": 95,
        "ROTDIAMETER": 90,
        "MAXEFFEKT": 1.8,
        "CALPROD": null,
        "FABRIKAT": null,
        "MODELL": "                                                  ",
        "ORGNAMN": "BayWa r.e. Scandinavia AB",
        "ORGNMR": "556885-6503",
        "PLACERING": "Land",
        "KOMNAMN": "Kristianstad",
        "LANSNAMN": "Skåne län",
        "EL_NAMN": "Malmö               ",
        "SenasteUppdatering": null,
        "_statuslager": "Inte aktuella eller återkallade",
        "_lager_id": 12
      }
    }
  ]
}
