{
  "type": "FeatureCollection",
  "features": [
    {
      "type": "Feature",
      "properties": {
        "urval": "Simrishamn kommun",
        "kommunkod": "1291",
        "kalla": "SCB DeSO 2025, upplöst kommungeometri inklusive havsterritorium",
        "antal_deso": 15
      },
      "geometry": {
        "type": "Polygon",
        "coordinates": [
          [
            [
              14.06082649,
              55.6618422
            ],
            [
              14.06137291,
              55.66060631
            ],
            [
              14.06155004,
              55.66014948
            ],
            [
              14.06144016,
              55.65994318
            ],
            [
              14.06120356,
              55.65969179
            ],
            [
              14.06111007,
              55.65938688
            ],
            [
              14.06122307,
              55.65904653
            ],
            [
              14.0610025,
              55.65875025
            ],
            [
              14.06103588,
              55.65847254
            ],
            [
              14.06109984,
              55.65837402
            ],
            [
              14.06176766,
              55.65814213
            ],
            [
              14.06260985,
              55.65794643
            ],
            [
              14.06418188,
              55.65775197
            ],
            [
              14.06503862,
              55.65778033
            ],
            [
              14.06622809,
              55.65789881
            ],
            [
              14.06695871,
              55.65777464
            ],
            [
              14.06733949,
              55.65778427
            ],
            [
              14.0678957,
              55.65764179
            ],
            [
              14.06813355,
              55.65768707
            ],
            [
              14.06872143,
              55.65753566
            ],
            [
              14.06973753,
              55.65742083
            ],
            [
              14.06965629,
              55.65483936
            ],
            [
              14.06912368,
              55.65065262
            ],
            [
              14.07131102,
              55.64706398
            ],
            [
              14.07163343,
              55.64640716
            ],
            [
              14.07174282,
              55.64604764
            ],
            [
              14.07191447,
              55.64538268
            ],
            [
              14.07207365,
              55.64431918
            ],
            [
              14.07231491,
              55.64329673
            ],
            [
              14.07241494,
              55.64303363
            ],
            [
              14.07246637,
              55.64286997
            ],
            [
              14.07212361,
              55.64268788
            ],
            [
              14.07191711,
              55.64266143
            ],
            [
              14.07183769,
              55.64263459
            ],
            [
              14.071663,
              55.64262591
            ],
            [
              14.07131309,
              55.64249191
            ],
            [
              14.07051431,
              55.64145171
            ],
            [
              14.06951658,
              55.64006823
            ],
            [
              14.06876858,
              55.63826673
            ],
            [
              14.06813027,
              55.63755843
            ],
            [
              14.06839955,
              55.63745015
            ],
            [
              14.06851002,
              55.6372882
            ],
            [
              14.06846477,
              55.63704753
            ],
            [
              14.06736595,
              55.63681225
            ],
            [
              14.06709415,
              55.63663535
            ],
            [
              14.06689322,
              55.63662385
            ],
            [
              14.06688668,
              55.63653495
            ],
            [
              14.06688047,
              55.63644919
            ],
            [
              14.06753297,
              55.63643699
            ],
            [
              14.06780523,
              55.63639585
            ],
            [
              14.06840984,
              55.63621061
            ],
            [
              14.06855205,
              55.63612957
            ],
            [
              14.06899584,
              55.63593107
            ],
            [
              14.06983589,
              55.63565992
            ],
            [
              14.07029591,
              55.63560519
            ],
            [
              14.07132791,
              55.63582404
            ],
            [
              14.07199399,
              55.63550305
            ],
            [
              14.073214,
              55.63501563
            ],
            [
              14.07427308,
              55.63409737
            ],
            [
              14.07604167,
              55.63218074
            ],
            [
              14.07694285,
              55.63141552
            ],
            [
              14.07732182,
              55.63102855
            ],
            [
              14.0775116,
              55.6309113
            ],
            [
              14.077875,
              55.63055135
            ],
            [
              14.07827166,
              55.63051462
            ],
            [
              14.07839669,
              55.63013715
            ],
            [
              14.07899774,
              55.62972273
            ],
            [
              14.0800269,
              55.62920875
            ],
            [
              14.08132619,
              55.62875697
            ],
            [
              14.08208591,
              55.62831534
            ],
            [
              14.08460371,
              55.62721429
            ],
            [
              14.08484792,
              55.62707524
            ],
            [
              14.08505041,
              55.62697829
            ],
            [
              14.08531589,
              55.62680867
            ],
            [
              14.08610802,
              55.62654649
            ],
            [
              14.08594804,
              55.6262685
            ],
            [
              14.0854353,
              55.62583685
            ],
            [
              14.08592747,
              55.62510428
            ],
            [
              14.08689604,
              55.62497313
            ],
            [
              14.08784739,
              55.62487294
            ],
            [
              14.08823878,
              55.62481224
            ],
            [
              14.08995232,
              55.62416733
            ],
            [
              14.09744385,
              55.62141174
            ],
            [
              14.09995763,
              55.61968173
            ],
            [
              14.10032122,
              55.61946537
            ],
            [
              14.10054229,
              55.61924032
            ],
            [
              14.1022368,
              55.61863472
            ],
            [
              14.10518417,
              55.61791857
            ],
            [
              14.10578697,
              55.61789017
            ],
            [
              14.1062793,
              55.61795198
            ],
            [
              14.10685037,
              55.61795973
            ],
            [
              14.11029092,
              55.61747579
            ],
            [
              14.11135365,
              55.61736077
            ],
            [
              14.11181563,
              55.6172944
            ],
            [
              14.11216912,
              55.61718493
            ],
            [
              14.11253934,
              55.61711735
            ],
            [
              14.11303832,
              55.61706436
            ],
            [
              14.11382621,
              55.61708308
            ],
            [
              14.1162942,
              55.61691968
            ],
            [
              14.11700754,
              55.61698141
            ],
            [
              14.11782175,
              55.61683679
            ],
            [
              14.11793446,
              55.61670347
            ],
            [
              14.12289271,
              55.61536239
            ],
            [
              14.12311412,
              55.61520909
            ],
            [
              14.12295683,
              55.61286537
            ],
            [
              14.1235875,
              55.6122171
            ],
            [
              14.12420482,
              55.61195513
            ],
            [
              14.12445757,
              55.61177492
            ],
            [
              14.12502788,
              55.61166579
            ],
            [
              14.12595018,
              55.61202283
            ],
            [
              14.12615676,
              55.6120402
            ],
            [
              14.12639458,
              55.6120127
            ],
            [
              14.12770842,
              55.61156943
            ],
            [
              14.128513,
              55.61081304
            ],
            [
              14.12911349,
              55.61041634
            ],
            [
              14.12971289,
              55.60988488
            ],
            [
              14.1304411,
              55.60978448
            ],
            [
              14.13118667,
              55.60963883
            ],
            [
              14.13153637,
              55.60975468
            ],
            [
              14.13170975,
              55.60953868
            ],
            [
              14.13170923,
              55.60950274
            ],
            [
              14.13155026,
              55.60944025
            ],
            [
              14.13174004,
              55.609323
            ],
            [
              14.13181841,
              55.60918817
            ],
            [
              14.13210329,
              55.60907968
            ],
            [
              14.13278508,
              55.60900607
            ],
            [
              14.13319781,
              55.60907691
            ],
            [
              14.13330947,
              55.60913053
            ],
            [
              14.13340501,
              55.60922014
            ],
            [
              14.13365891,
              55.60921044
            ],
            [
              14.13384747,
              55.60892257
            ],
            [
              14.13419589,
              55.60882297
            ],
            [
              14.13455952,
              55.60863337
            ],
            [
              14.13486029,
              55.60855185
            ],
            [
              14.13500413,
              55.60873111
            ],
            [
              14.13587668,
              55.60873789
            ],
            [
              14.1357703,
              55.60943871
            ],
            [
              14.13616714,
              55.60948265
            ],
            [
              14.13671899,
              55.61021128
            ],
            [
              14.13861827,
              55.61070689
            ],
            [
              14.13897898,
              55.6114569
            ],
            [
              14.13913283,
              55.61165868
            ],
            [
              14.13925572,
              55.61178559
            ],
            [
              14.13937511,
              55.61182147
            ],
            [
              14.13981839,
              55.61176052
            ],
            [
              14.1402971,
              55.61167224
            ],
            [
              14.14065502,
              55.61161159
            ],
            [
              14.14185652,
              55.61131706
            ],
            [
              14.14230497,
              55.61118678
            ],
            [
              14.15114122,
              55.60919836
            ],
            [
              14.15147767,
              55.60909387
            ],
            [
              14.15170261,
              55.60900631
            ],
            [
              14.15189206,
              55.60903502
            ],
            [
              14.16271625,
              55.6063467
            ],
            [
              14.1618988,
              55.60339561
            ],
            [
              14.16198834,
              55.60319858
            ],
            [
              14.16173772,
              55.60304413
            ],
            [
              14.1615841,
              55.60280959
            ],
            [
              14.16163562,
              55.60262128
            ],
            [
              14.16178325,
              55.60240676
            ],
            [
              14.16197844,
              55.60218349
            ],
            [
              14.16227342,
              55.60175427
            ],
            [
              14.16191554,
              55.60141951
            ],
            [
              14.1616189,
              55.60118389
            ],
            [
              14.16131965,
              55.60108311
            ],
            [
              14.16126046,
              55.60087607
            ],
            [
              14.1610739,
              55.60069521
            ],
            [
              14.16088652,
              55.60055917
            ],
            [
              14.16065418,
              55.60027916
            ],
            [
              14.16049635,
              55.60024214
            ],
            [
              14.16045045,
              55.60016097
            ],
            [
              14.16026179,
              55.60007882
            ],
            [
              14.16007601,
              55.59986193
            ],
            [
              14.15989003,
              55.59965412
            ],
            [
              14.15975035,
              55.59950942
            ],
            [
              14.15964252,
              55.59935595
            ],
            [
              14.15940854,
              55.59916568
            ],
            [
              14.15923655,
              55.59903881
            ],
            [
              14.15914148,
              55.59902918
            ],
            [
              14.15904866,
              55.59892064
            ],
            [
              14.15918212,
              55.59861619
            ],
            [
              14.15918628,
              55.59842755
            ],
            [
              14.15892141,
              55.59820123
            ],
            [
              14.15879705,
              55.5980746
            ],
            [
              14.15888333,
              55.59776083
            ],
            [
              14.1588289,
              55.5973383
            ],
            [
              14.15911746,
              55.59646892
            ],
            [
              14.15970198,
              55.5965987
            ],
            [
              14.16253788,
              55.59240529
            ],
            [
              14.16367597,
              55.59070124
            ],
            [
              14.16398305,
              55.59027632
            ],
            [
              14.16405541,
              55.59020225
            ],
            [
              14.16539352,
              55.58823352
            ],
            [
              14.16543883,
              55.58815737
            ],
            [
              14.16539886,
              55.5877539
            ],
            [
              14.16548156,
              55.58759275
            ],
            [
              14.16545429,
              55.58738602
            ],
            [
              14.16563444,
              55.5871267
            ],
            [
              14.16582801,
              55.58697529
            ],
            [
              14.16610173,
              55.58678858
            ],
            [
              14.16674478,
              55.58639765
            ],
            [
              14.16663487,
              55.586343
            ],
            [
              14.16654192,
              55.58623465
            ],
            [
              14.16628829,
              55.58623292
            ],
            [
              14.16536084,
              55.58656792
            ],
            [
              14.16518627,
              55.58655775
            ],
            [
              14.16512493,
              55.5864585
            ],
            [
              14.16512772,
              55.58633284
            ],
            [
              14.1648142,
              55.58615102
            ],
            [
              14.16450101,
              55.58596022
            ],
            [
              14.1642646,
              55.58588674
            ],
            [
              14.16383724,
              55.58582992
            ],
            [
              14.16358309,
              55.58584624
            ],
            [
              14.16282991,
              55.58545479
            ],
            [
              14.16335092,
              55.58482955
            ],
            [
              14.16423569,
              55.58500628
            ],
            [
              14.16475757,
              55.58509069
            ],
            [
              14.16510293,
              55.58526365
            ],
            [
              14.16560308,
              55.58562642
            ],
            [
              14.16598823,
              55.58542241
            ],
            [
              14.16586261,
              55.58534977
            ],
            [
              14.16612152,
              55.58512693
            ],
            [
              14.16652781,
              55.58467159
            ],
            [
              14.16664889,
              55.58420525
            ],
            [
              14.16667474,
              55.58373834
            ],
            [
              14.16711467,
              55.58328134
            ],
            [
              14.16699914,
              55.58327625
            ],
            [
              14.16667753,
              55.58327954
            ],
            [
              14.16616981,
              55.58328076
            ],
            [
              14.16582461,
              55.58327994
            ],
            [
              14.16555408,
              55.58319401
            ],
            [
              14.16511023,
              55.58306449
            ],
            [
              14.16454884,
              55.58287057
            ],
            [
              14.16400734,
              55.5827075
            ],
            [
              14.16363809,
              55.58258917
            ],
            [
              14.16332618,
              55.58243782
            ],
            [
              14.16293703,
              55.58223446
            ],
            [
              14.16256602,
              55.58206383
            ],
            [
              14.16207138,
              55.58182651
            ],
            [
              14.16155955,
              55.58159823
            ],
            [
              14.16152072,
              55.58139474
            ],
            [
              14.1613788,
              55.58135775
            ],
            [
              14.16106125,
              55.58137363
            ],
            [
              14.16080802,
              55.58133587
            ],
            [
              14.16057178,
              55.58126247
            ],
            [
              14.16022942,
              55.58094569
            ],
            [
              14.15991392,
              55.58087174
            ],
            [
              14.15958196,
              55.58081547
            ],
            [
              14.15940623,
              55.58061617
            ],
            [
              14.15909335,
              55.58054242
            ],
            [
              14.15875079,
              55.5804682
            ],
            [
              14.15839849,
              55.58038447
            ],
            [
              14.15823132,
              55.58032978
            ],
            [
              14.15782567,
              55.5801474
            ],
            [
              14.15761,
              55.58003641
            ],
            [
              14.15748938,
              55.58000063
            ],
            [
              14.15716266,
              55.57993235
            ],
            [
              14.15673386,
              55.5798481
            ],
            [
              14.15661202,
              55.57981456
            ],
            [
              14.15649736,
              55.57978151
            ],
            [
              14.15612025,
              55.57964757
            ],
            [
              14.15565585,
              55.57947934
            ],
            [
              14.15539059,
              55.57941201
            ],
            [
              14.1552344,
              55.57938803
            ],
            [
              14.15504036,
              55.57937906
            ],
            [
              14.15494203,
              55.57937721
            ],
            [
              14.15474398,
              55.57942094
            ],
            [
              14.15463214,
              55.579427
            ],
            [
              14.15446882,
              55.57940647
            ],
            [
              14.15427961,
              55.5793978
            ],
            [
              14.15418135,
              55.57941105
            ],
            [
              14.15402476,
              55.5794548
            ],
            [
              14.1537626,
              55.57955361
            ],
            [
              14.15346289,
              55.5796589
            ],
            [
              14.15317602,
              55.5797632
            ],
            [
              14.1528706,
              55.57981176
            ],
            [
              14.15274064,
              55.57986962
            ],
            [
              14.15267237,
              55.57999088
            ],
            [
              14.15251242,
              55.58025696
            ],
            [
              14.15239292,
              55.58041812
            ],
            [
              14.15202819,
              55.58040823
            ],
            [
              14.15168939,
              55.58041487
            ],
            [
              14.15119346,
              55.58044746
            ],
            [
              14.15092785,
              55.5804573
            ],
            [
              14.15074219,
              55.58042907
            ],
            [
              14.15048085,
              55.5803986
            ],
            [
              14.15016739,
              55.58036426
            ],
            [
              14.14989707,
              55.58034397
            ],
            [
              14.14964181,
              55.58032243
            ],
            [
              14.14940543,
              55.58026869
            ],
            [
              14.14914098,
              55.58021241
            ],
            [
              14.14884421,
              55.58013892
            ],
            [
              14.14856365,
              55.58004175
            ],
            [
              14.14835764,
              55.57995065
            ],
            [
              14.14817286,
              55.57991227
            ],
            [
              14.14781038,
              55.57982898
            ],
            [
              14.14756128,
              55.57984315
            ],
            [
              14.14735537,
              55.57983273
            ],
            [
              14.14713453,
              55.5797684
            ],
            [
              14.14697913,
              55.57962357
            ],
            [
              14.1466752,
              55.57955479
            ],
            [
              14.14641432,
              55.57946709
            ],
            [
              14.14623437,
              55.57932712
            ],
            [
              14.14582731,
              55.57907435
            ],
            [
              14.14563629,
              55.57896844
            ],
            [
              14.14537,
              55.57884701
            ],
            [
              14.14524075,
              55.57880568
            ],
            [
              14.1458685,
              55.57850253
            ],
            [
              14.14608819,
              55.57840847
            ],
            [
              14.14617364,
              55.5783583
            ],
            [
              14.14641785,
              55.57823737
            ],
            [
              14.1466618,
              55.57811015
            ],
            [
              14.14633142,
              55.57791083
            ],
            [
              14.1457509,
              55.57758156
            ],
            [
              14.1432029,
              55.57606685
            ],
            [
              14.14120293,
              55.57490028
            ],
            [
              14.14049184,
              55.57449928
            ],
            [
              14.14032228,
              55.57466996
            ],
            [
              14.13946738,
              55.5754931
            ],
            [
              14.13809393,
              55.57455737
            ],
            [
              14.1387981,
              55.57354658
            ],
            [
              14.13807715,
              55.57312025
            ],
            [
              14.13821678,
              55.57246548
            ],
            [
              14.13822275,
              55.57215117
            ],
            [
              14.1381974,
              55.57182774
            ],
            [
              14.13829263,
              55.57100196
            ],
            [
              14.13905023,
              55.56954242
            ],
            [
              14.13967315,
              55.56848613
            ],
            [
              14.14050066,
              55.56750297
            ],
            [
              14.14081385,
              55.56688499
            ],
            [
              14.14086117,
              55.56607702
            ],
            [
              14.14091157,
              55.56585277
            ],
            [
              14.14185655,
              55.56438923
            ],
            [
              14.1420163,
              55.56433653
            ],
            [
              14.1429179,
              55.56444157
            ],
            [
              14.14326793,
              55.5643991
            ],
            [
              14.14420611,
              55.5628337
            ],
            [
              14.14479819,
              55.56186773
            ],
            [
              14.14586071,
              55.560411
            ],
            [
              14.14696791,
              55.56054449
            ],
            [
              14.14712473,
              55.55988983
            ],
            [
              14.14875342,
              55.55937117
            ],
            [
              14.14901726,
              55.55830578
            ],
            [
              14.15068902,
              55.55515569
            ],
            [
              14.15049866,
              55.55508411
            ],
            [
              14.15045099,
              55.5549854
            ],
            [
              14.15074053,
              55.5546824
            ],
            [
              14.15020702,
              55.55438169
            ],
            [
              14.14983953,
              55.55418382
            ],
            [
              14.14962059,
              55.55407431
            ],
            [
              14.14942383,
              55.55403342
            ],
            [
              14.14862346,
              55.5539241
            ],
            [
              14.14840495,
              55.55398214
            ],
            [
              14.14794523,
              55.55377618
            ],
            [
              14.14775503,
              55.55374044
            ],
            [
              14.14754908,
              55.5537497
            ],
            [
              14.14702675,
              55.55387589
            ],
            [
              14.14659894,
              55.55357913
            ],
            [
              14.1462482,
              55.55332109
            ],
            [
              14.14579868,
              55.55296524
            ],
            [
              14.14524781,
              55.55257589
            ],
            [
              14.14514911,
              55.55249219
            ],
            [
              14.14505903,
              55.5524266
            ],
            [
              14.14452765,
              55.55199525
            ],
            [
              14.14427563,
              55.55183303
            ],
            [
              14.14406439,
              55.5517136
            ],
            [
              14.14377429,
              55.55167986
            ],
            [
              14.14361002,
              55.55147423
            ],
            [
              14.14329747,
              55.55131923
            ],
            [
              14.14285347,
              55.55108406
            ],
            [
              14.14250562,
              55.55106168
            ],
            [
              14.1415532,
              55.55068792
            ],
            [
              14.14134209,
              55.55055087
            ],
            [
              14.14119127,
              55.55024445
            ],
            [
              14.14111469,
              55.5501361
            ],
            [
              14.1409431,
              55.550027
            ],
            [
              14.14078602,
              55.54997199
            ],
            [
              14.14054903,
              55.54994329
            ],
            [
              14.14042416,
              55.54986146
            ],
            [
              14.14045846,
              55.54976297
            ],
            [
              14.1405581,
              55.54957518
            ],
            [
              14.14051169,
              55.5476173
            ],
            [
              14.13697481,
              55.54748517
            ],
            [
              14.13697797,
              55.54735897
            ],
            [
              14.13701152,
              55.54703874
            ],
            [
              14.13707019,
              55.54662732
            ],
            [
              14.13715045,
              55.54614966
            ],
            [
              14.13721685,
              55.54569553
            ],
            [
              14.13721021,
              55.54556916
            ],
            [
              14.13711427,
              55.54546832
            ],
            [
              14.13682704,
              55.54530018
            ],
            [
              14.13644366,
              55.54504736
            ],
            [
              14.13655267,
              55.54501668
            ],
            [
              14.1365831,
              55.54505319
            ],
            [
              14.13705093,
              55.54492343
            ],
            [
              14.13675295,
              55.54488836
            ],
            [
              14.13650173,
              55.54495586
            ],
            [
              14.13653904,
              55.5450005
            ],
            [
              14.13642349,
              55.54503149
            ],
            [
              14.13629841,
              55.54493044
            ],
            [
              14.13611847,
              55.54480474
            ],
            [
              14.13603086,
              55.54473548
            ],
            [
              14.13598868,
              55.54469817
            ],
            [
              14.13596183,
              55.54464129
            ],
            [
              14.13580943,
              55.5441893
            ],
            [
              14.13573557,
              55.54393426
            ],
            [
              14.1357118,
              55.54370131
            ],
            [
              14.1357214,
              55.54342467
            ],
            [
              14.1357746,
              55.54334652
            ],
            [
              14.13619504,
              55.5429098
            ],
            [
              14.1363877,
              55.54268152
            ],
            [
              14.13654119,
              55.54254137
            ],
            [
              14.13665649,
              55.54243222
            ],
            [
              14.13691447,
              55.54217467
            ],
            [
              14.13698595,
              55.54209728
            ],
            [
              14.13733817,
              55.54182664
            ],
            [
              14.13781044,
              55.54149207
            ],
            [
              14.13837343,
              55.54108985
            ],
            [
              14.13014419,
              55.53893616
            ],
            [
              14.13143545,
              55.53671922
            ],
            [
              14.1303369,
              55.53566917
            ],
            [
              14.12986602,
              55.53107716
            ],
            [
              14.13122446,
              55.52869908
            ],
            [
              14.13178397,
              55.52722173
            ],
            [
              14.13257535,
              55.52597971
            ],
            [
              14.13270412,
              55.52526233
            ],
            [
              14.1330194,
              55.5240526
            ],
            [
              14.13382258,
              55.52245873
            ],
            [
              14.13388653,
              55.52228247
            ],
            [
              14.13403208,
              55.52192961
            ],
            [
              14.13406058,
              55.521845
            ],
            [
              14.13414359,
              55.52174065
            ],
            [
              14.13421485,
              55.52161232
            ],
            [
              14.13430165,
              55.52143038
            ],
            [
              14.13453937,
              55.52089444
            ],
            [
              14.13594811,
              55.51901061
            ],
            [
              14.13404479,
              55.51850223
            ],
            [
              14.13489984,
              55.51723368
            ],
            [
              14.13565427,
              55.5174549
            ],
            [
              14.1368892,
              55.51618929
            ],
            [
              14.13530335,
              55.51565639
            ],
            [
              14.13302827,
              55.51482194
            ],
            [
              14.13204141,
              55.51440132
            ],
            [
              14.1316489,
              55.5142636
            ],
            [
              14.13003035,
              55.51377532
            ],
            [
              14.12804765,
              55.51329315
            ],
            [
              14.12745412,
              55.51309378
            ],
            [
              14.12474222,
              55.51204547
            ],
            [
              14.12227639,
              55.51074246
            ],
            [
              14.11808742,
              55.50871131
            ],
            [
              14.1167755,
              55.50812714
            ],
            [
              14.11607979,
              55.50792024
            ],
            [
              14.11486264,
              55.507345
            ],
            [
              14.11285639,
              55.50597027
            ],
            [
              14.11088415,
              55.5051774
            ],
            [
              14.1059258,
              55.50437558
            ],
            [
              14.10544013,
              55.50435882
            ],
            [
              14.10474401,
              55.50431349
            ],
            [
              14.10417456,
              55.50432406
            ],
            [
              14.10375766,
              55.5043087
            ],
            [
              14.10362374,
              55.50429604
            ],
            [
              14.10145095,
              55.50406108
            ],
            [
              14.09840238,
              55.50341158
            ],
            [
              14.09655394,
              55.50245865
            ],
            [
              14.09589039,
              55.50209906
            ],
            [
              14.09385361,
              55.50066108
            ],
            [
              14.09314282,
              55.50027462
            ],
            [
              14.09274755,
              55.50016658
            ],
            [
              14.09230576,
              55.49977123
            ],
            [
              14.09089998,
              55.49900702
            ],
            [
              14.09047327,
              55.49889901
            ],
            [
              14.08928822,
              55.49838636
            ],
            [
              14.0871225,
              55.49795373
            ],
            [
              14.08662095,
              55.49784299
            ],
            [
              14.08675963,
              55.49760333
            ],
            [
              14.08741005,
              55.49696635
            ],
            [
              14.08771149,
              55.49662539
            ],
            [
              14.08867878,
              55.49579113
            ],
            [
              14.08926512,
              55.49540557
            ],
            [
              14.08945587,
              55.49504654
            ],
            [
              14.07946547,
              55.48798181
            ],
            [
              14.0793547,
              55.48800865
            ],
            [
              14.07864544,
              55.48741566
            ],
            [
              14.07771596,
              55.48672639
            ],
            [
              14.07619844,
              55.4854939
            ],
            [
              14.0733765,
              55.4832451
            ],
            [
              14.07380733,
              55.48203341
            ],
            [
              14.07420918,
              55.47998668
            ],
            [
              14.07455862,
              55.47943931
            ],
            [
              14.07560901,
              55.47835978
            ],
            [
              14.07617637,
              55.47784261
            ],
            [
              14.07727462,
              55.47694402
            ],
            [
              14.07771369,
              55.47662282
            ],
            [
              14.07778855,
              55.47655124
            ],
            [
              14.07776912,
              55.47642244
            ],
            [
              14.07722494,
              55.47620047
            ],
            [
              14.07916419,
              55.47277228
            ],
            [
              14.08133067,
              55.4725317
            ],
            [
              14.08268893,
              55.4729008
            ],
            [
              14.0830702,
              55.47227269
            ],
            [
              14.08680548,
              55.46922933
            ],
            [
              14.08740409,
              55.46934044
            ],
            [
              14.08870536,
              55.46958821
            ],
            [
              14.08880297,
              55.46961482
            ],
            [
              14.08998265,
              55.47079838
            ],
            [
              14.0902714,
              55.47084014
            ],
            [
              14.0903768,
              55.47102124
            ],
            [
              14.09055049,
              55.4711201
            ],
            [
              14.09075592,
              55.47113825
            ],
            [
              14.09107208,
              55.47111149
            ],
            [
              14.0914989,
              55.4710939
            ],
            [
              14.09192619,
              55.47095952
            ],
            [
              14.09227403,
              55.47088789
            ],
            [
              14.09255865,
              55.47088812
            ],
            [
              14.09281123,
              55.47096016
            ],
            [
              14.09290586,
              55.47107693
            ],
            [
              14.09290399,
              55.47121492
            ],
            [
              14.09294131,
              55.47122023
            ],
            [
              14.09361364,
              55.47150929
            ],
            [
              14.09468176,
              55.47199704
            ],
            [
              14.09440464,
              55.47216435
            ],
            [
              14.09453049,
              55.47241585
            ],
            [
              14.09464071,
              55.47254164
            ],
            [
              14.09486217,
              55.4725148
            ],
            [
              14.09505195,
              55.47247011
            ],
            [
              14.09522572,
              55.47251506
            ],
            [
              14.0953835,
              55.47263185
            ],
            [
              14.09538251,
              55.47289158
            ],
            [
              14.0955838,
              55.47308497
            ],
            [
              14.09699646,
              55.47336942
            ],
            [
              14.09811209,
              55.47360288
            ],
            [
              14.09883297,
              55.47374547
            ],
            [
              14.09945411,
              55.47395479
            ],
            [
              14.10028065,
              55.47422977
            ],
            [
              14.10153765,
              55.47461068
            ],
            [
              14.1021572,
              55.47481638
            ],
            [
              14.10229874,
              55.47489118
            ],
            [
              14.10230146,
              55.47500674
            ],
            [
              14.10231694,
              55.47512347
            ],
            [
              14.10247478,
              55.47520432
            ],
            [
              14.10266459,
              55.47520445
            ],
            [
              14.10262359,
              55.47506292
            ],
            [
              14.10328845,
              55.47542806
            ],
            [
              14.10343456,
              55.47550271
            ],
            [
              14.10354875,
              55.47564496
            ],
            [
              14.10365913,
              55.47577074
            ],
            [
              14.10384885,
              55.47579782
            ],
            [
              14.10405443,
              55.47575306
            ],
            [
              14.10429376,
              55.47568653
            ],
            [
              14.10445375,
              55.47555212
            ],
            [
              14.10475917,
              55.47548823
            ],
            [
              14.10479796,
              55.47553802
            ],
            [
              14.10474484,
              55.47575209
            ],
            [
              14.10521165,
              55.47588874
            ],
            [
              14.10601871,
              55.47616946
            ],
            [
              14.10666109,
              55.47686765
            ],
            [
              14.10645449,
              55.4769576
            ],
            [
              14.10624888,
              55.47703821
            ],
            [
              14.10612208,
              55.47718185
            ],
            [
              14.10607423,
              55.47730755
            ],
            [
              14.10618464,
              55.47741526
            ],
            [
              14.10645324,
              55.47751426
            ],
            [
              14.10676951,
              55.47747856
            ],
            [
              14.10697518,
              55.47740684
            ],
            [
              14.10718073,
              55.47739792
            ],
            [
              14.10730812,
              55.47742454
            ],
            [
              14.10767047,
              55.47757785
            ],
            [
              14.1079076,
              55.47756897
            ],
            [
              14.1081449,
              55.4775062
            ],
            [
              14.10833477,
              55.47743454
            ],
            [
              14.10852444,
              55.4774706
            ],
            [
              14.108619,
              55.47758727
            ],
            [
              14.10857137,
              55.47768602
            ],
            [
              14.1083814,
              55.47778472
            ],
            [
              14.10823884,
              55.47791036
            ],
            [
              14.10812789,
              55.47798206
            ],
            [
              14.10807813,
              55.47802473
            ],
            [
              14.10847172,
              55.47819911
            ],
            [
              14.10869639,
              55.47831466
            ],
            [
              14.10912277,
              55.47853932
            ],
            [
              14.10970707,
              55.47879109
            ],
            [
              14.11024429,
              55.47894404
            ],
            [
              14.11076583,
              55.47903408
            ],
            [
              14.11180826,
              55.47951053
            ],
            [
              14.11441679,
              55.4796376
            ],
            [
              14.11702481,
              55.47998014
            ],
            [
              14.1179732,
              55.48011536
            ],
            [
              14.12017082,
              55.48018822
            ],
            [
              14.12024932,
              55.48041267
            ],
            [
              14.12232081,
              55.48031497
            ],
            [
              14.12800218,
              55.47743541
            ],
            [
              14.13045649,
              55.47754684
            ],
            [
              14.13482173,
              55.47775916
            ],
            [
              14.13897739,
              55.47797038
            ],
            [
              14.13906867,
              55.47778074
            ],
            [
              14.14033646,
              55.47573405
            ],
            [
              14.1388985,
              55.47534751
            ],
            [
              14.13907298,
              55.47490761
            ],
            [
              14.13948476,
              55.47443191
            ],
            [
              14.13886889,
              55.47405464
            ],
            [
              14.13915458,
              55.4732646
            ],
            [
              14.13991456,
              55.47256459
            ],
            [
              14.14004097,
              55.47256458
            ],
            [
              14.14027812,
              55.47252878
            ],
            [
              14.14057866,
              55.4724211
            ],
            [
              14.1408794,
              55.47217875
            ],
            [
              14.14152833,
              55.47162233
            ],
            [
              14.14186049,
              55.47143392
            ],
            [
              14.14391633,
              55.47091375
            ],
            [
              14.14453357,
              55.47033032
            ],
            [
              14.14496418,
              55.46979849
            ],
            [
              14.14562614,
              55.46893694
            ],
            [
              14.14500848,
              55.46874001
            ],
            [
              14.14406148,
              55.46840501
            ],
            [
              14.14226546,
              55.46766948
            ],
            [
              14.14096265,
              55.4674264
            ],
            [
              14.13937649,
              55.46702507
            ],
            [
              14.13886382,
              55.46689128
            ],
            [
              14.13824457,
              55.46675827
            ],
            [
              14.13639871,
              55.46639613
            ],
            [
              14.13373574,
              55.46588651
            ],
            [
              14.1311689,
              55.46565215
            ],
            [
              14.12906522,
              55.4652878
            ],
            [
              14.13285818,
              55.45829361
            ],
            [
              14.13470921,
              55.4549943
            ],
            [
              14.13439312,
              55.45493007
            ],
            [
              14.13336328,
              55.4520346
            ],
            [
              14.1330187,
              55.45108279
            ],
            [
              14.13425108,
              55.45103249
            ],
            [
              14.13486695,
              55.4507657
            ],
            [
              14.13622292,
              55.44876971
            ],
            [
              14.13749762,
              55.4490052
            ],
            [
              14.13874988,
              55.44925408
            ],
            [
              14.13943113,
              55.44939471
            ],
            [
              14.13992508,
              55.44858708
            ],
            [
              14.14030054,
              55.44780737
            ],
            [
              14.14061623,
              55.44685662
            ],
            [
              14.14100952,
              55.44487098
            ],
            [
              14.14171077,
              55.44396714
            ],
            [
              14.1423821,
              55.44307719
            ],
            [
              14.14638281,
              55.4375694
            ],
            [
              14.14685183,
              55.436955
            ],
            [
              14.16446457,
              55.42950969
            ],
            [
              14.16536575,
              55.4280647
            ],
            [
              14.16805996,
              55.42697447
            ],
            [
              14.16957588,
              55.42633916
            ],
            [
              14.17005986,
              55.42629258
            ],
            [
              14.17041738,
              55.42630525
            ],
            [
              14.17076408,
              55.42633698
            ],
            [
              14.17128639,
              55.42632632
            ],
            [
              14.1719043,
              55.42629906
            ],
            [
              14.17204654,
              55.42630101
            ],
            [
              14.17300017,
              55.42618869
            ],
            [
              14.1732034,
              55.42585962
            ],
            [
              14.1746248,
              55.42552054
            ],
            [
              14.1748946,
              55.42549738
            ],
            [
              14.17607594,
              55.42484095
            ],
            [
              14.17664127,
              55.42455277
            ],
            [
              14.17711393,
              55.42420951
            ],
            [
              14.17769377,
              55.42393086
            ],
            [
              14.18205217,
              55.42249725
            ],
            [
              14.18265117,
              55.42214601
            ],
            [
              14.18310924,
              55.42148927
            ],
            [
              14.18400649,
              55.42074282
            ],
            [
              14.18430148,
              55.42057624
            ],
            [
              14.18470002,
              55.42019545
            ],
            [
              14.18550734,
              55.41956213
            ],
            [
              14.18732089,
              55.41753647
            ],
            [
              14.18791417,
              55.4172548
            ],
            [
              14.1888158,
              55.41672379
            ],
            [
              14.18921967,
              55.41650464
            ],
            [
              14.18950869,
              55.41655076
            ],
            [
              14.19061401,
              55.41625531
            ],
            [
              14.19128449,
              55.41603091
            ],
            [
              14.19261409,
              55.41567816
            ],
            [
              14.19336691,
              55.41547146
            ],
            [
              14.19626443,
              55.41503925
            ],
            [
              14.19733762,
              55.41504558
            ],
            [
              14.19916683,
              55.41507742
            ],
            [
              14.20232483,
              55.41491352
            ],
            [
              14.20337028,
              55.41479024
            ],
            [
              14.20395271,
              55.4143211
            ],
            [
              14.20434161,
              55.4139992
            ],
            [
              14.20442434,
              55.41395285
            ],
            [
              14.20491734,
              55.41359021
            ],
            [
              14.20497717,
              55.41350345
            ],
            [
              14.20533645,
              55.41306672
            ],
            [
              14.2056559,
              55.41259515
            ],
            [
              14.20574033,
              55.41239912
            ],
            [
              14.20585531,
              55.4119785
            ],
            [
              14.20592153,
              55.4116643
            ],
            [
              14.20667235,
              55.41020411
            ],
            [
              14.20747522,
              55.40867192
            ],
            [
              14.20761523,
              55.40842396
            ],
            [
              14.20856889,
              55.40675852
            ],
            [
              14.20881071,
              55.40638777
            ],
            [
              14.20928181,
              55.40551746
            ],
            [
              14.21001549,
              55.4043298
            ],
            [
              14.2124814,
              55.39994079
            ],
            [
              14.21636979,
              55.39829496
            ],
            [
              14.28608169,
              55.37918178
            ],
            [
              14.35844222,
              55.35927747
            ],
            [
              14.38388009,
              55.35221545
            ],
            [
              14.46002564,
              55.41345585
            ],
            [
              14.58981178,
              55.51729348
            ],
            [
              14.64185981,
              55.55874274
            ],
            [
              14.70172641,
              55.60628328
            ],
            [
              14.69888283,
              55.61240944
            ],
            [
              14.6953385,
              55.61908234
            ],
            [
              14.69138538,
              55.62568043
            ],
            [
              14.68702503,
              55.63219731
            ],
            [
              14.68226522,
              55.63862324
            ],
            [
              14.67710898,
              55.64495092
            ],
            [
              14.67156409,
              55.65117304
            ],
            [
              14.66563716,
              55.65728247
            ],
            [
              14.66399279,
              55.65887339
            ],
            [
              14.6622234,
              55.66058514
            ],
            [
              14.6575697,
              55.66491046
            ],
            [
              14.65549138,
              55.66750865
            ],
            [
              14.65013827,
              55.67378423
            ],
            [
              14.64557468,
              55.67872751
            ],
            [
              14.64270587,
              55.68187668
            ],
            [
              14.63677436,
              55.68798558
            ],
            [
              14.63046683,
              55.69397358
            ],
            [
              14.62747603,
              55.69665388
            ],
            [
              14.62586584,
              55.70183092
            ],
            [
              14.62335928,
              55.70865306
            ],
            [
              14.62043235,
              55.71542182
            ],
            [
              14.61722719,
              55.72186426
            ],
            [
              14.6162878,
              55.72365841
            ],
            [
              14.61252855,
              55.73029492
            ],
            [
              14.60836104,
              55.73685365
            ],
            [
              14.60523244,
              55.7413507
            ],
            [
              14.60188807,
              55.74614621
            ],
            [
              14.59847313,
              55.75091534
            ],
            [
              14.5953305,
              55.75500055
            ],
            [
              14.59199894,
              55.75509213
            ],
            [
              14.20257126,
              55.76516933
            ],
            [
              14.19752634,
              55.76572655
            ],
            [
              14.19583782,
              55.76585369
            ],
            [
              14.1957807,
              55.76596615
            ],
            [
              14.19532293,
              55.76589029
            ],
            [
              14.19520452,
              55.76590291
            ],
            [
              14.19496181,
              55.76592072
            ],
            [
              14.19494833,
              55.76615412
            ],
            [
              14.19497935,
              55.76619861
            ],
            [
              14.19498811,
              55.76621969
            ],
            [
              14.19497448,
              55.76623694
            ],
            [
              14.1949465,
              55.76624916
            ],
            [
              14.19491148,
              55.76625225
            ],
            [
              14.19473974,
              55.76621205
            ],
            [
              14.19440105,
              55.76613589
            ],
            [
              14.19421485,
              55.76608373
            ],
            [
              14.19403595,
              55.76604671
            ],
            [
              14.19395916,
              55.76611215
            ],
            [
              14.19382192,
              55.76622193
            ],
            [
              14.19368821,
              55.7663135
            ],
            [
              14.19358669,
              55.76636754
            ],
            [
              14.19351821,
              55.76638677
            ],
            [
              14.19338883,
              55.76651699
            ],
            [
              14.19329522,
              55.76660154
            ],
            [
              14.19327578,
              55.76661337
            ],
            [
              14.19325239,
              55.76661339
            ],
            [
              14.19321117,
              55.76660468
            ],
            [
              14.19319189,
              55.76659629
            ],
            [
              14.19299837,
              55.76647841
            ],
            [
              14.19284909,
              55.76642011
            ],
            [
              14.19269725,
              55.76640312
            ],
            [
              14.19241167,
              55.76634555
            ],
            [
              14.19238273,
              55.76632757
            ],
            [
              14.19235438,
              55.76630681
            ],
            [
              14.19227621,
              55.76622894
            ],
            [
              14.19215849,
              55.76616987
            ],
            [
              14.19203437,
              55.76607104
            ],
            [
              14.19207474,
              55.76603815
            ],
            [
              14.19213766,
              55.76601431
            ],
            [
              14.19222194,
              55.76595548
            ],
            [
              14.19237253,
              55.76589924
            ],
            [
              14.19241968,
              55.76585625
            ],
            [
              14.19243043,
              55.76582587
            ],
            [
              14.1924249,
              55.7657819
            ],
            [
              14.19238252,
              55.76573994
            ],
            [
              14.19232002,
              55.76571841
            ],
            [
              14.19224271,
              55.76570695
            ],
            [
              14.19216822,
              55.7657123
            ],
            [
              14.19186935,
              55.76581445
            ],
            [
              14.19178639,
              55.76526967
            ],
            [
              14.19171908,
              55.76510527
            ],
            [
              14.19143041,
              55.76468329
            ],
            [
              14.19116108,
              55.76444426
            ],
            [
              14.18933591,
              55.76371048
            ],
            [
              14.18898395,
              55.76373052
            ],
            [
              14.18849466,
              55.76366207
            ],
            [
              14.18600458,
              55.76316929
            ],
            [
              14.18476254,
              55.76301354
            ],
            [
              14.1842048,
              55.76300786
            ],
            [
              14.183649,
              55.76309195
            ],
            [
              14.18261981,
              55.76340349
            ],
            [
              14.1820265,
              55.76368415
            ],
            [
              14.18173162,
              55.7638465
            ],
            [
              14.18090389,
              55.76398698
            ],
            [
              14.18051924,
              55.76429372
            ],
            [
              14.18027275,
              55.76456663
            ],
            [
              14.17980163,
              55.76434024
            ],
            [
              14.17897488,
              55.76425835
            ],
            [
              14.17836943,
              55.76439607
            ],
            [
              14.17825864,
              55.76447115
            ],
            [
              14.17798672,
              55.76454651
            ],
            [
              14.17743768,
              55.76457634
            ],
            [
              14.17672709,
              55.76470742
            ],
            [
              14.17596342,
              55.76471901
            ],
            [
              14.17587757,
              55.76469562
            ],
            [
              14.17575947,
              55.76471199
            ],
            [
              14.17562172,
              55.76475634
            ],
            [
              14.17539389,
              55.7648973
            ],
            [
              14.1747484,
              55.76489467
            ],
            [
              14.17437283,
              55.7649615
            ],
            [
              14.17422953,
              55.76503232
            ],
            [
              14.1739923,
              55.76536861
            ],
            [
              14.17385748,
              55.76550444
            ],
            [
              14.17370142,
              55.76559439
            ],
            [
              14.1735122,
              55.76576067
            ],
            [
              14.17356266,
              55.76597213
            ],
            [
              14.17347697,
              55.76606561
            ],
            [
              14.17322206,
              55.76627394
            ],
            [
              14.17301949,
              55.76630716
            ],
            [
              14.17219596,
              55.76632013
            ],
            [
              14.17152086,
              55.76638035
            ],
            [
              14.17113941,
              55.76639512
            ],
            [
              14.17096304,
              55.76641324
            ],
            [
              14.17031007,
              55.76653299
            ],
            [
              14.16975634,
              55.76650967
            ],
            [
              14.16903956,
              55.76627349
            ],
            [
              14.16869856,
              55.76607346
            ],
            [
              14.16775559,
              55.76586332
            ],
            [
              14.16750846,
              55.76579804
            ],
            [
              14.16732158,
              55.76574216
            ],
            [
              14.16662214,
              55.76555145
            ],
            [
              14.16650172,
              55.76549772
            ],
            [
              14.1662029,
              55.76520013
            ],
            [
              14.16626684,
              55.76516615
            ],
            [
              14.16652152,
              55.76503752
            ],
            [
              14.16665652,
              55.76477126
            ],
            [
              14.1663424,
              55.7645015
            ],
            [
              14.16554794,
              55.7642443
            ],
            [
              14.16504763,
              55.76401648
            ],
            [
              14.16428411,
              55.76378814
            ],
            [
              14.16377683,
              55.76373905
            ],
            [
              14.16302074,
              55.76377217
            ],
            [
              14.162485,
              55.76386779
            ],
            [
              14.16213407,
              55.76335503
            ],
            [
              14.16209285,
              55.76314471
            ],
            [
              14.16177255,
              55.76309734
            ],
            [
              14.16156875,
              55.76302866
            ],
            [
              14.16072436,
              55.76305551
            ],
            [
              14.16069597,
              55.76303725
            ],
            [
              14.16063071,
              55.76293709
            ],
            [
              14.16064762,
              55.7629143
            ],
            [
              14.16084854,
              55.76284775
            ],
            [
              14.16091268,
              55.76279851
            ],
            [
              14.16090081,
              55.76276959
            ],
            [
              14.16097743,
              55.76215113
            ],
            [
              14.16106882,
              55.76177515
            ],
            [
              14.16083789,
              55.75999657
            ],
            [
              14.1545273,
              55.76099212
            ],
            [
              14.15010195,
              55.76169414
            ],
            [
              14.1488007,
              55.76110407
            ],
            [
              14.14755059,
              55.76139959
            ],
            [
              14.14729674,
              55.76144626
            ],
            [
              14.14709903,
              55.76147381
            ],
            [
              14.14703478,
              55.76148514
            ],
            [
              14.14659921,
              55.76133226
            ],
            [
              14.14641125,
              55.76123222
            ],
            [
              14.14618698,
              55.7611579
            ],
            [
              14.14604151,
              55.7611276
            ],
            [
              14.14562276,
              55.76100529
            ],
            [
              14.14513015,
              55.76088903
            ],
            [
              14.14405307,
              55.76063978
            ],
            [
              14.14383261,
              55.76088386
            ],
            [
              14.14365042,
              55.76111447
            ],
            [
              14.14335116,
              55.76139205
            ],
            [
              14.14307922,
              55.761586
            ],
            [
              14.14295065,
              55.76148628
            ],
            [
              14.14296903,
              55.76143942
            ],
            [
              14.14334294,
              55.76113155
            ],
            [
              14.14352715,
              55.76100679
            ],
            [
              14.14356135,
              55.7609693
            ],
            [
              14.14361038,
              55.76078888
            ],
            [
              14.14357211,
              55.76075403
            ],
            [
              14.14345483,
              55.7607091
            ],
            [
              14.14345878,
              55.760697
            ],
            [
              14.14358233,
              55.76070172
            ],
            [
              14.14363848,
              55.7606996
            ],
            [
              14.14375206,
              55.76068566
            ],
            [
              14.14385061,
              55.76064394
            ],
            [
              14.14388086,
              55.76056491
            ],
            [
              14.1439523,
              55.76046497
            ],
            [
              14.14412175,
              55.76014381
            ],
            [
              14.14410879,
              55.75993754
            ],
            [
              14.14411334,
              55.75969995
            ],
            [
              14.14423506,
              55.75969217
            ],
            [
              14.14397742,
              55.75942051
            ],
            [
              14.14357282,
              55.75908475
            ],
            [
              14.14332232,
              55.75885912
            ],
            [
              14.14211196,
              55.7590158
            ],
            [
              14.14161617,
              55.75908197
            ],
            [
              14.13971849,
              55.75931935
            ],
            [
              14.13955243,
              55.75932358
            ],
            [
              14.13932312,
              55.75931856
            ],
            [
              14.13831264,
              55.75921068
            ],
            [
              14.13804193,
              55.7591759
            ],
            [
              14.13796872,
              55.7591646
            ],
            [
              14.13753072,
              55.7591247
            ],
            [
              14.13730031,
              55.75910951
            ],
            [
              14.13704294,
              55.75908354
            ],
            [
              14.13685416,
              55.75906973
            ],
            [
              14.13652717,
              55.75903653
            ],
            [
              14.13631592,
              55.75900504
            ],
            [
              14.13606722,
              55.75897328
            ],
            [
              14.13593863,
              55.75895908
            ],
            [
              14.13576499,
              55.75894394
            ],
            [
              14.13559685,
              55.75892344
            ],
            [
              14.13395868,
              55.75878056
            ],
            [
              14.1341321,
              55.7585385
            ],
            [
              14.13403337,
              55.75839865
            ],
            [
              14.13316749,
              55.75789861
            ],
            [
              14.13214548,
              55.7574131
            ],
            [
              14.13166143,
              55.75737689
            ],
            [
              14.13144774,
              55.75734942
            ],
            [
              14.13118408,
              55.75722259
            ],
            [
              14.13103581,
              55.75713682
            ],
            [
              14.1306659,
              55.75696073
            ],
            [
              14.13062258,
              55.75688792
            ],
            [
              14.13042648,
              55.75674297
            ],
            [
              14.12999207,
              55.75649589
            ],
            [
              14.1294795,
              55.75628357
            ],
            [
              14.12881208,
              55.75602181
            ],
            [
              14.1281334,
              55.75579384
            ],
            [
              14.12739145,
              55.75538134
            ],
            [
              14.12709718,
              55.7550968
            ],
            [
              14.12677135,
              55.75466101
            ],
            [
              14.12568684,
              55.75392246
            ],
            [
              14.12539113,
              55.75379773
            ],
            [
              14.12498055,
              55.75365115
            ],
            [
              14.12405625,
              55.75334064
            ],
            [
              14.12389567,
              55.75327751
            ],
            [
              14.1233739,
              55.75315071
            ],
            [
              14.12241195,
              55.75379311
            ],
            [
              14.12208299,
              55.75407285
            ],
            [
              14.12196137,
              55.75411169
            ],
            [
              14.12146664,
              55.75413179
            ],
            [
              14.12146317,
              55.75493501
            ],
            [
              14.12148263,
              55.75517996
            ],
            [
              14.12158955,
              55.75587733
            ],
            [
              14.12160888,
              55.75615112
            ],
            [
              14.12078245,
              55.7561497
            ],
            [
              14.11895571,
              55.75623095
            ],
            [
              14.11801865,
              55.75627013
            ],
            [
              14.1168031,
              55.75630057
            ],
            [
              14.1164938,
              55.75626547
            ],
            [
              14.11581474,
              55.75630137
            ],
            [
              14.11512361,
              55.75630718
            ],
            [
              14.11462728,
              55.7562984
            ],
            [
              14.1140478,
              55.75641011
            ],
            [
              14.11356743,
              55.75647349
            ],
            [
              14.11252033,
              55.7568446
            ],
            [
              14.11212048,
              55.75608168
            ],
            [
              14.11228195,
              55.75508141
            ],
            [
              14.1110021,
              55.75475162
            ],
            [
              14.11013097,
              55.75465475
            ],
            [
              14.1093239,
              55.7547047
            ],
            [
              14.10856553,
              55.75492362
            ],
            [
              14.1082736,
              55.75518769
            ],
            [
              14.10781229,
              55.75586137
            ],
            [
              14.10744241,
              55.75643131
            ],
            [
              14.10650343,
              55.75719728
            ],
            [
              14.10631513,
              55.75734711
            ],
            [
              14.1061851,
              55.75709219
            ],
            [
              14.10601228,
              55.75713388
            ],
            [
              14.10577135,
              55.75712
            ],
            [
              14.1055957,
              55.75713633
            ],
            [
              14.10538088,
              55.75713557
            ],
            [
              14.10522974,
              55.75702801
            ],
            [
              14.10503923,
              55.75688414
            ],
            [
              14.1050872,
              55.75680328
            ],
            [
              14.10513548,
              55.75666869
            ],
            [
              14.10513579,
              55.75655199
            ],
            [
              14.10500887,
              55.75640805
            ],
            [
              14.10481797,
              55.75632697
            ],
            [
              14.10457915,
              55.75635353
            ],
            [
              14.10436924,
              55.75630519
            ],
            [
              14.10428032,
              55.75623492
            ],
            [
              14.104213,
              55.75620272
            ],
            [
              14.10409282,
              55.75621208
            ],
            [
              14.10377989,
              55.7562443
            ],
            [
              14.10321268,
              55.75629505
            ],
            [
              14.10311579,
              55.75631474
            ],
            [
              14.10309927,
              55.75626745
            ],
            [
              14.10302377,
              55.75403252
            ],
            [
              14.10303827,
              55.75259898
            ],
            [
              14.10302835,
              55.75208665
            ],
            [
              14.10097073,
              55.75081674
            ],
            [
              14.09980658,
              55.75005923
            ],
            [
              14.09296123,
              55.74980685
            ],
            [
              14.09449656,
              55.74778835
            ],
            [
              14.09564689,
              55.74656863
            ],
            [
              14.09642405,
              55.74568638
            ],
            [
              14.09677591,
              55.74526771
            ],
            [
              14.09806759,
              55.74380797
            ],
            [
              14.0996735,
              55.74197616
            ],
            [
              14.10031,
              55.74208486
            ],
            [
              14.10136026,
              55.74215813
            ],
            [
              14.10170974,
              55.74236525
            ],
            [
              14.10127552,
              55.74381055
            ],
            [
              14.10132149,
              55.74437642
            ],
            [
              14.10152413,
              55.74524143
            ],
            [
              14.10969765,
              55.74878856
            ],
            [
              14.11062388,
              55.74783785
            ],
            [
              14.11085173,
              55.74619464
            ],
            [
              14.11211592,
              55.74395107
            ],
            [
              14.11467218,
              55.74073029
            ],
            [
              14.11537602,
              55.73948282
            ],
            [
              14.11507876,
              55.73766827
            ],
            [
              14.11343101,
              55.73724268
            ],
            [
              14.11181571,
              55.73770896
            ],
            [
              14.11089245,
              55.73774361
            ],
            [
              14.10942799,
              55.73732226
            ],
            [
              14.10848983,
              55.73722724
            ],
            [
              14.10818603,
              55.73793754
            ],
            [
              14.10842425,
              55.73809955
            ],
            [
              14.10863023,
              55.73841413
            ],
            [
              14.1081521,
              55.73866499
            ],
            [
              14.10686274,
              55.73862733
            ],
            [
              14.10633642,
              55.73906668
            ],
            [
              14.10521862,
              55.74021468
            ],
            [
              14.09990472,
              55.73943497
            ],
            [
              14.10008329,
              55.73831257
            ],
            [
              14.09974919,
              55.73824921
            ],
            [
              14.09595676,
              55.73951909
            ],
            [
              14.09275439,
              55.74041247
            ],
            [
              14.09244753,
              55.74049951
            ],
            [
              14.09092815,
              55.74086802
            ],
            [
              14.09000224,
              55.74103501
            ],
            [
              14.08933272,
              55.74117361
            ],
            [
              14.08826897,
              55.74085245
            ],
            [
              14.08798474,
              55.74086966
            ],
            [
              14.08802777,
              55.74070288
            ],
            [
              14.08813786,
              55.74056678
            ],
            [
              14.08820082,
              55.7404351
            ],
            [
              14.08811409,
              55.7403412
            ],
            [
              14.08804339,
              55.74025272
            ],
            [
              14.08780483,
              55.74015356
            ],
            [
              14.08758278,
              55.73993774
            ],
            [
              14.08750415,
              55.73972199
            ],
            [
              14.08750515,
              55.73938079
            ],
            [
              14.08712456,
              55.73904789
            ],
            [
              14.08899153,
              55.73639074
            ],
            [
              14.09125304,
              55.73660271
            ],
            [
              14.09330999,
              55.73661009
            ],
            [
              14.09425323,
              55.73657374
            ],
            [
              14.09524422,
              55.73651735
            ],
            [
              14.0972375,
              55.73640947
            ],
            [
              14.09757851,
              55.7363941
            ],
            [
              14.10189347,
              55.73615018
            ],
            [
              14.10262201,
              55.73612936
            ],
            [
              14.10263655,
              55.73612551
            ],
            [
              14.10314426,
              55.73578163
            ],
            [
              14.10315987,
              55.73577654
            ],
            [
              14.10512835,
              55.73524601
            ],
            [
              14.10747616,
              55.73460062
            ],
            [
              14.10859629,
              55.73423897
            ],
            [
              14.10870551,
              55.73420599
            ],
            [
              14.10903816,
              55.73413581
            ],
            [
              14.11013133,
              55.73415011
            ],
            [
              14.11078542,
              55.73416212
            ],
            [
              14.11148237,
              55.73417184
            ],
            [
              14.11171667,
              55.73417659
            ],
            [
              14.11257417,
              55.73424648
            ],
            [
              14.11326688,
              55.734322
            ],
            [
              14.11353965,
              55.73434985
            ],
            [
              14.11421866,
              55.73416653
            ],
            [
              14.11440101,
              55.73412787
            ],
            [
              14.11526619,
              55.73396907
            ],
            [
              14.11690285,
              55.73359489
            ],
            [
              14.11807896,
              55.73338943
            ],
            [
              14.11894101,
              55.73327496
            ],
            [
              14.11975485,
              55.73321288
            ],
            [
              14.12145299,
              55.73315613
            ],
            [
              14.12180251,
              55.73315198
            ],
            [
              14.12249285,
              55.73312232
            ],
            [
              14.12337957,
              55.73300135
            ],
            [
              14.12399493,
              55.73287152
            ],
            [
              14.12442646,
              55.73275295
            ],
            [
              14.12436437,
              55.73202482
            ],
            [
              14.1259763,
              55.73186812
            ],
            [
              14.12667211,
              55.73180371
            ],
            [
              14.1274286,
              55.72974297
            ],
            [
              14.12750207,
              55.72946894
            ],
            [
              14.12751679,
              55.72942143
            ],
            [
              14.12744663,
              55.72866979
            ],
            [
              14.12739748,
              55.72817721
            ],
            [
              14.12781984,
              55.72804896
            ],
            [
              14.12805122,
              55.72800622
            ],
            [
              14.12838484,
              55.72799493
            ],
            [
              14.12854,
              55.72802577
            ],
            [
              14.12883535,
              55.72803496
            ],
            [
              14.12886974,
              55.72835377
            ],
            [
              14.12895737,
              55.72848107
            ],
            [
              14.12911551,
              55.7285909
            ],
            [
              14.12937616,
              55.72870217
            ],
            [
              14.12957555,
              55.72872218
            ],
            [
              14.12986149,
              55.72869995
            ],
            [
              14.1300278,
              55.72861344
            ],
            [
              14.13015788,
              55.72839686
            ],
            [
              14.13015875,
              55.72836938
            ],
            [
              14.1301515,
              55.72827643
            ],
            [
              14.12989653,
              55.72801607
            ],
            [
              14.13024464,
              55.72788405
            ],
            [
              14.13041319,
              55.72776198
            ],
            [
              14.1305332,
              55.72762591
            ],
            [
              14.13071595,
              55.72746694
            ],
            [
              14.13093352,
              55.72733021
            ],
            [
              14.13111686,
              55.72727473
            ],
            [
              14.13140737,
              55.72729484
            ],
            [
              14.13178591,
              55.72724685
            ],
            [
              14.13210008,
              55.72706436
            ],
            [
              14.13229735,
              55.72672383
            ],
            [
              14.1325821,
              55.72654715
            ],
            [
              14.13287563,
              55.72649577
            ],
            [
              14.13324113,
              55.72645513
            ],
            [
              14.13355047,
              55.72638347
            ],
            [
              14.13358804,
              55.72647735
            ],
            [
              14.13387979,
              55.7263282
            ],
            [
              14.13407986,
              55.72616296
            ],
            [
              14.1344516,
              55.72569797
            ],
            [
              14.13599329,
              55.72520653
            ],
            [
              14.13614562,
              55.72532386
            ],
            [
              14.13636561,
              55.72537994
            ],
            [
              14.13647679,
              55.72538674
            ],
            [
              14.13658181,
              55.72531569
            ],
            [
              14.13669269,
              55.72519375
            ],
            [
              14.1368164,
              55.72515617
            ],
            [
              14.13665212,
              55.72490796
            ],
            [
              14.13782073,
              55.72434102
            ],
            [
              14.13908641,
              55.72357962
            ],
            [
              14.13948648,
              55.72354127
            ],
            [
              14.1401581,
              55.72225778
            ],
            [
              14.14050457,
              55.72202976
            ],
            [
              14.14049879,
              55.72213753
            ],
            [
              14.14057234,
              55.72225555
            ],
            [
              14.14059949,
              55.72234594
            ],
            [
              14.14061065,
              55.72243595
            ],
            [
              14.14059049,
              55.72251657
            ],
            [
              14.14014207,
              55.72348909
            ],
            [
              14.1402842,
              55.72350939
            ],
            [
              14.14050704,
              55.72351302
            ],
            [
              14.14079234,
              55.72353568
            ],
            [
              14.14106462,
              55.72357181
            ],
            [
              14.14133944,
              55.72363545
            ],
            [
              14.14161342,
              55.72371984
            ],
            [
              14.14178977,
              55.72379591
            ],
            [
              14.14196868,
              55.7239232
            ],
            [
              14.14172393,
              55.72402049
            ],
            [
              14.14184033,
              55.72414861
            ],
            [
              14.14210171,
              55.72417253
            ],
            [
              14.14238723,
              55.72416797
            ],
            [
              14.14278457,
              55.7240809
            ],
            [
              14.14320668,
              55.72381541
            ],
            [
              14.14334273,
              55.7236878
            ],
            [
              14.14360152,
              55.72363831
            ],
            [
              14.14385799,
              55.72366507
            ],
            [
              14.14410075,
              55.7236761
            ],
            [
              14.144284,
              55.72365303
            ],
            [
              14.14473255,
              55.72364331
            ],
            [
              14.14489065,
              55.72359958
            ],
            [
              14.14502653,
              55.72347916
            ],
            [
              14.14522739,
              55.72353949
            ],
            [
              14.14541621,
              55.72382047
            ],
            [
              14.14562659,
              55.7243288
            ],
            [
              14.14568656,
              55.72448015
            ],
            [
              14.14583068,
              55.72463208
            ],
            [
              14.14607341,
              55.724729
            ],
            [
              14.14625044,
              55.7247208
            ],
            [
              14.14636445,
              55.72468835
            ],
            [
              14.14638699,
              55.72451538
            ],
            [
              14.14641942,
              55.72434698
            ],
            [
              14.14644455,
              55.72426001
            ],
            [
              14.14651842,
              55.72415973
            ],
            [
              14.14668002,
              55.72418439
            ],
            [
              14.14703352,
              55.72423491
            ],
            [
              14.14751012,
              55.72440208
            ],
            [
              14.14782012,
              55.72458122
            ],
            [
              14.1479197,
              55.72457822
            ],
            [
              14.14803492,
              55.72450814
            ],
            [
              14.14816726,
              55.72441149
            ],
            [
              14.14829553,
              55.72428481
            ],
            [
              14.14831898,
              55.72416028
            ],
            [
              14.14841018,
              55.72391511
            ],
            [
              14.14858733,
              55.72376181
            ],
            [
              14.14875877,
              55.72366014
            ],
            [
              14.14902406,
              55.72361966
            ],
            [
              14.14939364,
              55.72365501
            ],
            [
              14.14961819,
              55.72376087
            ],
            [
              14.14983848,
              55.72380938
            ],
            [
              14.15002819,
              55.72383953
            ],
            [
              14.15018679,
              55.72385114
            ],
            [
              14.15038082,
              55.7237913
            ],
            [
              14.15052883,
              55.72370383
            ],
            [
              14.15058013,
              55.72363277
            ],
            [
              14.1505855,
              55.723464
            ],
            [
              14.15037652,
              55.72337864
            ],
            [
              14.15022257,
              55.72324938
            ],
            [
              14.15000849,
              55.72305402
            ],
            [
              14.15015161,
              55.72296257
            ],
            [
              14.15036287,
              55.72287033
            ],
            [
              14.15043327,
              55.72272357
            ],
            [
              14.15031331,
              55.72260164
            ],
            [
              14.15008976,
              55.72250387
            ],
            [
              14.14995821,
              55.72239552
            ],
            [
              14.14998755,
              55.72228989
            ],
            [
              14.1501803,
              55.72213122
            ],
            [
              14.14787185,
              55.72242885
            ],
            [
              14.14525474,
              55.72223333
            ],
            [
              14.14382119,
              55.72138668
            ],
            [
              14.14289014,
              55.72085526
            ],
            [
              14.14268379,
              55.72053722
            ],
            [
              14.14236958,
              55.71892296
            ],
            [
              14.13952658,
              55.71878638
            ],
            [
              14.1391513,
              55.71865447
            ],
            [
              14.13825117,
              55.7185187
            ],
            [
              14.13753766,
              55.71845709
            ],
            [
              14.13718954,
              55.71841548
            ],
            [
              14.13667409,
              55.71853287
            ],
            [
              14.1348984,
              55.71838688
            ],
            [
              14.13442569,
              55.71838795
            ],
            [
              14.13387468,
              55.71839763
            ],
            [
              14.13207801,
              55.71836959
            ],
            [
              14.13126711,
              55.71824311
            ],
            [
              14.13042358,
              55.7183144
            ],
            [
              14.12945389,
              55.71807997
            ],
            [
              14.12880182,
              55.71797159
            ],
            [
              14.12819823,
              55.71771953
            ],
            [
              14.12484412,
              55.71697094
            ],
            [
              14.12366755,
              55.71676329
            ],
            [
              14.12180586,
              55.71675278
            ],
            [
              14.12079069,
              55.71606894
            ],
            [
              14.11907298,
              55.7159146
            ],
            [
              14.11757729,
              55.71586837
            ],
            [
              14.11611539,
              55.71583127
            ],
            [
              14.11324925,
              55.71591851
            ],
            [
              14.11326566,
              55.71581972
            ],
            [
              14.10968529,
              55.71591519
            ],
            [
              14.10960655,
              55.71573548
            ],
            [
              14.10903364,
              55.71571695
            ],
            [
              14.10846108,
              55.71567147
            ],
            [
              14.10706213,
              55.71543644
            ],
            [
              14.10629863,
              55.71535488
            ],
            [
              14.10526471,
              55.71532687
            ],
            [
              14.10554213,
              55.71385328
            ],
            [
              14.10554373,
              55.71354766
            ],
            [
              14.1052158,
              55.7122532
            ],
            [
              14.10417457,
              55.71206638
            ],
            [
              14.10353144,
              55.71185569
            ],
            [
              14.10275459,
              55.71170735
            ],
            [
              14.10178027,
              55.71157436
            ],
            [
              14.10062053,
              55.71144603
            ],
            [
              14.1000509,
              55.71140206
            ],
            [
              14.09947749,
              55.71132266
            ],
            [
              14.09905616,
              55.71125031
            ],
            [
              14.09874324,
              55.71120632
            ],
            [
              14.09848631,
              55.71118737
            ],
            [
              14.09834953,
              55.71116552
            ],
            [
              14.0980986,
              55.71113125
            ],
            [
              14.098302,
              55.71085334
            ],
            [
              14.09846269,
              55.71056587
            ],
            [
              14.0991354,
              55.70963198
            ],
            [
              14.09979302,
              55.70853618
            ],
            [
              14.09987415,
              55.70826663
            ],
            [
              14.09992309,
              55.70797015
            ],
            [
              14.10002479,
              55.70670299
            ],
            [
              14.09676958,
              55.70557632
            ],
            [
              14.09589545,
              55.70541365
            ],
            [
              14.09564234,
              55.70513473
            ],
            [
              14.09527785,
              55.70488283
            ],
            [
              14.09437387,
              55.70436057
            ],
            [
              14.09237507,
              55.70327098
            ],
            [
              14.09180394,
              55.70299176
            ],
            [
              14.09120029,
              55.70284732
            ],
            [
              14.09045321,
              55.7027657
            ],
            [
              14.09062955,
              55.70247826
            ],
            [
              14.0907263,
              55.70224467
            ],
            [
              14.09083963,
              55.70186737
            ],
            [
              14.09090449,
              55.70163373
            ],
            [
              14.09112824,
              55.70140037
            ],
            [
              14.09139976,
              55.70121192
            ],
            [
              14.09151189,
              55.70105032
            ],
            [
              14.09155997,
              55.7009514
            ],
            [
              14.09151295,
              55.70083453
            ],
            [
              14.09073886,
              55.69982718
            ],
            [
              14.09043794,
              55.69959316
            ],
            [
              14.09013614,
              55.69952094
            ],
            [
              14.08964317,
              55.69951145
            ],
            [
              14.08902299,
              55.69946579
            ],
            [
              14.08835562,
              55.69938421
            ],
            [
              14.08803785,
              55.69929399
            ],
            [
              14.08706997,
              55.69884352
            ],
            [
              14.08635518,
              55.69872591
            ],
            [
              14.08487635,
              55.69861643
            ],
            [
              14.0843994,
              55.69860686
            ],
            [
              14.08400111,
              55.69872329
            ],
            [
              14.08373111,
              55.69867797
            ],
            [
              14.08357278,
              55.69852505
            ],
            [
              14.08333493,
              55.69838995
            ],
            [
              14.08309732,
              55.69822799
            ],
            [
              14.08265252,
              55.69812863
            ],
            [
              14.0821756,
              55.69810108
            ],
            [
              14.0818733,
              55.69811867
            ],
            [
              14.08160203,
              55.6982621
            ],
            [
              14.08118824,
              55.69830662
            ],
            [
              14.08056791,
              55.6983239
            ],
            [
              14.08053766,
              55.69808119
            ],
            [
              14.08044366,
              55.69779345
            ],
            [
              14.08014522,
              55.69711014
            ],
            [
              14.07959345,
              55.6962377
            ],
            [
              14.07899298,
              55.69551807
            ],
            [
              14.07858159,
              55.69514907
            ],
            [
              14.0777103,
              55.69452793
            ],
            [
              14.07660142,
              55.69378067
            ],
            [
              14.07477971,
              55.69248431
            ],
            [
              14.07424756,
              55.69202185
            ],
            [
              14.07276523,
              55.69081408
            ],
            [
              14.07116632,
              55.6902458
            ],
            [
              14.06921389,
              55.68960788
            ],
            [
              14.06904001,
              55.68947315
            ],
            [
              14.06825046,
              55.68870271
            ],
            [
              14.06796362,
              55.68824936
            ],
            [
              14.06791722,
              55.68814318
            ],
            [
              14.06759064,
              55.68766841
            ],
            [
              14.06750889,
              55.68733888
            ],
            [
              14.0673464,
              55.68696373
            ],
            [
              14.06686848,
              55.68627921
            ],
            [
              14.06684007,
              55.68575926
            ],
            [
              14.06684139,
              55.6855442
            ],
            [
              14.06672786,
              55.68494742
            ],
            [
              14.0666274,
              55.68455083
            ],
            [
              14.06642126,
              55.68420813
            ],
            [
              14.06591862,
              55.68334688
            ],
            [
              14.06595256,
              55.68297942
            ],
            [
              14.06694316,
              55.68212943
            ],
            [
              14.0671025,
              55.68205796
            ],
            [
              14.06879361,
              55.68090422
            ],
            [
              14.06963584,
              55.68086955
            ],
            [
              14.07017709,
              55.6806911
            ],
            [
              14.07060745,
              55.68044972
            ],
            [
              14.07148611,
              55.67966236
            ],
            [
              14.071933,
              55.67933126
            ],
            [
              14.07393937,
              55.67855438
            ],
            [
              14.07411575,
              55.67827676
            ],
            [
              14.07441978,
              55.6779187
            ],
            [
              14.07458132,
              55.67752454
            ],
            [
              14.07464709,
              55.67716612
            ],
            [
              14.07496773,
              55.67666471
            ],
            [
              14.07602044,
              55.67598491
            ],
            [
              14.07734285,
              55.67487554
            ],
            [
              14.06757743,
              55.67528061
            ],
            [
              14.06082649,
              55.6618422
            ]
          ]
        ]
      }
    }
  ]
}
