{"type":"FeatureCollection","features":[{"type":"Feature","properties":{"id":33,"klass":"9"},"geometry":{"type":"LineString","coordinates":[[13.103441733514844,61.16411779846493],[13.102907885697443,61.163593535548955]]}},{"type":"Feature","properties":{"id":34,"klass":"9"},"geometry":{"type":"LineString","coordinates":[[13.102907885697443,61.163593535548955],[13.105157659365803,61.16297560322653],[13.105318937713614,61.16231037225319],[13.105067754870134,61.16213998350904],[13.1044723795676,61.162104588733925]]}},{"type":"Feature","properties":{"id":35,"klass":"9"},"geometry":{"type":"LineString","coordinates":[[13.101943981870644,61.1631650948549],[13.102489812359554,61.1623158370238],[13.103026667862077,61.16223767238388],[13.103869287500833,61.16235321150848],[13.1044723795676,61.162104588733925],[13.104185383467664,61.16175329109916],[13.103424547285064,61.16167498278568],[13.102683083595787,61.16111886527814]]}},{"type":"Feature","properties":{"id":36,"klass":"9"},"geometry":{"type":"LineString","coordinates":[[13.174823823072586,61.17844586172069],[13.17528816373226,61.17890836351233],[13.173994907083145,61.17949196710762],[13.173058255049275,61.17949351172665],[13.171762081422516,61.17926479505836]]}},{"type":"Feature","properties":{"id":37,"klass":"9"},"geometry":{"type":"LineString","coordinates":[[13.180480264906775,61.17896360745493],[13.180065651856152,61.179250507716255]]}},{"type":"Feature","properties":{"id":38,"klass":"9"},"geometry":{"type":"LineString","coordinates":[[13.190264235077647,61.18100460390366],[13.189298410724794,61.181359632024005]]}},{"type":"Feature","properties":{"id":40,"klass":"9"},"geometry":{"type":"LineString","coordinates":[[12.961110509260001,61.1787352059274],[12.96231896236123,61.17914787713795],[12.962056002591122,61.17980248332189],[12.963129923632012,61.180351882419245]]}},{"type":"Feature","properties":{"id":41,"klass":"9"},"geometry":{"type":"LineString","coordinates":[[13.103738424167583,61.16235588621416],[13.10363688440491,61.16264761706199],[13.104009874871183,61.162810698641984]]}},{"type":"Feature","properties":{"id":42,"klass":"9"},"geometry":{"type":"LineString","coordinates":[[13.208525050106113,61.15864220087413],[13.207660562697077,61.15841680539322]]}},{"type":"Feature","properties":{"id":46,"klass":"9"},"geometry":{"type":"LineString","coordinates":[[13.102907885697443,61.163593535548955],[13.10277528196891,61.16315870869149],[13.102244109511608,61.16280044566175]]}},{"type":"Feature","properties":{"id":47,"klass":"9"},"geometry":{"type":"LineString","coordinates":[[13.102907885697443,61.163593535548955],[13.101509126233976,61.16387609267419],[13.101538973277544,61.164156140611595]]}},{"type":"Feature","properties":{"id":48,"klass":"9"},"geometry":{"type":"LineString","coordinates":[[13.20518202816737,61.15970859634775],[13.206327493269065,61.160005189599524],[13.20647641541813,61.160201643967255],[13.205176475994126,61.16087544391714],[13.204413172508128,61.16210929859647],[13.204561967233593,61.16230763017298]]}},{"type":"Feature","properties":{"id":49,"klass":"9"},"geometry":{"type":"LineString","coordinates":[[13.1651106159093,61.16589756740314],[13.163114218016238,61.16615129027478]]}},{"type":"Feature","properties":{"id":50,"klass":"9"},"geometry":{"type":"LineString","coordinates":[[13.206329085963619,61.16000594707087],[13.207998931508712,61.1592130474106],[13.208753146307803,61.1583638932968]]}},{"type":"Feature","properties":{"id":53,"klass":"9"},"geometry":{"type":"LineString","coordinates":[[13.189019231087547,61.179381720831046],[13.186665641927545,61.179504902760875],[13.184841158811603,61.18024167046055],[13.18301103851081,61.18018311653696],[13.181874207414445,61.17981062861107],[13.18087348331161,61.17908492278593],[13.177806435531942,61.177951036815685],[13.17690856882771,61.177818652614896],[13.175601059274317,61.17809765350523],[13.172792459811609,61.17945710279819]]}},{"type":"Feature","properties":{"id":54,"klass":"9"},"geometry":{"type":"LineString","coordinates":[[13.182452652383862,61.18004890433211],[13.180358015177722,61.1809016099367]]}},{"type":"Feature","properties":{"id":55,"klass":"9"},"geometry":{"type":"LineString","coordinates":[[13.182452652383862,61.18004890433211],[13.182888540135583,61.179110534929556]]}},{"type":"Feature","properties":{"id":56,"klass":"9"},"geometry":{"type":"LineString","coordinates":[[13.189199706486551,61.18050654399069],[13.190430040570797,61.18104993312422],[13.19286655729535,61.18107254112986]]}},{"type":"Feature","properties":{"id":57,"klass":"9"},"geometry":{"type":"LineString","coordinates":[[13.19143578440954,61.18104143198019],[13.191430655266418,61.18058074932559],[13.190803661728971,61.18030162437583]]}},{"type":"Feature","properties":{"id":58,"klass":"9"},"geometry":{"type":"LineString","coordinates":[[13.207186030589874,61.15221690032091],[13.206629682394157,61.152037012449135],[13.206936254830845,61.15143782207828],[13.206584848904994,61.15117475515694],[13.204951871018103,61.1510700370502],[13.202742400898765,61.15061975049176],[13.202213013357676,61.1506831846618]]}},{"type":"Feature","properties":{"id":59,"klass":"9"},"geometry":{"type":"LineString","coordinates":[[13.216093623189119,61.14847022692355],[13.214767026692861,61.14841839989935],[13.214193441716137,61.14884423446075]]}},{"type":"Feature","properties":{"id":68,"klass":"8"},"geometry":{"type":"LineString","coordinates":[[13.299967234204487,61.15445265608979],[13.305807142593682,61.154888387803304],[13.307977136792378,61.15478191677326],[13.31322689735168,61.15495722917068],[13.319061315425907,61.15633515720232]]}},{"type":"Feature","properties":{"id":69,"klass":"8"},"geometry":{"type":"LineString","coordinates":[[13.319061315425907,61.15633515720232],[13.320837864892528,61.156455242982446],[13.32259948470394,61.15723310270333],[13.325841426799112,61.15783851931317],[13.327474812627251,61.15790020058213],[13.329158309094367,61.157713454687176],[13.331124638956554,61.156925346062316],[13.33149001139416,61.15569588316108],[13.331824781970726,61.15538098708183],[13.335401135710978,61.15380094098364]]}},{"type":"Feature","properties":{"id":70,"klass":"8"},"geometry":{"type":"LineString","coordinates":[[13.299967234204487,61.15445265608979],[13.298035368086538,61.154267859801756],[13.296786213058649,61.15394061621295],[13.294374135517339,61.15405998449001],[13.29324500711052,61.1539232100051],[13.291296708243827,61.153038347009335],[13.288518286141151,61.15228906060924],[13.2869182598768,61.15133905061704]]}},{"type":"Feature","properties":{"id":75,"klass":"9"},"geometry":{"type":"LineString","coordinates":[[12.919309875276587,61.16004374178044],[12.916900268997534,61.15929187597413],[12.915024125254442,61.15813429377899],[12.91436452131001,61.15709998611363],[12.91433874690291,61.15652218133875],[12.913091398484394,61.15545267177375],[12.91230191783166,61.154078928373195],[12.909399413294967,61.15320481826952],[12.90750459510766,61.15193205955729]]}},{"type":"Feature","properties":{"id":76,"klass":"9"},"geometry":{"type":"LineString","coordinates":[[13.202647981125342,61.1535625563463],[13.200728449592646,61.1534377909605]]}},{"type":"Feature","properties":{"id":80,"klass":"9"},"geometry":{"type":"LineString","coordinates":[[13.204797848801105,61.151043101037665],[13.204186124606094,61.15165221952708],[13.20329906727929,61.151863616886274],[13.201977505895835,61.15141146397533],[13.201739308158032,61.151143162230746]]}},{"type":"Feature","properties":{"id":81,"klass":"9"},"geometry":{"type":"LineString","coordinates":[[13.213329245472693,61.14866143305655],[13.215566219790215,61.14908808540533],[13.216586894360255,61.148939946255965],[13.21745790290039,61.1484295221963]]}},{"type":"Feature","properties":{"id":99,"klass":"8"},"geometry":{"type":"LineString","coordinates":[[13.26807091902016,61.14051424159681],[13.26611380707335,61.14141535201267],[13.263486459984216,61.14215142179457],[13.261864163549008,61.14326048805954],[13.259074697339711,61.14414960048434]]}},{"type":"Feature","properties":{"id":102,"klass":"9"},"geometry":{"type":"LineString","coordinates":[[13.199449540532617,61.164257858591895],[13.200228795474025,61.16411634264618],[13.20033245386754,61.16396233902418],[13.201737584074502,61.16397779046741],[13.203551777187464,61.163511956483404],[13.205193704979223,61.16330226011713]]}},{"type":"Feature","properties":{"id":103,"klass":"9"},"geometry":{"type":"LineString","coordinates":[[13.205193704979223,61.16330226011713],[13.205634997681496,61.1630640963504],[13.205882027006643,61.16310017509625],[13.205873409145944,61.1632535297784],[13.205193704979223,61.16330226011713]]}},{"type":"Feature","properties":{"id":104,"klass":"9"},"geometry":{"type":"LineString","coordinates":[[13.20065344067928,61.1640361749598],[13.200500004396181,61.16416953642048],[13.200228795474025,61.16411634264618]]}},{"type":"Feature","properties":{"id":105,"klass":"9"},"geometry":{"type":"LineString","coordinates":[[13.200385454662653,61.16417276391891],[13.200308589747658,61.16446532687672]]}},{"type":"Feature","properties":{"id":106,"klass":"9"},"geometry":{"type":"LineString","coordinates":[[13.201933377404698,61.163949302617986],[13.202081244123688,61.16440809097134]]}},{"type":"Feature","properties":{"id":107,"klass":"9"},"geometry":{"type":"LineString","coordinates":[[13.20311736867484,61.163632314961475],[13.203472651817865,61.16463572901107]]}},{"type":"Feature","properties":{"id":108,"klass":"9"},"geometry":{"type":"LineString","coordinates":[[13.204677088413103,61.16335582641335],[13.204832459430081,61.16406100664624]]}},{"type":"Feature","properties":{"id":117,"klass":"8"},"geometry":{"type":"LineString","coordinates":[[13.276660901646355,61.14440308501132],[13.277640276547684,61.14469190281672],[13.277871525414815,61.14497789217997],[13.277589414281328,61.146094505095135],[13.278236033265667,61.14624021684721],[13.27959145676311,61.14588474828126],[13.280217748258549,61.14598414327293],[13.281694133099347,61.14727202539871],[13.283186363564473,61.14937761767206],[13.28493576638687,61.15045696444561],[13.2869182598768,61.15133905061704]]}},{"type":"Feature","properties":{"id":138,"klass":"8"},"geometry":{"type":"LineString","coordinates":[[13.294617902674323,61.183467015090976],[13.296265423708599,61.18392557156374],[13.299664525873144,61.184408518256994],[13.300611506099186,61.18481509317916],[13.301176774129724,61.18533582839698],[13.300852406413428,61.18701568154378],[13.301701378524292,61.1875958901902],[13.30749729425175,61.18779063447827],[13.309283652136783,61.18834708042762],[13.31297029467436,61.18893362475057],[13.3151271797717,61.18958321000726]]}},{"type":"Feature","properties":{"id":139,"klass":"8"},"geometry":{"type":"LineString","coordinates":[[13.294694547858498,61.180689067131496],[13.295241444884335,61.18226272942326],[13.294617902674323,61.183467015090976]]}},{"type":"Feature","properties":{"id":140,"klass":"8"},"geometry":{"type":"LineString","coordinates":[[13.27654917225083,61.16890812527048],[13.277373708384369,61.16919203853869],[13.278196516860502,61.16979365862609],[13.280738978805275,61.17108738773597],[13.283224728834078,61.171712194477294],[13.284896795464574,61.172600524726114],[13.28735133440107,61.17494624488281],[13.289445666348035,61.17625792086289],[13.290492287954029,61.1776113310409],[13.29252444001336,61.17851957974934],[13.29372249971783,61.179351260317816],[13.294694547858498,61.180689067131496]]}},{"type":"Feature","properties":{"id":141,"klass":"8"},"geometry":{"type":"LineString","coordinates":[[13.3151271797717,61.18958321000726],[13.316210805707257,61.19007835892038],[13.31666064601133,61.19082500259064],[13.317565752484928,61.19155934999498],[13.319818332710739,61.192343188833554],[13.322412459523592,61.192520842008506],[13.328816147904996,61.19093426192756],[13.32946202911083,61.19090430852553],[13.33107652827303,61.19121549536103]]}},{"type":"Feature","properties":{"id":142,"klass":"8"},"geometry":{"type":"LineString","coordinates":[[13.311621369507247,61.188694827093755],[13.311276793005328,61.19007648223404],[13.310172461689742,61.192014015167544],[13.306482543607348,61.192894135903906]]}},{"type":"Feature","properties":{"id":143,"klass":"8"},"geometry":{"type":"LineString","coordinates":[[13.239434526512659,61.1827583904475],[13.23864003250813,61.182618397263425],[13.238370216168681,61.18225873422809],[13.236541281177434,61.18164363527051],[13.23554795145614,61.18100065355728],[13.228336622964559,61.18072120004475]]}},{"type":"Feature","properties":{"id":144,"klass":"8"},"geometry":{"type":"LineString","coordinates":[[13.228336622964559,61.18072120004475],[13.227263883957619,61.18046796066005],[13.22400382883335,61.17919485825579],[13.221000282106449,61.17881562618327],[13.219803814865726,61.17832103390897],[13.216549126726012,61.178167164979115],[13.214235391626154,61.17849508761349]]}},{"type":"Feature","properties":{"id":145,"klass":"8"},"geometry":{"type":"LineString","coordinates":[[13.231552321004186,61.18941842477375],[13.22982407420336,61.18873093537285],[13.227248534717154,61.18867846052191],[13.225965000396172,61.18836384186472],[13.222997862898893,61.19004524264194],[13.222521531828763,61.18964865078714],[13.22280144708077,61.18892950880972],[13.220242178216171,61.18791786447965],[13.218427467565023,61.18765642941674],[13.215080954692013,61.18857055531259],[13.21425082346584,61.18840038766031],[13.212808696181222,61.187677153092345],[13.211117930072593,61.18748183016252]]}},{"type":"Feature","properties":{"id":146,"klass":"8"},"geometry":{"type":"LineString","coordinates":[[13.217988664124304,61.20103828637721],[13.217310543752715,61.201269165281225],[13.216701771392167,61.201030852492686],[13.216789691153636,61.19858000238387]]}},{"type":"Feature","properties":{"id":147,"klass":"8"},"geometry":{"type":"LineString","coordinates":[[13.216789691153636,61.19858000238387],[13.21512394904131,61.19901304338283],[13.212278357768612,61.199432492213234],[13.209056323415048,61.19956376646082],[13.20830067187801,61.19990667854248],[13.207830689859701,61.201049298777754],[13.207255456005312,61.201493273266045],[13.20492182571844,61.2017032319489],[13.20414505404354,61.20147108586916]]}},{"type":"Feature","properties":{"id":148,"klass":"8"},"geometry":{"type":"LineString","coordinates":[[13.216789691153636,61.19858000238387],[13.214269167883645,61.195703090425006]]}},{"type":"Feature","properties":{"id":149,"klass":"8"},"geometry":{"type":"LineString","coordinates":[[13.20414505404354,61.20147108586916],[13.203857182744015,61.20125703852394]]}},{"type":"Feature","properties":{"id":150,"klass":"8"},"geometry":{"type":"LineString","coordinates":[[13.214269167883645,61.195703090425006],[13.213322801886068,61.195094178023204]]}},{"type":"Feature","properties":{"id":155,"klass":"9"},"geometry":{"type":"LineString","coordinates":[[13.178355093188108,61.16333394060052],[13.179863609133012,61.163055493429795]]}},{"type":"Feature","properties":{"id":167,"klass":"9"},"geometry":{"type":"LineString","coordinates":[[13.240034814736772,61.18534668372429],[13.24079832898474,61.18487513680119],[13.241881767847973,61.184951222532234],[13.242268409493002,61.18460425569274]]}},{"type":"Feature","properties":{"id":168,"klass":"9"},"geometry":{"type":"LineString","coordinates":[[13.243875413936616,61.204253220209665],[13.246322361813904,61.20453451252344],[13.248138352760982,61.20525825825808],[13.248550189409588,61.20573574504298],[13.249184631577501,61.205915209543846],[13.255997671196967,61.20616156698226],[13.258376361459518,61.20556504840596],[13.259141843072603,61.20551861874333],[13.26003233127111,61.20570937663733],[13.260765915390142,61.20622334657937],[13.261717649903067,61.20632609559376],[13.267030224101706,61.206624053797015],[13.2732935627144,61.20659174718955],[13.275731970435412,61.20687798080868],[13.285796700542006,61.207250492601844]]}},{"type":"Feature","properties":{"id":169,"klass":"9"},"geometry":{"type":"LineString","coordinates":[[13.32609908780406,61.16757034474719],[13.326147300256116,61.16693780695905],[13.325622277442328,61.16678130753768],[13.324435619264484,61.16680724886543]]}},{"type":"Feature","properties":{"id":205,"klass":"9"},"geometry":{"type":"LineString","coordinates":[[12.971252751888077,61.18074925153496],[12.971272611236476,61.180607564597466],[12.972163732862068,61.180377097947]]}},{"type":"Feature","properties":{"id":209,"klass":"9"},"geometry":{"type":"LineString","coordinates":[[13.18192456613948,61.149227865251454],[13.182312092494362,61.14839832450053],[13.184421662857993,61.1471055916379],[13.185391450142252,61.14545541200929],[13.185399845003591,61.144452849550554]]}},{"type":"Feature","properties":{"id":228,"klass":"9"},"geometry":{"type":"LineString","coordinates":[[13.172988182883065,61.16270176350863],[13.172275625965767,61.162686835913306],[13.172127108459375,61.162400752788365],[13.173452479367908,61.161717279351805]]}},{"type":"Feature","properties":{"id":234,"klass":"9"},"geometry":{"type":"LineString","coordinates":[[12.961918131119162,61.17828022565304],[12.960960529174702,61.17884416428922],[12.960759621504288,61.17949691876214]]}},{"type":"Feature","properties":{"id":235,"klass":"9"},"geometry":{"type":"LineString","coordinates":[[12.960802977030257,61.1791684736535],[12.958545092354695,61.17932288005446]]}},{"type":"Feature","properties":{"id":236,"klass":"9"},"geometry":{"type":"LineString","coordinates":[[12.968098193482383,61.1805405363807],[12.968856574568902,61.17944543238516],[12.969982939802971,61.17907264497147]]}},{"type":"Feature","properties":{"id":237,"klass":"9"},"geometry":{"type":"LineString","coordinates":[[12.969062776903954,61.18077857413884],[12.969589811558357,61.17984889551622],[12.970965366348546,61.17930548580484]]}},{"type":"Feature","properties":{"id":240,"klass":"8"},"geometry":{"type":"LineString","coordinates":[[13.27342636111112,61.153818285623615],[13.275282661155963,61.15407824391018]]}},{"type":"Feature","properties":{"id":266,"klass":"8"},"geometry":{"type":"LineString","coordinates":[[13.272289556632419,61.15954635538968],[13.272738452741057,61.16026086634486],[13.272241073290154,61.161525116222364]]}},{"type":"Feature","properties":{"id":267,"klass":"8"},"geometry":{"type":"LineString","coordinates":[[13.272289556632419,61.15954635538968],[13.270894638377893,61.16026130870884],[13.270380563461865,61.16035848476512]]}},{"type":"Feature","properties":{"id":268,"klass":"8"},"geometry":{"type":"LineString","coordinates":[[13.27297806595336,61.15893786613359],[13.272289556632419,61.15954635538968]]}},{"type":"Feature","properties":{"id":269,"klass":"8"},"geometry":{"type":"LineString","coordinates":[[13.27383455452339,61.15825648028958],[13.27297806595336,61.15893786613359]]}},{"type":"Feature","properties":{"id":270,"klass":"8"},"geometry":{"type":"LineString","coordinates":[[13.275408192711907,61.157287040881705],[13.274803279403347,61.158310669368326],[13.27383455452339,61.15825648028958]]}},{"type":"Feature","properties":{"id":271,"klass":"8"},"geometry":{"type":"LineString","coordinates":[[13.275408192711907,61.157287040881705],[13.274590646782682,61.1570345860389]]}},{"type":"Feature","properties":{"id":272,"klass":"8"},"geometry":{"type":"LineString","coordinates":[[13.274590646782682,61.1570345860389],[13.27383455452339,61.15825648028958]]}},{"type":"Feature","properties":{"id":273,"klass":"8"},"geometry":{"type":"LineString","coordinates":[[13.274590646782682,61.1570345860389],[13.275186125214413,61.15665735307612]]}},{"type":"Feature","properties":{"id":274,"klass":"8"},"geometry":{"type":"LineString","coordinates":[[13.272687996430095,61.15454687467002],[13.275310990805817,61.15509134611127]]}},{"type":"Feature","properties":{"id":285,"klass":"9"},"geometry":{"type":"LineString","coordinates":[[13.106865603226291,61.162767470319345],[13.107687058727821,61.16325719508948],[13.109113128591988,61.163538632071344],[13.112667312242195,61.16324422209287],[13.113395110848893,61.162872598670305],[13.114029163584732,61.16221486429409],[13.11413479553111,61.16083981926311]]}},{"type":"Feature","properties":{"id":286,"klass":"9"},"geometry":{"type":"LineString","coordinates":[[13.113867661602443,61.1624093898616],[13.114805178131654,61.162836191384145],[13.115305847615465,61.16273662199476]]}},{"type":"Feature","properties":{"id":287,"klass":"9"},"geometry":{"type":"LineString","coordinates":[[13.112581606337224,61.161567851893146],[13.113197346676706,61.16090284342004],[13.115759325730465,61.16078211740339],[13.116835004220032,61.160887520429654]]}},{"type":"Feature","properties":{"id":295,"klass":"9"},"geometry":{"type":"LineString","coordinates":[[13.006981009966363,61.192918449484026],[13.010028473570411,61.19230017406257]]}},{"type":"Feature","properties":{"id":296,"klass":"8"},"geometry":{"type":"LineString","coordinates":[[13.275778429560157,61.16030990058852],[13.277102881546922,61.15947574508684],[13.278619780502076,61.15882476261192],[13.279872079782349,61.15780511827245]]}},{"type":"Feature","properties":{"id":297,"klass":"9"},"geometry":{"type":"LineString","coordinates":[[12.990249199800198,61.177363170198355],[12.990976495896772,61.17674512363918],[12.990917371666903,61.176573291079066],[12.988299229072613,61.17629994564209],[12.988102543010196,61.17663885263678],[12.988779913768536,61.17721782228992]]}},{"type":"Feature","properties":{"id":298,"klass":"9"},"geometry":{"type":"LineString","coordinates":[[12.989604063600565,61.17637573603922],[12.989208872422598,61.17673824331963],[12.98843674130007,61.17697389285983]]}},{"type":"Feature","properties":{"id":299,"klass":"8"},"geometry":{"type":"LineString","coordinates":[[13.275186125214413,61.15665735307612],[13.27821847349833,61.15716266684166],[13.278921763608343,61.15707674909966],[13.279230159881097,61.15683738822003]]}},{"type":"Feature","properties":{"id":300,"klass":"8"},"geometry":{"type":"LineString","coordinates":[[13.277851395107069,61.157114183571224],[13.27747354970549,61.15782431591133]]}},{"type":"Feature","properties":{"id":301,"klass":"9"},"geometry":{"type":"LineString","coordinates":[[12.986695373489642,61.17721824402825],[12.986670056907675,61.17640767043673],[12.98603441619548,61.17620625476103],[12.984278094477716,61.176512713741175],[12.983902070125339,61.17700830630168]]}},{"type":"Feature","properties":{"id":305,"klass":"9"},"geometry":{"type":"LineString","coordinates":[[12.992041076780591,61.179626498335814],[12.99255196039298,61.17933658233692]]}},{"type":"Feature","properties":{"id":306,"klass":"9"},"geometry":{"type":"LineString","coordinates":[[12.99255196039298,61.17933658233692],[12.992270784075298,61.17970321367546]]}},{"type":"Feature","properties":{"id":309,"klass":"2"},"geometry":{"type":"LineString","coordinates":[[12.991115081566992,61.179358753978114],[12.992205422944162,61.17965817652252],[12.992994660549133,61.18016206090169]]}},{"type":"Feature","properties":{"id":310,"klass":"2"},"geometry":{"type":"LineString","coordinates":[[12.992994660549133,61.18016206090169],[12.991860824694161,61.17984452360051],[12.991115081566992,61.179358753978114]]}},{"type":"Feature","properties":{"id":311,"klass":"2"},"geometry":{"type":"LineString","coordinates":[[12.991777094411049,61.179769254441716],[12.991872994936921,61.17965324632156]]}},{"type":"Feature","properties":{"id":312,"klass":"2"},"geometry":{"type":"LineString","coordinates":[[12.99229171461737,61.179755180562275],[12.992155536466143,61.17986138652334]]}},{"type":"Feature","properties":{"id":313,"klass":"8"},"geometry":{"type":"LineString","coordinates":[[12.991829934030042,61.1798286636629],[12.991589219646459,61.17991206139175]]}},{"type":"Feature","properties":{"id":314,"klass":"9"},"geometry":{"type":"LineString","coordinates":[[13.192384373305936,61.160419347689015],[13.18957078623874,61.160778974919104],[13.189409943003074,61.16131958879051]]}},{"type":"Feature","properties":{"id":315,"klass":"9"},"geometry":{"type":"LineString","coordinates":[[13.190505103834795,61.160634794028546],[13.190322032997301,61.160422553548486]]}},{"type":"Feature","properties":{"id":316,"klass":"9"},"geometry":{"type":"LineString","coordinates":[[13.188230742474182,61.16049945313902],[13.188528606502228,61.160700553149965],[13.189543394948277,61.160800897094845]]}},{"type":"Feature","properties":{"id":317,"klass":"9"},"geometry":{"type":"LineString","coordinates":[[12.971275460278745,61.17505901036189],[12.971862644762487,61.17571701309592],[12.972203814519064,61.17697602432813]]}},{"type":"Feature","properties":{"id":318,"klass":"9"},"geometry":{"type":"LineString","coordinates":[[12.99416890195471,61.17767837988855],[12.99459905644389,61.1768248496431],[12.99563173648486,61.17625679814571]]}},{"type":"Feature","properties":{"id":319,"klass":"9"},"geometry":{"type":"LineString","coordinates":[[12.951622463059522,61.17515562097608],[12.951953596838909,61.174501516389284],[12.950547970052938,61.17436007206553]]}},{"type":"Feature","properties":{"id":320,"klass":"9"},"geometry":{"type":"LineString","coordinates":[[12.951953596838909,61.174501516389284],[12.952016409956608,61.17446726216078]]}},{"type":"Feature","properties":{"id":321,"klass":"9"},"geometry":{"type":"LineString","coordinates":[[12.952016409956608,61.17446726216078],[12.952091630757797,61.1742348648962],[12.952780005000772,61.174160148437096],[12.953442884958497,61.174363023881654],[12.952016409956608,61.17446726216078]]}},{"type":"Feature","properties":{"id":322,"klass":"9"},"geometry":{"type":"LineString","coordinates":[[13.163114218016238,61.16615129027478],[13.161095290943857,61.16659754475582]]}},{"type":"Feature","properties":{"id":333,"klass":"9"},"geometry":{"type":"LineString","coordinates":[[13.172988182883065,61.16270176350863],[13.17438933893851,61.16198090494028]]}},{"type":"Feature","properties":{"id":336,"klass":"9"},"geometry":{"type":"LineString","coordinates":[[12.995512661008886,61.17766597881128],[12.99581199760614,61.177126975810275],[12.996641904005399,61.17669637143651]]}},{"type":"Feature","properties":{"id":337,"klass":"9"},"geometry":{"type":"LineString","coordinates":[[13.172054451348416,61.16694313340679],[13.172167996586538,61.16747466476168],[13.170972388621113,61.16819860333094],[13.168426451706544,61.168561173050314],[13.167601239882497,61.168233527028654]]}},{"type":"Feature","properties":{"id":338,"klass":"9"},"geometry":{"type":"LineString","coordinates":[[13.172266940140348,61.167186580299315],[13.17406585263701,61.16744363186939]]}},{"type":"Feature","properties":{"id":339,"klass":"9"},"geometry":{"type":"LineString","coordinates":[[13.172965643820268,61.167243149413565],[13.174013922320547,61.16695910936828]]}},{"type":"Feature","properties":{"id":341,"klass":"9"},"geometry":{"type":"LineString","coordinates":[[12.99682683736667,61.1776712944636],[12.997137647901088,61.177127564104104]]}},{"type":"Feature","properties":{"id":342,"klass":"9"},"geometry":{"type":"LineString","coordinates":[[13.200312508154509,61.167052873569226],[13.20275407160184,61.165610429857864],[13.20348205892322,61.165358334477084],[13.212329445356,61.16480481500434]]}},{"type":"Feature","properties":{"id":343,"klass":"9"},"geometry":{"type":"LineString","coordinates":[[13.218753706464073,61.15355517807971],[13.218730732484126,61.15320746564188],[13.21842019415556,61.15303918693049],[13.21606026319186,61.15295473745107],[13.21492882672291,61.15352891602549]]}},{"type":"Feature","properties":{"id":344,"klass":"9"},"geometry":{"type":"LineString","coordinates":[[13.21606026319186,61.15295473745107],[13.216891902931359,61.15188117162535]]}},{"type":"Feature","properties":{"id":345,"klass":"9"},"geometry":{"type":"LineString","coordinates":[[13.218273258777067,61.15301012373488],[13.218238005772047,61.15258564089235],[13.21875382268492,61.15177422596594]]}},{"type":"Feature","properties":{"id":346,"klass":"9"},"geometry":{"type":"LineString","coordinates":[[13.183120783460888,61.162224925571856],[13.18186659844616,61.16236743588261],[13.181547252972873,61.16226579240501],[13.182821485702362,61.161015104004626],[13.182772668037101,61.16074894275294],[13.180149547145984,61.16144494784278],[13.179236735622844,61.16138953067973],[13.179266155131726,61.16103812148268],[13.180519063521633,61.160436555152124]]}},{"type":"Feature","properties":{"id":347,"klass":"9"},"geometry":{"type":"LineString","coordinates":[[13.207982468786435,61.15503873456943],[13.207838922274362,61.15645056222146]]}},{"type":"Feature","properties":{"id":348,"klass":"7"},"geometry":{"type":"LineString","coordinates":[[13.269985782784559,61.15226675659231],[13.270567984648121,61.152445561632334],[13.270554559347728,61.15262329959683]]}},{"type":"Feature","properties":{"id":349,"klass":"9"},"geometry":{"type":"LineString","coordinates":[[13.175410155512353,61.16511897141462],[13.17585309603488,61.164860539830606]]}},{"type":"Feature","properties":{"id":350,"klass":"9"},"geometry":{"type":"LineString","coordinates":[[13.16670723868347,61.16688513246284],[13.167294133706461,61.16665017611333]]}},{"type":"Feature","properties":{"id":351,"klass":"9"},"geometry":{"type":"LineString","coordinates":[[12.948909526380204,61.18179384868695],[12.949600601306567,61.181608086815054],[12.949081467934144,61.1810990896461]]}},{"type":"Feature","properties":{"id":352,"klass":"9"},"geometry":{"type":"LineString","coordinates":[[12.968802872057587,61.18300412091634],[12.969731170488151,61.1823749730749]]}},{"type":"Feature","properties":{"id":356,"klass":"9"},"geometry":{"type":"LineString","coordinates":[[13.189646129737675,61.15984670912173],[13.189206012284547,61.15921344526703]]}},{"type":"Feature","properties":{"id":357,"klass":"9"},"geometry":{"type":"LineString","coordinates":[[13.27086501596425,61.152241374199654],[13.270554559347728,61.15262329959683]]}},{"type":"Feature","properties":{"id":358,"klass":"9"},"geometry":{"type":"LineString","coordinates":[[13.27086501596425,61.152241374199654],[13.271015029047854,61.15203495758057]]}},{"type":"Feature","properties":{"id":359,"klass":"9"},"geometry":{"type":"LineString","coordinates":[[13.115305847615465,61.16273662199476],[13.117252414637342,61.1630308951938],[13.118663018654473,61.16300702753893]]}},{"type":"Feature","properties":{"id":360,"klass":"9"},"geometry":{"type":"LineString","coordinates":[[13.109709329488226,61.160769217810405],[13.109012926989525,61.16064193717914],[13.108881025577151,61.16033327301501],[13.106923828813184,61.16034349308972]]}},{"type":"Feature","properties":{"id":361,"klass":"9"},"geometry":{"type":"LineString","coordinates":[[13.132058785555483,61.16190865200786],[13.133111286353603,61.162316158053706],[13.134021887365304,61.16228147928917]]}},{"type":"Feature","properties":{"id":362,"klass":"9"},"geometry":{"type":"LineString","coordinates":[[13.168654964063732,61.165011318767576],[13.168911517494129,61.16482947553367],[13.170179697126294,61.16480886407409]]}},{"type":"Feature","properties":{"id":363,"klass":"9"},"geometry":{"type":"LineString","coordinates":[[13.186615285523672,61.16359360549819],[13.18743395375188,61.16332257833832]]}},{"type":"Feature","properties":{"id":364,"klass":"9"},"geometry":{"type":"LineString","coordinates":[[13.21527900640014,61.16501172694715],[13.216259383409025,61.164823919617284],[13.218223680079017,61.16477668457617]]}},{"type":"Feature","properties":{"id":365,"klass":"8"},"geometry":{"type":"LineString","coordinates":[[13.088623543851428,61.16961460541946],[13.088762123195426,61.16976974894068],[13.087980006175963,61.1703295221344]]}},{"type":"Feature","properties":{"id":366,"klass":"9"},"geometry":{"type":"LineString","coordinates":[[12.942766879096117,61.18316702386878],[12.943330652583997,61.183417925408044],[12.943197992738071,61.18356095850929]]}},{"type":"Feature","properties":{"id":367,"klass":"9"},"geometry":{"type":"LineString","coordinates":[[13.040228534242798,61.17799798998288],[13.03876642192128,61.178395820104775]]}},{"type":"Feature","properties":{"id":368,"klass":"9"},"geometry":{"type":"LineString","coordinates":[[13.151424267659385,61.16050187596342],[13.151677028194639,61.16065977836119],[13.151536095554006,61.16123594431723]]}},{"type":"Feature","properties":{"id":369,"klass":"9"},"geometry":{"type":"LineString","coordinates":[[12.952619768631314,61.176485685447034],[12.953916859239781,61.17675055942374]]}},{"type":"Feature","properties":{"id":370,"klass":"9"},"geometry":{"type":"LineString","coordinates":[[12.954397049605145,61.17724870283174],[12.954911638094472,61.17686165740034],[12.954336708825632,61.17680080206076]]}},{"type":"Feature","properties":{"id":371,"klass":"9"},"geometry":{"type":"LineString","coordinates":[[13.206623282861296,61.15645322671599],[13.20547108092271,61.156214628302436],[13.205464221839764,61.155846202577564],[13.206363209647295,61.15577501917541]]}},{"type":"Feature","properties":{"id":372,"klass":"9"},"geometry":{"type":"LineString","coordinates":[[13.221544861521455,61.15401910386968],[13.220811687786846,61.15289892603754]]}},{"type":"Feature","properties":{"id":373,"klass":"9"},"geometry":{"type":"LineString","coordinates":[[13.175192821089809,61.16507247005129],[13.175317291790014,61.16524065743697]]}},{"type":"Feature","properties":{"id":374,"klass":"9"},"geometry":{"type":"LineString","coordinates":[[13.17706429555572,61.16515805172849],[13.17666930935632,61.1646658117146],[13.176152635484158,61.16454168715346]]}},{"type":"Feature","properties":{"id":375,"klass":"9"},"geometry":{"type":"LineString","coordinates":[[12.948948090756486,61.18184074658418],[12.948201473282069,61.18193190454745],[12.94779532973704,61.181698590165794]]}},{"type":"Feature","properties":{"id":376,"klass":"9"},"geometry":{"type":"LineString","coordinates":[[13.025726405914401,61.182741025629696],[13.024800568417943,61.18238049775442],[13.022628721754446,61.181954732340564],[13.019282193304928,61.18192007924359]]}},{"type":"Feature","properties":{"id":378,"klass":"9"},"geometry":{"type":"LineString","coordinates":[[13.205675688512244,61.153867504122815],[13.204512963463646,61.15437512540851],[13.20334543342093,61.154655109556394]]}},{"type":"Feature","properties":{"id":379,"klass":"9"},"geometry":{"type":"LineString","coordinates":[[13.20334543342093,61.154655109556394],[13.205544221782313,61.153666322863415]]}},{"type":"Feature","properties":{"id":380,"klass":"9"},"geometry":{"type":"LineString","coordinates":[[12.953726328609402,61.177697661710994],[12.952431863758852,61.17802451294063],[12.950654608118152,61.17792918839558]]}},{"type":"Feature","properties":{"id":381,"klass":"9"},"geometry":{"type":"LineString","coordinates":[[13.195921755965973,61.16382562165758],[13.195256778173258,61.16527435653062]]}},{"type":"Feature","properties":{"id":382,"klass":"9"},"geometry":{"type":"LineString","coordinates":[[13.277255909205964,61.16265980541174],[13.27632082968818,61.16264671543846],[13.276255347106963,61.16221673394446]]}},{"type":"Feature","properties":{"id":383,"klass":"9"},"geometry":{"type":"LineString","coordinates":[[13.276239329880731,61.160653791376674],[13.274883327952278,61.16083457479955],[13.275577981503087,61.16190452360353]]}},{"type":"Feature","properties":{"id":384,"klass":"9"},"geometry":{"type":"LineString","coordinates":[[13.274883327952278,61.16083457479955],[13.274141900463844,61.16037532108002]]}},{"type":"Feature","properties":{"id":385,"klass":"9"},"geometry":{"type":"LineString","coordinates":[[13.273283748884468,61.158723474670055],[13.274899412505967,61.159461731089635]]}},{"type":"Feature","properties":{"id":386,"klass":"9"},"geometry":{"type":"LineString","coordinates":[[12.970538689756362,61.18083577485334],[12.970722096182596,61.18051178881583],[12.97199381089917,61.18009837907678]]}},{"type":"Feature","properties":{"id":387,"klass":"9"},"geometry":{"type":"LineString","coordinates":[[13.277231314084071,61.162557939146495],[13.27789602019417,61.162594190481094],[13.278985733700429,61.16298128016565]]}},{"type":"Feature","properties":{"id":388,"klass":"9"},"geometry":{"type":"LineString","coordinates":[[12.96721214188691,61.19320135874094],[12.967539779704559,61.1939990540891],[12.967643751494622,61.19568363717],[12.968411016798786,61.196228025405766],[12.969493447073342,61.19646590933061]]}},{"type":"Feature","properties":{"id":389,"klass":"9"},"geometry":{"type":"LineString","coordinates":[[12.961590635076055,61.19562517950217],[12.967470559988383,61.194908071750426],[12.972703967650478,61.19532451534495],[12.974279442417508,61.194779838075064],[12.974850805331466,61.19493027709657],[12.976236660246272,61.19606824765479]]}},{"type":"Feature","properties":{"id":390,"klass":"9"},"geometry":{"type":"LineString","coordinates":[[12.974279442417508,61.194779838075064],[12.973800901200148,61.194380081361466],[12.973415484399768,61.194478310652045]]}},{"type":"Feature","properties":{"id":391,"klass":"9"},"geometry":{"type":"LineString","coordinates":[[12.973877748226396,61.19493180795417],[12.973760149038874,61.1948322492957]]}},{"type":"Feature","properties":{"id":392,"klass":"9"},"geometry":{"type":"LineString","coordinates":[[12.969501678101647,61.18082963842159],[12.970171395138086,61.18010371375894],[12.971575227068007,61.179643020733046]]}},{"type":"Feature","properties":{"id":393,"klass":"9"},"geometry":{"type":"LineString","coordinates":[[13.263594606023599,61.15932142373746],[13.26339107055473,61.15899531147121],[13.263886257539276,61.158402381987905],[13.265307852310812,61.15855226457801]]}},{"type":"Feature","properties":{"id":394,"klass":"9"},"geometry":{"type":"LineString","coordinates":[[13.276592642698523,61.16092395986278],[13.2779120239581,61.160739361906366],[13.279555103377666,61.1608531540441],[13.279848291095922,61.16102613278753],[13.279782614596462,61.1613494887857],[13.279221090559144,61.16153069448412]]}},{"type":"Feature","properties":{"id":395,"klass":"9"},"geometry":{"type":"LineString","coordinates":[[12.980827451560302,61.18610433524177],[12.979616823939624,61.18566697998241],[12.979025048797267,61.18520371017744]]}},{"type":"Feature","properties":{"id":499,"klass":"5"},"geometry":{"type":"LineString","coordinates":[[13.267648211219548,61.147981062666844],[13.268091101899273,61.14826596219383],[13.26790017095195,61.14867517479381]]}},{"type":"Feature","properties":{"id":501,"klass":"5"},"geometry":{"type":"LineString","coordinates":[[13.255784701433358,61.161307384716764],[13.262993060043051,61.16136355500894]]}},{"type":"Feature","properties":{"id":502,"klass":"4"},"geometry":{"type":"LineString","coordinates":[[13.187848578720594,61.16442870286962],[13.190154349428513,61.16416324639397]]}},{"type":"Feature","properties":{"id":503,"klass":"4"},"geometry":{"type":"LineString","coordinates":[[13.191530781926469,61.164003425258244],[13.192758886795593,61.16386705041351]]}},{"type":"Feature","properties":{"id":514,"klass":"2"},"geometry":{"type":"LineString","coordinates":[[12.893596439392036,61.17403757832772],[12.894603702972255,61.17521547758561],[12.895710929621915,61.175704927763675],[12.90206171153014,61.17661367262923],[12.905471037154726,61.17801373099774],[12.90673435861957,61.17831526993456],[12.91159798381207,61.178314100177346],[12.913921232656614,61.1786572883456],[12.914973369495153,61.179046470993605],[12.91705357347301,61.180216903326574],[12.923490500443036,61.18178497274362],[12.925088732141935,61.1825346939572],[12.927483647244877,61.184077850732606],[12.935571981237828,61.18567596786493],[12.9371317637548,61.18559112624949],[12.938404979389087,61.18521297461191],[12.948407945824462,61.180526807552646],[12.949724001345471,61.1801324259338],[12.961707753227806,61.18056181331656],[12.963604288482257,61.180239395165],[12.969749353354754,61.1784432425326],[12.978091510538158,61.177794544418475],[12.979445129638197,61.17795003801778],[12.981873187813756,61.17880385214496],[12.988220058675974,61.178483846562656],[12.989426609423816,61.17870854884088],[12.991115081566992,61.179358753978114]]}},{"type":"Feature","properties":{"id":515,"klass":"2"},"geometry":{"type":"LineString","coordinates":[[12.992994660549133,61.18016206090169],[12.994551606815353,61.180759836660556],[12.996526118602654,61.1811756386464],[13.001988013104688,61.18155135242174],[13.003707680824114,61.181831515175155],[13.010980105692873,61.18501363014789],[13.013475485691878,61.185851147317216],[13.02608596006357,61.18710412398994],[13.03017435769628,61.18800353196074],[13.034560047101003,61.18809581429817],[13.03592787278918,61.18798553264635],[13.036968013391867,61.18762324598854],[13.038851950870258,61.18617752078328],[13.043296237686908,61.18381763627247],[13.04758925057243,61.17982634013001],[13.048738436722882,61.17890846365174],[13.050094493617268,61.1782403852387],[13.051544493636467,61.17787204809125],[13.066674630626226,61.175447478907884],[13.070416171246476,61.17433053299371],[13.076115390217167,61.1733709445691],[13.080135520046833,61.17207007644117],[13.084454957169132,61.171348905999494],[13.090418997277354,61.16887772953297],[13.09874496272027,61.16609915007094],[13.105637085004062,61.16318957991704],[13.108174998597288,61.1622930655144],[13.112877093671788,61.159040148543156],[13.11415711864846,61.158387576384634],[13.11577366618115,61.15798417581071],[13.124761904405265,61.156605481014445],[13.126660258750865,61.156586988516025],[13.128915950306956,61.15685678248275],[13.135904696217995,61.15880031103311],[13.13940626381491,61.16042247763263],[13.143349055088308,61.161664337402364],[13.149402088061592,61.166364456415536],[13.151003390769322,61.1668022029357],[13.157144139662364,61.167808073348255]]}},{"type":"Feature","properties":{"id":526,"klass":"5"},"geometry":{"type":"LineString","coordinates":[[13.257872071656868,61.155447575914394],[13.258029758972377,61.157021503987934]]}},{"type":"Feature","properties":{"id":527,"klass":"4"},"geometry":{"type":"LineString","coordinates":[[13.159185031376877,61.167839264314196],[13.166499176279126,61.167655621282606]]}},{"type":"Feature","properties":{"id":528,"klass":"4"},"geometry":{"type":"LineString","coordinates":[[13.186527344940217,61.16446280082136],[13.187848578720594,61.16442870286962]]}},{"type":"Feature","properties":{"id":529,"klass":"4"},"geometry":{"type":"LineString","coordinates":[[13.195302244082482,61.16375966605166],[13.198907234910292,61.164268540783915]]}},{"type":"Feature","properties":{"id":530,"klass":"2"},"geometry":{"type":"LineString","coordinates":[[13.206815398513788,61.16493383037122],[13.211074585111277,61.1646648865482],[13.213933706403319,61.164279666632886],[13.225611933030466,61.16126213832597],[13.23331740040117,61.16024831527938],[13.236292459886757,61.1596215125127],[13.2513301603423,61.15434616293452],[13.260799778351789,61.149378425006326],[13.262400070067033,61.14891738257885],[13.26432209460934,61.148624754358394],[13.266036481834815,61.148556369653775],[13.26790017095195,61.14867517479381]]}},{"type":"Feature","properties":{"id":534,"klass":"2"},"geometry":{"type":"LineString","coordinates":[[13.27329446900357,61.148598707286006],[13.273131688735464,61.14920191916615]]}},{"type":"Feature","properties":{"id":535,"klass":"4"},"geometry":{"type":"LineString","coordinates":[[13.174575867402321,61.166328875588825],[13.177256722061074,61.16553504207334]]}},{"type":"Feature","properties":{"id":567,"klass":"4"},"geometry":{"type":"LineString","coordinates":[[13.192758886795593,61.16386705041351],[13.193296529504442,61.16381757266209]]}},{"type":"Feature","properties":{"id":594,"klass":"5"},"geometry":{"type":"LineString","coordinates":[[13.269705535136117,61.14508903675431],[13.269366927908429,61.14629293355049],[13.267763005224538,61.14789579691493]]}},{"type":"Feature","properties":{"id":595,"klass":"4"},"geometry":{"type":"LineString","coordinates":[[13.262993060043051,61.16136355500894],[13.261796696334944,61.16266882498936],[13.261642771811522,61.163604609945494],[13.2608698757974,61.16510608822367],[13.25919034516865,61.166550225306786],[13.258390913565423,61.167857167917546],[13.257028061805581,61.16924520635928],[13.255625370198558,61.17178202942603],[13.253818899658821,61.17349451197548],[13.2508330853959,61.175477750632254],[13.248731533899457,61.177622375941624],[13.248589873253408,61.17814130671532],[13.24913214408678,61.18004834328219],[13.247787366842957,61.182165544576236],[13.24766808442803,61.184386286030616],[13.245880475306647,61.18662861212337],[13.243141428496214,61.18887152624974],[13.23976910075564,61.19017460880165],[13.237155714888248,61.191655657102444],[13.232370375402024,61.195047770400805],[13.2308847740326,61.195701223740876],[13.22968879604415,61.19764275768526],[13.225773192435268,61.202547711755564],[13.225250033728607,61.20372104810182],[13.224708681353553,61.20663378328373],[13.223588113707223,61.20914646407349],[13.222230826118524,61.21535013490447],[13.22096432303663,61.21741351870027],[13.220530843473643,61.21866000775611],[13.218908473046433,61.22101213805744],[13.218482016240634,61.222268097480445],[13.218433535857278,61.222970373768135],[13.219037893587764,61.22418672845181],[13.21882219994482,61.22892171481629],[13.218581805170695,61.229466834279854],[13.216611997882138,61.23159094426381],[13.214637033314734,61.237111699496346],[13.214567772569787,61.23881925476208],[13.213519248563543,61.23997838338204],[13.212727155717763,61.24167009006137],[13.212142928901338,61.24563747875716],[13.210374813990875,61.24872288077888],[13.207815374331215,61.25165186496272],[13.203880822996126,61.25360221410625],[13.201569956023917,61.255454909472355],[13.195638434112023,61.25782605850766],[13.194020744911873,61.258801448050576],[13.191838261540175,61.259475781322955],[13.191175125227435,61.259890183516305],[13.186752826359095,61.264204251615105],[13.183893623467439,61.266332387490955],[13.180877827853978,61.26824725613899],[13.176813199173745,61.27462690989974],[13.174010518525336,61.27718911812451],[13.172558496829087,61.27822392101202],[13.166445305382414,61.281242899815055],[13.162035536119054,61.28504488677592],[13.160414829356643,61.28687977135963],[13.159003846679786,61.28804820211678],[13.159174719403076,61.28939372350208],[13.15869005554317,61.29009675930503],[13.157993000965307,61.290501747261374]]}},{"type":"Feature","properties":{"id":598,"klass":"5"},"geometry":{"type":"LineString","coordinates":[[13.269673254874421,61.14223213538379],[13.269705535136117,61.14508903675431]]}},{"type":"Feature","properties":{"id":599,"klass":"5"},"geometry":{"type":"LineString","coordinates":[[13.26507616089332,61.14939965656416],[13.264267649470407,61.14977615121621],[13.26341201551287,61.15064227660151],[13.261097787101317,61.15133327616917],[13.260310497208529,61.15226459323053],[13.258600479223,61.153197666730016],[13.258073551906497,61.154144920544326],[13.257872071656868,61.155447575914394]]}},{"type":"Feature","properties":{"id":616,"klass":"2"},"geometry":{"type":"LineString","coordinates":[[13.319462023621917,61.09102735332116],[13.318670427779582,61.09295878742937],[13.316279763978203,61.09478891238335],[13.31425777169952,61.09774975824715],[13.309501683456846,61.09984300742188],[13.30812964392043,61.10070967430862],[13.304573379593691,61.10416754943986],[13.29942605219985,61.10699812146405],[13.297255671886097,61.10947959070047],[13.294150404701401,61.11198640275852],[13.293001053938992,61.1144225775489],[13.29347053289064,61.11657649003933],[13.293284194976138,61.117320590247594],[13.290188494141875,61.12025496190604],[13.290221463787699,61.12209297585249],[13.287745830328861,61.1250208290491],[13.286904291542639,61.12701859377696],[13.285728792128777,61.12795286373463],[13.284125991820234,61.1288121455667],[13.283495507778627,61.12945748594907],[13.283254041878557,61.13143040862873],[13.28242514864949,61.13315228464668],[13.282220427297863,61.13478235310731],[13.279947818936773,61.13768687941053],[13.278854597494002,61.13976513515547],[13.278313330426856,61.141837108701765],[13.275669399724565,61.14400790926713],[13.27480253196037,61.14546095722839],[13.274576966104533,61.147192402104686],[13.27329446900357,61.148598707286006]]}},{"type":"Feature","properties":{"id":617,"klass":"5"},"geometry":{"type":"LineString","coordinates":[[13.267648211219548,61.147981062666844],[13.26633554888527,61.148936845840275]]}},{"type":"Feature","properties":{"id":618,"klass":"5"},"geometry":{"type":"LineString","coordinates":[[13.26790017095195,61.14867517479381],[13.267295441025992,61.14905997978284],[13.26633554888527,61.148936845840275]]}},{"type":"Feature","properties":{"id":619,"klass":"2"},"geometry":{"type":"LineString","coordinates":[[13.26790017095195,61.14867517479381],[13.27241678598612,61.149192156127434]]}},{"type":"Feature","properties":{"id":620,"klass":"4"},"geometry":{"type":"LineString","coordinates":[[13.273047213401735,61.14935098475516],[13.272506107271123,61.14991514467778]]}},{"type":"Feature","properties":{"id":621,"klass":"4"},"geometry":{"type":"LineString","coordinates":[[13.166499176279126,61.167655621282606],[13.167401590824655,61.16762508880344]]}},{"type":"Feature","properties":{"id":622,"klass":"4"},"geometry":{"type":"LineString","coordinates":[[13.167401590824655,61.16762508880344],[13.16899335217818,61.167506411653655],[13.172054451348416,61.16694313340679]]}},{"type":"Feature","properties":{"id":623,"klass":"4"},"geometry":{"type":"LineString","coordinates":[[13.172054451348416,61.16694313340679],[13.172754951269958,61.16679954297389]]}},{"type":"Feature","properties":{"id":624,"klass":"4"},"geometry":{"type":"LineString","coordinates":[[13.172754951269958,61.16679954297389],[13.174042338565878,61.166450921450384]]}},{"type":"Feature","properties":{"id":625,"klass":"4"},"geometry":{"type":"LineString","coordinates":[[13.174042338565878,61.166450921450384],[13.174575867402321,61.166328875588825]]}},{"type":"Feature","properties":{"id":626,"klass":"4"},"geometry":{"type":"LineString","coordinates":[[13.272506107271123,61.14991514467778],[13.272471574463731,61.149335384384045]]}},{"type":"Feature","properties":{"id":627,"klass":"4"},"geometry":{"type":"LineString","coordinates":[[13.194382291634303,61.16373979984515],[13.195302244082482,61.16375966605166]]}},{"type":"Feature","properties":{"id":661,"klass":"5"},"geometry":{"type":"LineString","coordinates":[[13.267763005224538,61.14789579691493],[13.267648211219548,61.147981062666844]]}},{"type":"Feature","properties":{"id":662,"klass":"5"},"geometry":{"type":"LineString","coordinates":[[13.255483143144877,61.16129366525157],[13.255784701433358,61.161307384716764]]}},{"type":"Feature","properties":{"id":663,"klass":"4"},"geometry":{"type":"LineString","coordinates":[[13.190154349428513,61.16416324639397],[13.191530781926469,61.164003425258244]]}},{"type":"Feature","properties":{"id":664,"klass":"5"},"geometry":{"type":"LineString","coordinates":[[13.26633554888527,61.148936845840275],[13.26507616089332,61.14939965656416]]}},{"type":"Feature","properties":{"id":665,"klass":"2"},"geometry":{"type":"LineString","coordinates":[[13.273131688735464,61.14920191916615],[13.272746865033495,61.14940209913019],[13.27241678598612,61.149192156127434]]}},{"type":"Feature","properties":{"id":666,"klass":"4"},"geometry":{"type":"LineString","coordinates":[[13.177256722061074,61.16553504207334],[13.181013441618775,61.1644067239292],[13.18468519552877,61.16439717099599]]}},{"type":"Feature","properties":{"id":667,"klass":"4"},"geometry":{"type":"LineString","coordinates":[[13.193296529504442,61.16381757266209],[13.194382291634303,61.16373979984515]]}},{"type":"Feature","properties":{"id":668,"klass":"5"},"geometry":{"type":"LineString","coordinates":[[13.258029758972377,61.157021503987934],[13.256416000746274,61.16038813603394],[13.255483143144877,61.16129366525157]]}},{"type":"Feature","properties":{"id":669,"klass":"2"},"geometry":{"type":"LineString","coordinates":[[13.272617641308702,61.14907595236836],[13.27329446900357,61.148598707286006]]}},{"type":"Feature","properties":{"id":670,"klass":"4"},"geometry":{"type":"LineString","coordinates":[[13.18468519552877,61.16439717099599],[13.186527344940217,61.16446280082136]]}},{"type":"Feature","properties":{"id":672,"klass":"8"},"geometry":{"type":"LineString","coordinates":[[13.065868916943762,61.1777831617066],[13.064951119759238,61.17775467271445]]}},{"type":"Feature","properties":{"id":673,"klass":"8"},"geometry":{"type":"LineString","coordinates":[[13.064951119759238,61.17775467271445],[13.063920035195098,61.177724422795556]]}},{"type":"Feature","properties":{"id":674,"klass":"8"},"geometry":{"type":"LineString","coordinates":[[13.063920035195098,61.177724422795556],[13.061962096117002,61.17767486573588]]}},{"type":"Feature","properties":{"id":675,"klass":"8"},"geometry":{"type":"LineString","coordinates":[[13.061962096117002,61.17767486573588],[13.060006974848754,61.177622815133915]]}},{"type":"Feature","properties":{"id":676,"klass":"8"},"geometry":{"type":"LineString","coordinates":[[13.141781250213038,61.1640019681972],[13.143560162510008,61.165239362331576]]}},{"type":"Feature","properties":{"id":677,"klass":"8"},"geometry":{"type":"LineString","coordinates":[[13.141781250213038,61.1640019681972],[13.141089204607738,61.16410028188685],[13.139789518561072,61.16375086722651]]}},{"type":"Feature","properties":{"id":678,"klass":"8"},"geometry":{"type":"LineString","coordinates":[[13.178934014184374,61.1741071811383],[13.178323489379792,61.17413295718404]]}},{"type":"Feature","properties":{"id":679,"klass":"8"},"geometry":{"type":"LineString","coordinates":[[13.183367171276325,61.17442057966825],[13.18133922888527,61.17413381028906],[13.178934014184374,61.1741071811383]]}},{"type":"Feature","properties":{"id":680,"klass":"8"},"geometry":{"type":"LineString","coordinates":[[13.171369182670084,61.17403670713486],[13.16927356713395,61.1737502425367]]}},{"type":"Feature","properties":{"id":681,"klass":"8"},"geometry":{"type":"LineString","coordinates":[[13.16927356713395,61.1737502425367],[13.168565249642352,61.17373809402765]]}},{"type":"Feature","properties":{"id":684,"klass":"8"},"geometry":{"type":"LineString","coordinates":[[12.984913926793173,61.19123442358598],[12.983006605462613,61.18967433814223]]}},{"type":"Feature","properties":{"id":686,"klass":"8"},"geometry":{"type":"LineString","coordinates":[[13.011306139614915,61.189869991371125],[13.009950277536468,61.190899208624785]]}},{"type":"Feature","properties":{"id":687,"klass":"8"},"geometry":{"type":"LineString","coordinates":[[12.951999587997014,61.18447945119336],[12.951338465054464,61.185208887499094],[12.95073736989159,61.18537108119103]]}},{"type":"Feature","properties":{"id":688,"klass":"8"},"geometry":{"type":"LineString","coordinates":[[12.943981523848402,61.18479306477683],[12.94524015196028,61.18418430817823]]}},{"type":"Feature","properties":{"id":689,"klass":"8"},"geometry":{"type":"LineString","coordinates":[[12.94524015196028,61.18418430817823],[12.945410892591154,61.184115744623256]]}},{"type":"Feature","properties":{"id":690,"klass":"8"},"geometry":{"type":"LineString","coordinates":[[13.16371526940681,61.17113580303677],[13.164530136548212,61.17093478781701]]}},{"type":"Feature","properties":{"id":691,"klass":"8"},"geometry":{"type":"LineString","coordinates":[[13.164530136548212,61.17093478781701],[13.164625846349855,61.17090942342954]]}},{"type":"Feature","properties":{"id":692,"klass":"8"},"geometry":{"type":"LineString","coordinates":[[13.14473628746885,61.1660700283868],[13.143560162510008,61.165239362331576]]}},{"type":"Feature","properties":{"id":693,"klass":"8"},"geometry":{"type":"LineString","coordinates":[[13.143560162510008,61.165239362331576],[13.14340121622744,61.165629500496514]]}},{"type":"Feature","properties":{"id":694,"klass":"8"},"geometry":{"type":"LineString","coordinates":[[12.955720493924025,61.1814318704933],[12.956015674248388,61.18198028037203]]}},{"type":"Feature","properties":{"id":695,"klass":"8"},"geometry":{"type":"LineString","coordinates":[[12.985489849398633,61.18262126564477],[12.983373949312695,61.18199596815298]]}},{"type":"Feature","properties":{"id":696,"klass":"8"},"geometry":{"type":"LineString","coordinates":[[12.998240941660043,61.18327898658461],[12.998487825150603,61.18265732643259],[12.99786044761978,61.1817965286711],[12.997911775375803,61.181332272296025]]}},{"type":"Feature","properties":{"id":697,"klass":"8"},"geometry":{"type":"LineString","coordinates":[[12.956449209956103,61.180357524104586],[12.955720493924025,61.1814318704933]]}},{"type":"Feature","properties":{"id":698,"klass":"8"},"geometry":{"type":"LineString","coordinates":[[13.051631002294585,61.18059549947723],[13.05044238919709,61.18070301166432]]}},{"type":"Feature","properties":{"id":699,"klass":"8"},"geometry":{"type":"LineString","coordinates":[[13.17756328741638,61.174174137125014],[13.175123542345961,61.174308922742576]]}},{"type":"Feature","properties":{"id":700,"klass":"8"},"geometry":{"type":"LineString","coordinates":[[13.173483523414983,61.174288467887244],[13.171369182670084,61.17403670713486]]}},{"type":"Feature","properties":{"id":701,"klass":"8"},"geometry":{"type":"LineString","coordinates":[[13.178323489379792,61.17413295718404],[13.17756328741638,61.174174137125014]]}},{"type":"Feature","properties":{"id":702,"klass":"8"},"geometry":{"type":"LineString","coordinates":[[13.140862071128083,61.161757456824354],[13.140758592371073,61.16194021064591]]}},{"type":"Feature","properties":{"id":704,"klass":"8"},"geometry":{"type":"LineString","coordinates":[[13.019505548134898,61.19859926464345],[13.020772742782206,61.19837827700416]]}},{"type":"Feature","properties":{"id":705,"klass":"8"},"geometry":{"type":"LineString","coordinates":[[13.020772742782206,61.19837827700416],[13.022094717392026,61.19799395884742]]}},{"type":"Feature","properties":{"id":706,"klass":"8"},"geometry":{"type":"LineString","coordinates":[[13.022094717392026,61.19799395884742],[13.024022621480437,61.1969624343958],[13.025469237437143,61.19680406481914]]}},{"type":"Feature","properties":{"id":707,"klass":"8"},"geometry":{"type":"LineString","coordinates":[[13.025469237437143,61.19680406481914],[13.027317222829327,61.196820341649705]]}},{"type":"Feature","properties":{"id":708,"klass":"8"},"geometry":{"type":"LineString","coordinates":[[12.997425826782809,61.184094091459166],[12.998240941660043,61.18327898658461]]}},{"type":"Feature","properties":{"id":709,"klass":"8"},"geometry":{"type":"LineString","coordinates":[[13.051360424388994,61.18457684731264],[13.05282091351172,61.184130443340486]]}},{"type":"Feature","properties":{"id":710,"klass":"8"},"geometry":{"type":"LineString","coordinates":[[12.956165397276473,61.18214693266564],[12.956454980672692,61.182472606899175]]}},{"type":"Feature","properties":{"id":711,"klass":"8"},"geometry":{"type":"LineString","coordinates":[[13.090396085629838,61.17197662253325],[13.088720917781426,61.171280802638414],[13.087980006175963,61.1703295221344]]}},{"type":"Feature","properties":{"id":712,"klass":"8"},"geometry":{"type":"LineString","coordinates":[[13.161626439244841,61.17166144730027],[13.162507311695954,61.17143543262166]]}},{"type":"Feature","properties":{"id":713,"klass":"8"},"geometry":{"type":"LineString","coordinates":[[13.142889528885823,61.16604685866899],[13.143329308931733,61.166494654979324],[13.14308462624144,61.16678360421772]]}},{"type":"Feature","properties":{"id":714,"klass":"8"},"geometry":{"type":"LineString","coordinates":[[12.956775512921931,61.183273091039446],[12.955846598138663,61.18378409208695]]}},{"type":"Feature","properties":{"id":715,"klass":"8"},"geometry":{"type":"LineString","coordinates":[[12.953824868029574,61.183969011417965],[12.952687516810823,61.18413578032195]]}},{"type":"Feature","properties":{"id":716,"klass":"8"},"geometry":{"type":"LineString","coordinates":[[12.97329910074178,61.18021739452566],[12.971058916409303,61.180781551189014],[12.9692042816654,61.18079900830032],[12.967687453139055,61.18037577258578],[12.966300510040863,61.17944140348461]]}},{"type":"Feature","properties":{"id":717,"klass":"8"},"geometry":{"type":"LineString","coordinates":[[12.966243641704372,61.18654364623144],[12.965932226516983,61.18620040573265],[12.964612719946517,61.18578813983642],[12.962158540881807,61.185575187720325],[12.960400245214647,61.18515139896173],[12.95998861340221,61.18481767160187],[12.95958239667916,61.18385542878767]]}},{"type":"Feature","properties":{"id":718,"klass":"8"},"geometry":{"type":"LineString","coordinates":[[12.983373949312695,61.18199596815298],[12.980560327267652,61.18106819008848],[12.979466966710943,61.18037665850924]]}},{"type":"Feature","properties":{"id":719,"klass":"8"},"geometry":{"type":"LineString","coordinates":[[12.990256853127045,61.180450013901364],[12.990217482526653,61.180464795330295]]}},{"type":"Feature","properties":{"id":720,"klass":"8"},"geometry":{"type":"LineString","coordinates":[[13.006250894311961,61.19104877179819],[13.004958216218634,61.190621181777715]]}},{"type":"Feature","properties":{"id":721,"klass":"8"},"geometry":{"type":"LineString","coordinates":[[13.004958216218634,61.190621181777715],[13.003173565032977,61.19019235168596]]}},{"type":"Feature","properties":{"id":723,"klass":"8"},"geometry":{"type":"LineString","coordinates":[[13.012340871491089,61.18884195739805],[13.011306139614915,61.189869991371125]]}},{"type":"Feature","properties":{"id":724,"klass":"8"},"geometry":{"type":"LineString","coordinates":[[13.020819547896512,61.186589579147046],[13.0206129981392,61.18693071178009]]}},{"type":"Feature","properties":{"id":725,"klass":"8"},"geometry":{"type":"LineString","coordinates":[[13.041248500831095,61.18645122329397],[13.042248247527946,61.18684818575371]]}},{"type":"Feature","properties":{"id":726,"klass":"8"},"geometry":{"type":"LineString","coordinates":[[12.978016844652464,61.18799357634816],[12.977300483555117,61.1883061184785]]}},{"type":"Feature","properties":{"id":730,"klass":"8"},"geometry":{"type":"LineString","coordinates":[[13.137750708540251,61.16380783795979],[13.138286389633931,61.16356899643083]]}},{"type":"Feature","properties":{"id":731,"klass":"8"},"geometry":{"type":"LineString","coordinates":[[13.164625846349855,61.17090942342954],[13.166878872139494,61.1703738161569],[13.167986784541975,61.17041296185588]]}},{"type":"Feature","properties":{"id":732,"klass":"8"},"geometry":{"type":"LineString","coordinates":[[13.096318532990958,61.168650753075255],[13.098303904196428,61.16852596732748],[13.099609051503958,61.16882347715789]]}},{"type":"Feature","properties":{"id":742,"klass":"8"},"geometry":{"type":"LineString","coordinates":[[13.027317222829327,61.196820341649705],[13.030088936618613,61.19669645586451],[13.031242348118026,61.19699355206422]]}},{"type":"Feature","properties":{"id":743,"klass":"8"},"geometry":{"type":"LineString","coordinates":[[12.986056707632372,61.19275060290254],[12.984913926793173,61.19123442358598]]}},{"type":"Feature","properties":{"id":744,"klass":"8"},"geometry":{"type":"LineString","coordinates":[[12.974236781291495,61.190534727022076],[12.97241983403826,61.19208709903233]]}},{"type":"Feature","properties":{"id":746,"klass":"8"},"geometry":{"type":"LineString","coordinates":[[12.959662158053112,61.19114247845398],[12.958493367591636,61.19084156767126],[12.956013297903354,61.19062870143565]]}},{"type":"Feature","properties":{"id":748,"klass":"8"},"geometry":{"type":"LineString","coordinates":[[12.977300483555117,61.1883061184785],[12.975720573632074,61.189087060129545]]}},{"type":"Feature","properties":{"id":749,"klass":"8"},"geometry":{"type":"LineString","coordinates":[[13.003173565032977,61.19019235168596],[12.999683226615787,61.18876498885106],[12.998812211301063,61.18802623703962]]}},{"type":"Feature","properties":{"id":750,"klass":"8"},"geometry":{"type":"LineString","coordinates":[[13.029933794808333,61.18963129466585],[13.033721555457157,61.189402480101954],[13.0376253546916,61.1885832039345]]}},{"type":"Feature","properties":{"id":751,"klass":"8"},"geometry":{"type":"LineString","coordinates":[[12.998812211301063,61.18802623703962],[12.99836466509128,61.18739742924285]]}},{"type":"Feature","properties":{"id":752,"klass":"8"},"geometry":{"type":"LineString","coordinates":[[13.030351973051037,61.188020035257495],[13.029755363040941,61.18874375172871],[13.029933794808333,61.18963129466585]]}},{"type":"Feature","properties":{"id":753,"klass":"8"},"geometry":{"type":"LineString","coordinates":[[12.978016844652464,61.18799357634816],[12.973938627080662,61.187258181130716],[12.967828296142276,61.18654088142519]]}},{"type":"Feature","properties":{"id":754,"klass":"8"},"geometry":{"type":"LineString","coordinates":[[13.0206129981392,61.18693071178009],[13.020828578656198,61.18749585504758],[13.023594290507983,61.18992896351131],[13.023674996951906,61.19071290076655],[13.023097611062887,61.191647651873495]]}},{"type":"Feature","properties":{"id":755,"klass":"8"},"geometry":{"type":"LineString","coordinates":[[13.042248247527946,61.18684818575371],[13.044514318035098,61.18566581859093]]}},{"type":"Feature","properties":{"id":756,"klass":"8"},"geometry":{"type":"LineString","coordinates":[[13.044514318035098,61.18566581859093],[13.045591503601955,61.18531227330694],[13.046455096178885,61.18522112748506]]}},{"type":"Feature","properties":{"id":757,"klass":"8"},"geometry":{"type":"LineString","coordinates":[[13.046455096178885,61.18522112748506],[13.048035715501172,61.18513076797822]]}},{"type":"Feature","properties":{"id":758,"klass":"8"},"geometry":{"type":"LineString","coordinates":[[12.948224092618561,61.18319023405469],[12.947286837639728,61.18284612030604]]}},{"type":"Feature","properties":{"id":759,"klass":"8"},"geometry":{"type":"LineString","coordinates":[[12.945410892591154,61.184115744623256],[12.946731202776187,61.183386993865426],[12.947286837639728,61.18284612030604]]}},{"type":"Feature","properties":{"id":760,"klass":"8"},"geometry":{"type":"LineString","coordinates":[[12.956454980672692,61.182472606899175],[12.956775512921931,61.183273091039446]]}},{"type":"Feature","properties":{"id":761,"klass":"8"},"geometry":{"type":"LineString","coordinates":[[12.99158921964646,61.17991206139175],[12.990256853127047,61.180450013901364]]}},{"type":"Feature","properties":{"id":762,"klass":"8"},"geometry":{"type":"LineString","coordinates":[[13.054005248191993,61.180687532138926],[13.051631002294585,61.18059549947723]]}},{"type":"Feature","properties":{"id":763,"klass":"8"},"geometry":{"type":"LineString","coordinates":[[13.05044238919709,61.18070301166432],[13.048730597658396,61.180797999570906],[13.046883864614212,61.18041237906045]]}},{"type":"Feature","properties":{"id":765,"klass":"8"},"geometry":{"type":"LineString","coordinates":[[13.060006974848754,61.177622815133915],[13.05804239005184,61.17756354187082]]}},{"type":"Feature","properties":{"id":766,"klass":"8"},"geometry":{"type":"LineString","coordinates":[[13.071253945439558,61.17565446211011],[13.070841899443991,61.17638360058245],[13.069222982125549,61.17775343581498],[13.06784224861424,61.17784029961194]]}},{"type":"Feature","properties":{"id":767,"klass":"8"},"geometry":{"type":"LineString","coordinates":[[13.168565249642352,61.17373809402765],[13.167071566495872,61.17388239539918],[13.164480275827668,61.174593473994484],[13.163096269138792,61.17479914345371],[13.16120075435593,61.17478975568113],[13.159944578210352,61.174533888286874]]}},{"type":"Feature","properties":{"id":768,"klass":"8"},"geometry":{"type":"LineString","coordinates":[[13.092948946144663,61.17218727731901],[13.09150974703472,61.17210933241612]]}},{"type":"Feature","properties":{"id":769,"klass":"8"},"geometry":{"type":"LineString","coordinates":[[13.09150974703472,61.17210933241612],[13.090396085629836,61.17197662253325]]}},{"type":"Feature","properties":{"id":770,"klass":"8"},"geometry":{"type":"LineString","coordinates":[[13.162507311695954,61.17143543262166],[13.16371526940681,61.17113580303677]]}},{"type":"Feature","properties":{"id":771,"klass":"8"},"geometry":{"type":"LineString","coordinates":[[13.102083760534034,61.16543520563509],[13.100564675868872,61.16600778338444]]}},{"type":"Feature","properties":{"id":772,"klass":"8"},"geometry":{"type":"LineString","coordinates":[[13.140954086545719,61.16304197568476],[13.141781250213038,61.1640019681972]]}},{"type":"Feature","properties":{"id":773,"klass":"8"},"geometry":{"type":"LineString","coordinates":[[13.140758592371073,61.16194021064591],[13.140954086545719,61.16304197568476]]}},{"type":"Feature","properties":{"id":774,"klass":"8"},"geometry":{"type":"LineString","coordinates":[[12.956775512921931,61.183273091039446],[12.958026163905153,61.18357277595488]]}},{"type":"Feature","properties":{"id":775,"klass":"8"},"geometry":{"type":"LineString","coordinates":[[13.048035715501172,61.18513076797822],[13.050011925296499,61.184911802876286],[13.051360424388994,61.18457684731264]]}},{"type":"Feature","properties":{"id":776,"klass":"8"},"geometry":{"type":"LineString","coordinates":[[12.984939316259926,61.183005275790286],[12.978760472576838,61.18761443295181]]}},{"type":"Feature","properties":{"id":777,"klass":"8"},"geometry":{"type":"LineString","coordinates":[[12.947286837639728,61.18284612030604],[12.947149723531975,61.182219214972335],[12.946146270802519,61.181579215156084]]}},{"type":"Feature","properties":{"id":778,"klass":"8"},"geometry":{"type":"LineString","coordinates":[[13.09413128541834,61.167637418185684],[13.096318532990958,61.168650753075255]]}},{"type":"Feature","properties":{"id":779,"klass":"8"},"geometry":{"type":"LineString","coordinates":[[13.15106674235874,61.16873085301862],[13.152359046311366,61.16931811076156],[13.153625553075651,61.17110256364258],[13.15393793004684,61.17115402713768]]}},{"type":"Feature","properties":{"id":780,"klass":"8"},"geometry":{"type":"LineString","coordinates":[[13.106154607830211,61.1659715313347],[13.105040131995082,61.166242665729115],[13.104438451143714,61.166596309190766],[13.104632524989265,61.16764285326374],[13.103993646162829,61.167977286098555],[13.103612515972603,61.1688035508774]]}},{"type":"Feature","properties":{"id":781,"klass":"8"},"geometry":{"type":"LineString","coordinates":[[13.09990541317295,61.16562248824021],[13.100564675868872,61.16600778338444]]}},{"type":"Feature","properties":{"id":782,"klass":"8"},"geometry":{"type":"LineString","coordinates":[[13.106861576676893,61.1654950836961],[13.106154607830211,61.1659715313347]]}},{"type":"Feature","properties":{"id":783,"klass":"8"},"geometry":{"type":"LineString","coordinates":[[13.175123542345961,61.174308922742576],[13.173483523414983,61.174288467887244]]}},{"type":"Feature","properties":{"id":784,"klass":"8"},"geometry":{"type":"LineString","coordinates":[[13.275065906701768,61.15069491685553],[13.275562112002456,61.150670745537106],[13.275622661288692,61.1505428534538],[13.27524030764118,61.15052855163788],[13.275065906701768,61.15069491685553]]}},{"type":"Feature","properties":{"id":791,"klass":"8"},"geometry":{"type":"LineString","coordinates":[[12.965012383758664,61.19305383699133],[12.963550787842124,61.19270877769576],[12.961661344196402,61.191964681326745]]}},{"type":"Feature","properties":{"id":792,"klass":"8"},"geometry":{"type":"LineString","coordinates":[[12.961661344196402,61.191964681326745],[12.959662158053112,61.19114247845398]]}},{"type":"Feature","properties":{"id":793,"klass":"8"},"geometry":{"type":"LineString","coordinates":[[12.953595524708655,61.19045589573522],[12.951223277221077,61.190275526961834],[12.949275798357629,61.18965281819706]]}},{"type":"Feature","properties":{"id":794,"klass":"8"},"geometry":{"type":"LineString","coordinates":[[12.949275798357629,61.18965281819706],[12.944802901067575,61.18846666279262]]}},{"type":"Feature","properties":{"id":795,"klass":"8"},"geometry":{"type":"LineString","coordinates":[[12.975720573632074,61.189087060129545],[12.974236781291495,61.190534727022076]]}},{"type":"Feature","properties":{"id":796,"klass":"8"},"geometry":{"type":"LineString","coordinates":[[12.944802901067575,61.18846666279262],[12.941570533161478,61.18809212149794],[12.940789171069927,61.187847532203676],[12.940306153642792,61.18748843659701],[12.940157417118234,61.18703427111665],[12.940392255284717,61.18663146373165],[12.942092909081493,61.1856668865461]]}},{"type":"Feature","properties":{"id":797,"klass":"8"},"geometry":{"type":"LineString","coordinates":[[12.997145600259003,61.18680742105392],[12.996770275708878,61.18660575993155]]}},{"type":"Feature","properties":{"id":798,"klass":"8"},"geometry":{"type":"LineString","coordinates":[[12.985489849398633,61.18262126564477],[12.984939316259926,61.183005275790286]]}},{"type":"Feature","properties":{"id":799,"klass":"8"},"geometry":{"type":"LineString","coordinates":[[13.05282091351172,61.184130443340486],[13.054744142879875,61.18345540322698]]}},{"type":"Feature","properties":{"id":800,"klass":"8"},"geometry":{"type":"LineString","coordinates":[[13.056161777851548,61.18194784969742],[13.056019271756657,61.18165374224913]]}},{"type":"Feature","properties":{"id":801,"klass":"8"},"geometry":{"type":"LineString","coordinates":[[13.056019271756657,61.18165374224913],[13.055257286389805,61.18107489545916],[13.054005248191993,61.180687532138926]]}},{"type":"Feature","properties":{"id":802,"klass":"8"},"geometry":{"type":"LineString","coordinates":[[13.074168498579164,61.17371398189252],[13.074741106902382,61.17428561869134]]}},{"type":"Feature","properties":{"id":803,"klass":"8"},"geometry":{"type":"LineString","coordinates":[[13.190123898624067,61.1758000557026],[13.19123662636194,61.17609738496351]]}},{"type":"Feature","properties":{"id":804,"klass":"8"},"geometry":{"type":"LineString","coordinates":[[13.188104977780089,61.1752845447888],[13.190123898624067,61.1758000557026]]}},{"type":"Feature","properties":{"id":805,"klass":"8"},"geometry":{"type":"LineString","coordinates":[[13.18638102802828,61.17496219204917],[13.188104977780089,61.1752845447888]]}},{"type":"Feature","properties":{"id":806,"klass":"8"},"geometry":{"type":"LineString","coordinates":[[13.106952439553362,61.16499220013586],[13.106861576676893,61.1654950836961]]}},{"type":"Feature","properties":{"id":807,"klass":"8"},"geometry":{"type":"LineString","coordinates":[[13.141871133612469,61.16136815610829],[13.140862071128083,61.161757456824354]]}},{"type":"Feature","properties":{"id":808,"klass":"8"},"geometry":{"type":"LineString","coordinates":[[13.142130537250095,61.1612461917715],[13.141871133612469,61.16136815610829]]}},{"type":"Feature","properties":{"id":809,"klass":"8"},"geometry":{"type":"LineString","coordinates":[[13.272687996430095,61.15454687467002],[13.271715233184164,61.15549657758353],[13.270794206102636,61.15569447463308]]}},{"type":"Feature","properties":{"id":810,"klass":"8"},"geometry":{"type":"LineString","coordinates":[[13.275065906701768,61.15069491685553],[13.274020490854708,61.153159360011],[13.27342636111112,61.153818285623615]]}},{"type":"Feature","properties":{"id":813,"klass":"8"},"geometry":{"type":"LineString","coordinates":[[12.996770275708878,61.18660575993155],[12.996376051143823,61.18535732701857],[12.997425826782809,61.184094091459166]]}},{"type":"Feature","properties":{"id":814,"klass":"8"},"geometry":{"type":"LineString","coordinates":[[12.95073736989159,61.18537108119103],[12.949464289384233,61.184865959124394],[12.948536166995648,61.18379837881074]]}},{"type":"Feature","properties":{"id":815,"klass":"8"},"geometry":{"type":"LineString","coordinates":[[12.955846598138663,61.18378409208695],[12.953824868029574,61.183969011417965]]}},{"type":"Feature","properties":{"id":816,"klass":"8"},"geometry":{"type":"LineString","coordinates":[[12.990217482526653,61.180464795330295],[12.987478982802688,61.18138669684887],[12.985489849398633,61.18262126564477]]}},{"type":"Feature","properties":{"id":818,"klass":"8"},"geometry":{"type":"LineString","coordinates":[[13.0376253546916,61.1885832039345],[13.040572586603094,61.18776177083306],[13.042248247527946,61.18684818575371]]}},{"type":"Feature","properties":{"id":819,"klass":"8"},"geometry":{"type":"LineString","coordinates":[[13.039576279130797,61.185776218559205],[13.041248500831095,61.18645122329397]]}},{"type":"Feature","properties":{"id":820,"klass":"8"},"geometry":{"type":"LineString","coordinates":[[12.983006605462613,61.18967433814223],[12.978016844652464,61.18799357634816]]}},{"type":"Feature","properties":{"id":821,"klass":"8"},"geometry":{"type":"LineString","coordinates":[[12.978760472576838,61.18761443295181],[12.978016844652464,61.18799357634816]]}},{"type":"Feature","properties":{"id":822,"klass":"8"},"geometry":{"type":"LineString","coordinates":[[13.139789518561072,61.16375086722651],[13.139081250866417,61.16356255053829],[13.138286389633931,61.16356899643083]]}},{"type":"Feature","properties":{"id":823,"klass":"8"},"geometry":{"type":"LineString","coordinates":[[13.167951377473239,61.17121901538519],[13.167986784541975,61.17041296185588]]}},{"type":"Feature","properties":{"id":824,"klass":"8"},"geometry":{"type":"LineString","coordinates":[[13.099609051503958,61.16882347715789],[13.096751657158304,61.1699683758813],[13.095888017008047,61.17132265954694],[13.095093629329611,61.171936577394355],[13.09438722859181,61.172156971954166],[13.093241732985529,61.17219892710848]]}},{"type":"Feature","properties":{"id":827,"klass":"8"},"geometry":{"type":"LineString","coordinates":[[13.023097611062887,61.191647651873495],[13.021783771735493,61.193509606395274],[13.019345709504622,61.19564328928191],[13.018770899676541,61.196431579981976],[13.018759632162944,61.19790648330948],[13.019105303395932,61.19844352698271],[13.019505548134898,61.19859926464345]]}},{"type":"Feature","properties":{"id":828,"klass":"8"},"geometry":{"type":"LineString","coordinates":[[13.009950277536468,61.190899208624785],[13.009294221938196,61.19118545769384],[13.008562186001996,61.19126647637721],[13.006250894311961,61.19104877179819]]}},{"type":"Feature","properties":{"id":831,"klass":"8"},"geometry":{"type":"LineString","coordinates":[[12.967828296142276,61.18654088142519],[12.966243641704372,61.18654364623144]]}},{"type":"Feature","properties":{"id":832,"klass":"8"},"geometry":{"type":"LineString","coordinates":[[12.942092909081493,61.1856668865461],[12.943981523848402,61.18479306477683]]}},{"type":"Feature","properties":{"id":833,"klass":"8"},"geometry":{"type":"LineString","coordinates":[[12.952687516810823,61.18413578032195],[12.951999587997014,61.18447945119336]]}},{"type":"Feature","properties":{"id":834,"klass":"8"},"geometry":{"type":"LineString","coordinates":[[12.979466966710943,61.18037665850924],[12.978785809574237,61.17987147773619],[12.977859893187365,61.17953731164875]]}},{"type":"Feature","properties":{"id":835,"klass":"8"},"geometry":{"type":"LineString","coordinates":[[12.977859893187365,61.17953731164875],[12.976143309613748,61.17948207999834],[12.97329910074178,61.18021739452566]]}},{"type":"Feature","properties":{"id":836,"klass":"8"},"geometry":{"type":"LineString","coordinates":[[13.06784224861424,61.17784029961194],[13.065868916943762,61.1777831617066]]}},{"type":"Feature","properties":{"id":837,"klass":"8"},"geometry":{"type":"LineString","coordinates":[[13.05804239005184,61.17756354187082],[13.056864006314733,61.177458796783114],[13.056313712451397,61.17711139230791]]}},{"type":"Feature","properties":{"id":838,"klass":"8"},"geometry":{"type":"LineString","coordinates":[[13.093241732985529,61.17219892710848],[13.092948946144663,61.17218727731901]]}},{"type":"Feature","properties":{"id":839,"klass":"8"},"geometry":{"type":"LineString","coordinates":[[13.168565249642352,61.17373809402765],[13.168425293619997,61.173185862433044],[13.167661309845892,61.17239390258509],[13.167951377473239,61.17121901538519]]}},{"type":"Feature","properties":{"id":840,"klass":"8"},"geometry":{"type":"LineString","coordinates":[[12.948536166995648,61.18379837881074],[12.948224092618561,61.18319023405469]]}},{"type":"Feature","properties":{"id":841,"klass":"8"},"geometry":{"type":"LineString","coordinates":[[12.958026163905153,61.18357277595488],[12.958408960074147,61.18366183549078]]}},{"type":"Feature","properties":{"id":842,"klass":"8"},"geometry":{"type":"LineString","coordinates":[[13.14308462624144,61.16678360421772],[13.140580071456299,61.166763150937776],[13.137784479181489,61.16598003455176],[13.136016413070672,61.16466463812699],[13.13541501072505,61.16377495420845],[13.135269303396072,61.1630047330476],[13.136985805418126,61.16292335613751],[13.137346318185953,61.16364736459592],[13.137750708540251,61.16380783795979]]}},{"type":"Feature","properties":{"id":843,"klass":"8"},"geometry":{"type":"LineString","coordinates":[[12.958408960074147,61.18366183549078],[12.95958239667916,61.18385542878767]]}},{"type":"Feature","properties":{"id":844,"klass":"8"},"geometry":{"type":"LineString","coordinates":[[13.106952439553362,61.16499220013586],[13.105924503213553,61.16478203973708],[13.104812844350905,61.16476896648071],[13.102083760534034,61.16543520563509]]}},{"type":"Feature","properties":{"id":845,"klass":"8"},"geometry":{"type":"LineString","coordinates":[[13.071253945439558,61.17565446211011],[13.072206539709159,61.17496511680296],[13.074741106902382,61.17428561869134]]}},{"type":"Feature","properties":{"id":846,"klass":"8"},"geometry":{"type":"LineString","coordinates":[[13.183367171276325,61.17442057966825],[13.18638102802828,61.17496219204917]]}},{"type":"Feature","properties":{"id":847,"klass":"8"},"geometry":{"type":"LineString","coordinates":[[12.97241983403826,61.19208709903233],[12.970586235671043,61.192794630030974],[12.969013866780285,61.193095072389255],[12.967352225027314,61.19320398218004],[12.965012383758664,61.19305383699133]]}},{"type":"Feature","properties":{"id":848,"klass":"8"},"geometry":{"type":"LineString","coordinates":[[12.956013297903354,61.19062870143565],[12.953595524708655,61.19045589573522]]}},{"type":"Feature","properties":{"id":849,"klass":"8"},"geometry":{"type":"LineString","coordinates":[[12.99836466509128,61.18739742924285],[12.997145600259003,61.18680742105392]]}},{"type":"Feature","properties":{"id":850,"klass":"8"},"geometry":{"type":"LineString","coordinates":[[13.0206129981392,61.18693071178009],[13.019021198316803,61.18727743241556],[13.017146307688025,61.187307386326],[13.015115038370519,61.187695501131344],[13.013377840956219,61.18817383525953],[13.012340871491089,61.18884195739805]]}},{"type":"Feature","properties":{"id":851,"klass":"8"},"geometry":{"type":"LineString","coordinates":[[12.956015674248388,61.18198028037203],[12.956165397276473,61.18214693266564]]}},{"type":"Feature","properties":{"id":852,"klass":"8"},"geometry":{"type":"LineString","coordinates":[[13.054744142879875,61.18345540322698],[13.055649111415862,61.18274364457675],[13.056161777851548,61.18194784969742]]}},{"type":"Feature","properties":{"id":853,"klass":"8"},"geometry":{"type":"LineString","coordinates":[[13.159944578210352,61.174533888286874],[13.158513842231942,61.173493705749735],[13.157852619521723,61.17326893478377],[13.156707025119175,61.17339334227116],[13.155693721394496,61.17415360476034],[13.15539098195104,61.174183739549406]]}},{"type":"Feature","properties":{"id":854,"klass":"8"},"geometry":{"type":"LineString","coordinates":[[13.15106674235874,61.16873085301862],[13.146011435010053,61.16673290682217],[13.14473628746885,61.1660700283868]]}},{"type":"Feature","properties":{"id":855,"klass":"8"},"geometry":{"type":"LineString","coordinates":[[13.14340121622744,61.165629500496514],[13.143367031681494,61.1659036013915],[13.142889528885823,61.16604685866899]]}},{"type":"Feature","properties":{"id":871,"klass":"8"},"geometry":{"type":"LineString","coordinates":[[13.27342636111112,61.153818285623615],[13.272687996430095,61.15454687467002]]}},{"type":"Feature","properties":{"id":879,"klass":"4"},"geometry":{"type":"LineString","coordinates":[[13.15813614880369,61.16804663587946],[13.159185031376877,61.167839264314196]]}},{"type":"Feature","properties":{"id":880,"klass":"2"},"geometry":{"type":"LineString","coordinates":[[13.206815398513788,61.16493383037122],[13.199353373485453,61.16531109841519],[13.199177089266167,61.16556977652991],[13.19872266555952,61.16549265293453],[13.197436710925125,61.165677827904034],[13.194902254382315,61.16644043239153],[13.190331963292595,61.16845755114888],[13.188501605911677,61.16888810814553],[13.186139677855026,61.16914351075213],[13.176213686897905,61.169615655463595],[13.165826028521323,61.16936299304283],[13.161814499547434,61.16893291277824],[13.157144139662364,61.167808073348255]]}},{"type":"Feature","properties":{"id":887,"klass":"2"},"geometry":{"type":"LineString","coordinates":[[13.19872266555952,61.16549265293453],[13.198836600149184,61.1652577690458],[13.199353373485453,61.16531109841519]]}},{"type":"Feature","properties":{"id":888,"klass":"4"},"geometry":{"type":"LineString","coordinates":[[13.198907234910292,61.164268540783915],[13.199175071296256,61.164136334964546],[13.199449540532617,61.164257858591895],[13.198852719343924,61.164704551538705],[13.198836600149184,61.1652577690458]]}},{"type":"Feature","properties":{"id":889,"klass":"4"},"geometry":{"type":"LineString","coordinates":[[13.1991046937927,61.16439382672663],[13.198907234910292,61.164268540783915]]}},{"type":"Feature","properties":{"id":904,"klass":"2"},"geometry":{"type":"LineString","coordinates":[[13.27241678598612,61.149192156127434],[13.272802753665275,61.149060454358164],[13.273131688735464,61.14920191916615]]}},{"type":"Feature","properties":{"id":905,"klass":"9"},"geometry":{"type":"LineString","coordinates":[[13.238576471565533,61.18476541752938],[13.239620532126754,61.18485865478803],[13.239964432586898,61.1850957049872]]}},{"type":"Feature","properties":{"id":914,"klass":"9"},"geometry":{"type":"LineString","coordinates":[[13.23026613116067,61.19816031721996],[13.230530314662222,61.19858761240309],[13.229424469877497,61.20000300198373]]}},{"type":"Feature","properties":{"id":917,"klass":"9"},"geometry":{"type":"LineString","coordinates":[[13.23026613116067,61.19816031721996],[13.231650529857715,61.19713417445516],[13.23329887615768,61.19689410692951]]}},{"type":"Feature","properties":{"id":918,"klass":"9"},"geometry":{"type":"LineString","coordinates":[[13.2297479563509,61.19815834168636],[13.23026613116067,61.19816031721996]]}},{"type":"Feature","properties":{"id":939,"klass":"9"},"geometry":{"type":"LineString","coordinates":[[13.159256369524613,61.19157448170574],[13.159867637359897,61.19197783315054]]}},{"type":"Feature","properties":{"id":951,"klass":"9"},"geometry":{"type":"LineString","coordinates":[[13.302613033906317,61.21389742877434],[13.301403699063115,61.21405681441681],[13.299501990140289,61.213726727339406],[13.298163375939861,61.213147422305205],[13.296660779404126,61.21218302012794],[13.296120025699146,61.211320864300276],[13.295278924981627,61.211073812308236],[13.290933434607124,61.210541133297376],[13.29006615196834,61.21070203718192],[13.289402285540005,61.21059470980617],[13.28856954127104,61.20993954544038],[13.28722273222316,61.20952997658062],[13.287113708212784,61.20883968782566],[13.287496789375293,61.208012652542294],[13.286840731721396,61.207484968424914],[13.285796700542006,61.207250492601844]]}},{"type":"Feature","properties":{"id":953,"klass":"7"},"geometry":{"type":"LineString","coordinates":[[13.199228661811357,61.16555638191525],[13.199206607970206,61.16597185613808],[13.198104635796055,61.16689862472002]]}},{"type":"Feature","properties":{"id":956,"klass":"7"},"geometry":{"type":"LineString","coordinates":[[13.26820534511752,61.15505257020306],[13.268305646499325,61.15506982892306]]}},{"type":"Feature","properties":{"id":957,"klass":"7"},"geometry":{"type":"LineString","coordinates":[[13.26782466743812,61.15498335730415],[13.26820534511752,61.15505257020306]]}},{"type":"Feature","properties":{"id":958,"klass":"7"},"geometry":{"type":"LineString","coordinates":[[13.268373058415715,61.154090698042765],[13.268876749507898,61.154280358927025],[13.268473081333765,61.15445618430221],[13.268424482529756,61.154956757116324]]}},{"type":"Feature","properties":{"id":959,"klass":"7"},"geometry":{"type":"LineString","coordinates":[[13.270123310302798,61.15335035784239],[13.26964453872073,61.15347848617604],[13.268305646499325,61.15506982892306]]}},{"type":"Feature","properties":{"id":963,"klass":"9"},"geometry":{"type":"LineString","coordinates":[[12.958863452401525,61.17778534972043],[12.958466573343928,61.17766779801578]]}},{"type":"Feature","properties":{"id":968,"klass":"9"},"geometry":{"type":"LineString","coordinates":[[13.170789360762846,61.16718565010082],[13.170763845164174,61.167397299222],[13.170247717583655,61.16742893808423]]}},{"type":"Feature","properties":{"id":969,"klass":"9"},"geometry":{"type":"LineString","coordinates":[[13.16822739663882,61.16758710728745],[13.1681016231436,61.167370717100304]]}},{"type":"Feature","properties":{"id":970,"klass":"9"},"geometry":{"type":"LineString","coordinates":[[13.166458618819714,61.16711842765979],[13.16670723868347,61.16688513246284]]}},{"type":"Feature","properties":{"id":971,"klass":"9"},"geometry":{"type":"LineString","coordinates":[[13.166562418242599,61.166976232188965],[13.16633612687317,61.166804133724675]]}},{"type":"Feature","properties":{"id":972,"klass":"9"},"geometry":{"type":"LineString","coordinates":[[13.169126225580154,61.165934485160314],[13.169162817380638,61.165718262478585]]}},{"type":"Feature","properties":{"id":973,"klass":"9"},"geometry":{"type":"LineString","coordinates":[[13.167816077897179,61.16418611393148],[13.168232739445468,61.16457045483996],[13.167512147174449,61.16487082127776]]}},{"type":"Feature","properties":{"id":974,"klass":"9"},"geometry":{"type":"LineString","coordinates":[[12.959888587402514,61.178079033062154],[12.958863452401525,61.17778534972043]]}},{"type":"Feature","properties":{"id":975,"klass":"9"},"geometry":{"type":"LineString","coordinates":[[12.959888587402514,61.178079033062154],[12.960868227797299,61.17791898223556]]}},{"type":"Feature","properties":{"id":979,"klass":"9"},"geometry":{"type":"LineString","coordinates":[[12.958388771841577,61.17855316542141],[12.959429604771705,61.178369314664096],[12.959888587402514,61.178079033062154]]}},{"type":"Feature","properties":{"id":980,"klass":"9"},"geometry":{"type":"LineString","coordinates":[[13.175304883929195,61.16603365026891],[13.175427472423454,61.16612379284557]]}},{"type":"Feature","properties":{"id":981,"klass":"9"},"geometry":{"type":"LineString","coordinates":[[13.174721834342883,61.16616054496834],[13.176485882241163,61.16564360130794]]}},{"type":"Feature","properties":{"id":982,"klass":"9"},"geometry":{"type":"LineString","coordinates":[[13.173825475154604,61.16608235220995],[13.17377829321327,61.16583795918467]]}},{"type":"Feature","properties":{"id":983,"klass":"9"},"geometry":{"type":"LineString","coordinates":[[13.171032846850187,61.16601799411992],[13.171835403813837,61.16579141922592]]}},{"type":"Feature","properties":{"id":984,"klass":"9"},"geometry":{"type":"LineString","coordinates":[[13.170848910131303,61.1658500227864],[13.171627244613516,61.165638783163935]]}},{"type":"Feature","properties":{"id":985,"klass":"9"},"geometry":{"type":"LineString","coordinates":[[13.177238235680115,61.16253104293691],[13.177718997471182,61.163278753353836],[13.177486585448312,61.16372535732048]]}},{"type":"Feature","properties":{"id":986,"klass":"9"},"geometry":{"type":"LineString","coordinates":[[13.177665675321142,61.1634061457856],[13.178355093188108,61.16333394060052]]}},{"type":"Feature","properties":{"id":987,"klass":"9"},"geometry":{"type":"LineString","coordinates":[[13.175962648788282,61.16410121149987],[13.176011880833835,61.164312288129125],[13.175277247958594,61.164530167233984],[13.175464206191164,61.164697275146345]]}},{"type":"Feature","properties":{"id":988,"klass":"9"},"geometry":{"type":"LineString","coordinates":[[13.174946956883387,61.164491167632534],[13.174897259267869,61.164304995138735],[13.175964671152093,61.164181754507496]]}},{"type":"Feature","properties":{"id":989,"klass":"9"},"geometry":{"type":"LineString","coordinates":[[13.17501350788235,61.16427726043722],[13.175962648788282,61.16410121149987]]}},{"type":"Feature","properties":{"id":990,"klass":"9"},"geometry":{"type":"LineString","coordinates":[[13.174946956883387,61.164491167632534],[13.174955050754209,61.16467410306887]]}},{"type":"Feature","properties":{"id":991,"klass":"9"},"geometry":{"type":"LineString","coordinates":[[13.174946956883387,61.164491167632534],[13.175976265297962,61.16433089991509]]}},{"type":"Feature","properties":{"id":992,"klass":"9"},"geometry":{"type":"LineString","coordinates":[[13.254859501587678,61.15923372328373],[13.256262599777756,61.15938597680293]]}},{"type":"Feature","properties":{"id":993,"klass":"9"},"geometry":{"type":"LineString","coordinates":[[13.256424573507138,61.15803976502338],[13.256208365377008,61.15798917933818]]}},{"type":"Feature","properties":{"id":994,"klass":"9"},"geometry":{"type":"LineString","coordinates":[[13.258027887746996,61.157241514740136],[13.258450871698665,61.15733772742416]]}},{"type":"Feature","properties":{"id":995,"klass":"9"},"geometry":{"type":"LineString","coordinates":[[13.256712895687844,61.15971555738373],[13.257595034691802,61.159811687172635]]}},{"type":"Feature","properties":{"id":996,"klass":"9"},"geometry":{"type":"LineString","coordinates":[[13.255740618458574,61.16094906578036],[13.255904539853171,61.16025292689184],[13.257246548229901,61.16038674596198]]}},{"type":"Feature","properties":{"id":997,"klass":"9"},"geometry":{"type":"LineString","coordinates":[[13.16279343057097,61.16887078708648],[13.163654521314534,61.168841808987224]]}},{"type":"Feature","properties":{"id":998,"klass":"9"},"geometry":{"type":"LineString","coordinates":[[13.188025013494494,61.16743519086558],[13.187377373388347,61.16750104577372]]}},{"type":"Feature","properties":{"id":999,"klass":"9"},"geometry":{"type":"LineString","coordinates":[[13.209766863029595,61.15461474164677],[13.209917299779757,61.15446456488228],[13.210860701329697,61.15448443139099],[13.210954170042712,61.154595879118915]]}},{"type":"Feature","properties":{"id":1000,"klass":"9"},"geometry":{"type":"LineString","coordinates":[[13.206594094666313,61.154980309463284],[13.205822164673284,61.154884425653925]]}},{"type":"Feature","properties":{"id":1001,"klass":"9"},"geometry":{"type":"LineString","coordinates":[[12.939106226571669,61.18317139104531],[12.940609761776706,61.18366530018791]]}},{"type":"Feature","properties":{"id":1002,"klass":"9"},"geometry":{"type":"LineString","coordinates":[[12.95465792663229,61.175225064483875],[12.954563485178737,61.175002352279336]]}},{"type":"Feature","properties":{"id":1003,"klass":"9"},"geometry":{"type":"LineString","coordinates":[[13.005001817815858,61.171318485256386],[13.005389106216054,61.171471204701405],[13.005132673356986,61.17196125053978]]}},{"type":"Feature","properties":{"id":1004,"klass":"9"},"geometry":{"type":"LineString","coordinates":[[13.00724354411851,61.16894911772768],[13.00755248902717,61.16904655184375],[13.00713714057481,61.16982483763726]]}},{"type":"Feature","properties":{"id":1005,"klass":"9"},"geometry":{"type":"LineString","coordinates":[[12.999710707538833,61.17791608710242],[13.000446044322837,61.17755209050446]]}},{"type":"Feature","properties":{"id":1006,"klass":"9"},"geometry":{"type":"LineString","coordinates":[[13.000504996792806,61.178092138127084],[12.999989869876153,61.17824181548467]]}},{"type":"Feature","properties":{"id":1007,"klass":"9"},"geometry":{"type":"LineString","coordinates":[[13.095903094547396,61.168354279390854],[13.096371451433441,61.168186540605916]]}},{"type":"Feature","properties":{"id":1008,"klass":"9"},"geometry":{"type":"LineString","coordinates":[[13.044150836859743,61.186677049165716],[13.044690845283116,61.186288207841194]]}},{"type":"Feature","properties":{"id":1009,"klass":"9"},"geometry":{"type":"LineString","coordinates":[[12.956015674248388,61.18198028037203],[12.956909358408215,61.1817473917857],[12.957303248744628,61.181112596636076]]}},{"type":"Feature","properties":{"id":1017,"klass":"9"},"geometry":{"type":"LineString","coordinates":[[13.27472966831937,61.14591194089912],[13.27525538050983,61.146156340812965]]}},{"type":"Feature","properties":{"id":1018,"klass":"9"},"geometry":{"type":"LineString","coordinates":[[13.268863753588539,61.153435158032124],[13.267847159750884,61.15333805288801]]}},{"type":"Feature","properties":{"id":1019,"klass":"9"},"geometry":{"type":"LineString","coordinates":[[13.271696700069894,61.15194135761936],[13.271853453858592,61.15152184372556],[13.271588693170123,61.15138936741537]]}},{"type":"Feature","properties":{"id":1020,"klass":"9"},"geometry":{"type":"LineString","coordinates":[[13.268769055645963,61.157213626817594],[13.268736388314599,61.157408539431344]]}},{"type":"Feature","properties":{"id":1021,"klass":"9"},"geometry":{"type":"LineString","coordinates":[[13.266224789026023,61.1602771885563],[13.266697408465092,61.16029416148719],[13.266791777226286,61.16042830824141]]}},{"type":"Feature","properties":{"id":1022,"klass":"9"},"geometry":{"type":"LineString","coordinates":[[13.266697408465092,61.16029416148719],[13.266792338940055,61.160208703292405]]}},{"type":"Feature","properties":{"id":1023,"klass":"9"},"geometry":{"type":"LineString","coordinates":[[13.265690836412078,61.159859266159465],[13.265838490913184,61.16029100753128]]}},{"type":"Feature","properties":{"id":1024,"klass":"9"},"geometry":{"type":"LineString","coordinates":[[13.265744480903072,61.16004612465144],[13.26530536131607,61.16009716038684]]}},{"type":"Feature","properties":{"id":1025,"klass":"9"},"geometry":{"type":"LineString","coordinates":[[13.264267649470407,61.14977615121621],[13.26377106115491,61.14992777289281]]}},{"type":"Feature","properties":{"id":1026,"klass":"9"},"geometry":{"type":"LineString","coordinates":[[13.25383654582604,61.1653148677183],[13.25387398261897,61.16561993139581]]}},{"type":"Feature","properties":{"id":1027,"klass":"9"},"geometry":{"type":"LineString","coordinates":[[13.255219122568018,61.16455217100522],[13.255015845868144,61.16427045490757]]}},{"type":"Feature","properties":{"id":1028,"klass":"9"},"geometry":{"type":"LineString","coordinates":[[13.252536891682997,61.16209421297765],[13.252619301221316,61.16231083095184]]}},{"type":"Feature","properties":{"id":1029,"klass":"9"},"geometry":{"type":"LineString","coordinates":[[13.21053373037674,61.15512758695701],[13.211145171663981,61.155034905753766],[13.211094899800843,61.15485569112154],[13.211476828314916,61.15481106176204]]}},{"type":"Feature","properties":{"id":1030,"klass":"9"},"geometry":{"type":"LineString","coordinates":[[13.202187944862425,61.16714306187769],[13.20240610355683,61.16736184842353]]}},{"type":"Feature","properties":{"id":1031,"klass":"9"},"geometry":{"type":"LineString","coordinates":[[13.189564353890965,61.17193652272436],[13.189999916444052,61.171867084904285]]}},{"type":"Feature","properties":{"id":1032,"klass":"9"},"geometry":{"type":"LineString","coordinates":[[13.140758592371073,61.16194021064591],[13.141244441632507,61.16191420489475]]}},{"type":"Feature","properties":{"id":1033,"klass":"9"},"geometry":{"type":"LineString","coordinates":[[13.205822164673284,61.154884425653925],[13.204122818312484,61.15485327305248]]}},{"type":"Feature","properties":{"id":1034,"klass":"9"},"geometry":{"type":"LineString","coordinates":[[13.203045915423512,61.153719738821145],[13.202667592537379,61.15417537375254],[13.20334543342093,61.154655109556394]]}},{"type":"Feature","properties":{"id":1035,"klass":"9"},"geometry":{"type":"LineString","coordinates":[[13.211530132773069,61.1551215864898],[13.211736584810017,61.155025130259006]]}},{"type":"Feature","properties":{"id":1036,"klass":"9"},"geometry":{"type":"LineString","coordinates":[[13.254200913831513,61.162989252599566],[13.253915026513003,61.163140019495714]]}},{"type":"Feature","properties":{"id":1037,"klass":"9"},"geometry":{"type":"LineString","coordinates":[[13.253295559989265,61.163249645876],[13.252961296404266,61.16319876204595]]}},{"type":"Feature","properties":{"id":1038,"klass":"9"},"geometry":{"type":"LineString","coordinates":[[13.25463482817401,61.16337529164249],[13.253984494343444,61.16340702648171],[13.253885643467843,61.163306020357425]]}},{"type":"Feature","properties":{"id":1039,"klass":"9"},"geometry":{"type":"LineString","coordinates":[[13.254044870450185,61.16603452026958],[13.253834158627221,61.1669424463315]]}},{"type":"Feature","properties":{"id":1040,"klass":"9"},"geometry":{"type":"LineString","coordinates":[[13.252918111569654,61.1657311432722],[13.254044870450185,61.16603452026958]]}},{"type":"Feature","properties":{"id":1041,"klass":"9"},"geometry":{"type":"LineString","coordinates":[[13.254044870450185,61.16603452026958],[13.254655157268596,61.16578951623458],[13.255384870391062,61.16487829363713]]}},{"type":"Feature","properties":{"id":1042,"klass":"9"},"geometry":{"type":"LineString","coordinates":[[13.274468371512794,61.14791282036679],[13.275387316776712,61.14811076981543]]}},{"type":"Feature","properties":{"id":1044,"klass":"9"},"geometry":{"type":"LineString","coordinates":[[13.15813614880369,61.16804663587946],[13.158137144941419,61.16820870545199],[13.15947323219296,61.168827848706044],[13.159244398306743,61.169208216872846]]}},{"type":"Feature","properties":{"id":1045,"klass":"9"},"geometry":{"type":"LineString","coordinates":[[13.159244398306743,61.169208216872846],[13.159459081744425,61.16926967765244]]}},{"type":"Feature","properties":{"id":1046,"klass":"9"},"geometry":{"type":"LineString","coordinates":[[13.159244398306743,61.169208216872846],[13.158705729135105,61.169092554237196]]}},{"type":"Feature","properties":{"id":1047,"klass":"9"},"geometry":{"type":"LineString","coordinates":[[13.190309830267406,61.15964757055301],[13.191205109101872,61.15947491711804]]}},{"type":"Feature","properties":{"id":1048,"klass":"9"},"geometry":{"type":"LineString","coordinates":[[13.19670887655945,61.1585274713866],[13.19581886212963,61.15854420212504]]}},{"type":"Feature","properties":{"id":1049,"klass":"9"},"geometry":{"type":"LineString","coordinates":[[13.19575616938963,61.158847512476655],[13.196159471958742,61.15868241073331]]}},{"type":"Feature","properties":{"id":1050,"klass":"9"},"geometry":{"type":"LineString","coordinates":[[13.198517833305274,61.15804173715771],[13.19750559423515,61.15797762069264],[13.19658663342542,61.15829887119898],[13.195887983777009,61.15814879698379],[13.195231723826756,61.15827028511909],[13.194793505526864,61.158190310069024],[13.194113968897918,61.15835863674217],[13.193813100316742,61.15861460400662],[13.192998563488581,61.15872879652877]]}},{"type":"Feature","properties":{"id":1051,"klass":"9"},"geometry":{"type":"LineString","coordinates":[[13.195616361052947,61.1581702661577],[13.194876143149608,61.1579550926137]]}},{"type":"Feature","properties":{"id":1052,"klass":"9"},"geometry":{"type":"LineString","coordinates":[[13.196858819796862,61.15880029018292],[13.197561040446482,61.15866462504133],[13.197517832668566,61.158297698679476],[13.196924124536217,61.158211016911075]]}},{"type":"Feature","properties":{"id":1053,"klass":"9"},"geometry":{"type":"LineString","coordinates":[[13.197997426417476,61.15800761729682],[13.197517832668566,61.158297698679476]]}},{"type":"Feature","properties":{"id":1054,"klass":"9"},"geometry":{"type":"LineString","coordinates":[[13.120829646222356,61.15718290380057],[13.122032780677198,61.15670102913193]]}},{"type":"Feature","properties":{"id":1055,"klass":"9"},"geometry":{"type":"LineString","coordinates":[[13.192863240553786,61.16454563114635],[13.192458062945176,61.16430724191997]]}},{"type":"Feature","properties":{"id":1056,"klass":"9"},"geometry":{"type":"LineString","coordinates":[[13.193296277408614,61.16389022707664],[13.192806735266634,61.16437717383669]]}},{"type":"Feature","properties":{"id":1057,"klass":"9"},"geometry":{"type":"LineString","coordinates":[[13.19219133958842,61.1648001253596],[13.192048473790111,61.16483744215308]]}},{"type":"Feature","properties":{"id":1058,"klass":"9"},"geometry":{"type":"LineString","coordinates":[[13.1923360201893,61.16478891079401],[13.192171758914327,61.16523282022852]]}},{"type":"Feature","properties":{"id":1059,"klass":"9"},"geometry":{"type":"LineString","coordinates":[[13.107911461422725,61.15743660169234],[13.107746682650774,61.15773340505959]]}},{"type":"Feature","properties":{"id":1060,"klass":"9"},"geometry":{"type":"LineString","coordinates":[[13.106182464597541,61.15753796185312],[13.105879781207221,61.157737291600576]]}},{"type":"Feature","properties":{"id":1061,"klass":"9"},"geometry":{"type":"LineString","coordinates":[[13.208688527512258,61.15542568425679],[13.210046831954806,61.15527355699348]]}},{"type":"Feature","properties":{"id":1062,"klass":"9"},"geometry":{"type":"LineString","coordinates":[[13.209329104035174,61.15542020688028],[13.209490269051821,61.15553077331814]]}},{"type":"Feature","properties":{"id":1063,"klass":"9"},"geometry":{"type":"LineString","coordinates":[[13.209868359280545,61.156266211668296],[13.210632423470903,61.1563134128876]]}},{"type":"Feature","properties":{"id":1064,"klass":"9"},"geometry":{"type":"LineString","coordinates":[[13.21393688202767,61.15644353300283],[13.214758929827672,61.155691678925564],[13.213530248507821,61.155217564123184]]}},{"type":"Feature","properties":{"id":1065,"klass":"9"},"geometry":{"type":"LineString","coordinates":[[13.21211630018656,61.1558945834988],[13.21154132763567,61.15618689242916],[13.211308479960175,61.15662305554147]]}},{"type":"Feature","properties":{"id":1066,"klass":"9"},"geometry":{"type":"LineString","coordinates":[[13.211419053855998,61.15651587648403],[13.211993019773995,61.156609301057365]]}},{"type":"Feature","properties":{"id":1067,"klass":"9"},"geometry":{"type":"LineString","coordinates":[[13.204609011533082,61.152588596142856],[13.204463582638867,61.15274879252611],[13.204705547967482,61.15288368644533]]}},{"type":"Feature","properties":{"id":1068,"klass":"9"},"geometry":{"type":"LineString","coordinates":[[13.209599917468557,61.15093022982925],[13.210621525314926,61.150413740937545],[13.211492818142771,61.150336124106026]]}},{"type":"Feature","properties":{"id":1069,"klass":"9"},"geometry":{"type":"LineString","coordinates":[[13.211272457759602,61.15159313820561],[13.211399803524474,61.15209645556373]]}},{"type":"Feature","properties":{"id":1070,"klass":"9"},"geometry":{"type":"LineString","coordinates":[[13.216746855755146,61.14612731726509],[13.216392743539034,61.145985237163046]]}},{"type":"Feature","properties":{"id":1071,"klass":"9"},"geometry":{"type":"LineString","coordinates":[[13.105797004617074,61.157394602521045],[13.105673734293504,61.15723937646111]]}},{"type":"Feature","properties":{"id":1072,"klass":"9"},"geometry":{"type":"LineString","coordinates":[[13.000285699322538,61.1766396914566],[13.000840643904128,61.17637977168677]]}},{"type":"Feature","properties":{"id":1073,"klass":"9"},"geometry":{"type":"LineString","coordinates":[[13.006569237587902,61.16931987599854],[13.006284030161925,61.16995169864743]]}},{"type":"Feature","properties":{"id":1074,"klass":"9"},"geometry":{"type":"LineString","coordinates":[[13.110869564867254,61.15902095016406],[13.1113762529852,61.15906490413726]]}},{"type":"Feature","properties":{"id":1075,"klass":"9"},"geometry":{"type":"LineString","coordinates":[[13.148336528365233,61.158302837997475],[13.14928212628844,61.158207165942436]]}},{"type":"Feature","properties":{"id":1076,"klass":"9"},"geometry":{"type":"LineString","coordinates":[[13.006272781353706,61.171132246573755],[13.00667399208042,61.170918121889784]]}},{"type":"Feature","properties":{"id":1077,"klass":"9"},"geometry":{"type":"LineString","coordinates":[[13.006578862155871,61.17103794993086],[13.006393165866605,61.17179899598736]]}},{"type":"Feature","properties":{"id":1078,"klass":"9"},"geometry":{"type":"LineString","coordinates":[[13.005580619011765,61.170657286931515],[13.005118518312994,61.17133591216342]]}},{"type":"Feature","properties":{"id":1079,"klass":"9"},"geometry":{"type":"LineString","coordinates":[[13.000750882835261,61.179345068603624],[13.000177796749984,61.17917183790627],[13.00019451254097,61.17891535656819]]}},{"type":"Feature","properties":{"id":1080,"klass":"9"},"geometry":{"type":"LineString","coordinates":[[13.001300559516881,61.179500349270555],[13.00196062511713,61.1798402901273],[13.002448063046657,61.18095036142134]]}},{"type":"Feature","properties":{"id":1081,"klass":"9"},"geometry":{"type":"LineString","coordinates":[[12.99793487489293,61.180575226109966],[12.999953633659528,61.18077439150235],[13.001198604888701,61.180657941933944],[13.001632998210209,61.18031089612785],[13.001251561673984,61.17975566256271]]}},{"type":"Feature","properties":{"id":1082,"klass":"9"},"geometry":{"type":"LineString","coordinates":[[13.001251561673984,61.17975566256271],[13.000802561333758,61.17989994319454]]}},{"type":"Feature","properties":{"id":1083,"klass":"9"},"geometry":{"type":"LineString","coordinates":[[13.000802561333758,61.17989994319454],[12.999889171382755,61.18018958393579],[12.998525905253562,61.18018736324022]]}},{"type":"Feature","properties":{"id":1084,"klass":"9"},"geometry":{"type":"LineString","coordinates":[[12.998255841287671,61.180385344336806],[13.000286150479896,61.18048014155571],[13.000960982806353,61.18034071479032],[13.001005852695968,61.1800375639007]]}},{"type":"Feature","properties":{"id":1085,"klass":"9"},"geometry":{"type":"LineString","coordinates":[[12.99780053775751,61.18074062000864],[12.996214856580995,61.18032468241472]]}},{"type":"Feature","properties":{"id":1086,"klass":"9"},"geometry":{"type":"LineString","coordinates":[[12.996214856580995,61.18032468241472],[12.99590102971923,61.18010960393263]]}},{"type":"Feature","properties":{"id":1087,"klass":"9"},"geometry":{"type":"LineString","coordinates":[[12.99756401764058,61.179484822309675],[12.99590102971923,61.18010960393263]]}},{"type":"Feature","properties":{"id":1088,"klass":"9"},"geometry":{"type":"LineString","coordinates":[[12.997237426721554,61.17908425237293],[12.997741998701281,61.17908233065738]]}},{"type":"Feature","properties":{"id":1089,"klass":"9"},"geometry":{"type":"LineString","coordinates":[[12.996618849092837,61.17902209702989],[12.997237426721554,61.17908425237293]]}},{"type":"Feature","properties":{"id":1090,"klass":"9"},"geometry":{"type":"LineString","coordinates":[[12.99594084808324,61.17896256168323],[12.996618849092837,61.17902209702989]]}},{"type":"Feature","properties":{"id":1091,"klass":"9"},"geometry":{"type":"LineString","coordinates":[[12.994514078270294,61.17885319123913],[12.994551699295602,61.17930497928966]]}},{"type":"Feature","properties":{"id":1092,"klass":"9"},"geometry":{"type":"LineString","coordinates":[[12.995049843520997,61.17782227636262],[12.994514078270294,61.17885319123913]]}},{"type":"Feature","properties":{"id":1093,"klass":"9"},"geometry":{"type":"LineString","coordinates":[[12.997457621582774,61.17837350665571],[12.996946956525155,61.17791387765607],[12.995049843520997,61.17782227636262]]}},{"type":"Feature","properties":{"id":1094,"klass":"9"},"geometry":{"type":"LineString","coordinates":[[12.996618849092837,61.17902209702989],[12.997021661259106,61.17793746135883]]}},{"type":"Feature","properties":{"id":1095,"klass":"9"},"geometry":{"type":"LineString","coordinates":[[12.996572304648048,61.17787705464496],[12.99594084808324,61.17896256168323]]}},{"type":"Feature","properties":{"id":1096,"klass":"9"},"geometry":{"type":"LineString","coordinates":[[13.16194958526379,61.168523599801404],[13.161873377497434,61.16841109437132]]}},{"type":"Feature","properties":{"id":1097,"klass":"9"},"geometry":{"type":"LineString","coordinates":[[13.161320412358528,61.16738987776001],[13.16056193807222,61.1678084742746]]}},{"type":"Feature","properties":{"id":1098,"klass":"9"},"geometry":{"type":"LineString","coordinates":[[13.169801037262971,61.16691541415347],[13.169737312375393,61.16724697908619]]}},{"type":"Feature","properties":{"id":1099,"klass":"9"},"geometry":{"type":"LineString","coordinates":[[13.144189881394366,61.16079716475999],[13.144179247868705,61.161494511782585]]}},{"type":"Feature","properties":{"id":1100,"klass":"9"},"geometry":{"type":"LineString","coordinates":[[13.152921249109998,61.1607182799794],[13.153272560218245,61.16089200028844]]}},{"type":"Feature","properties":{"id":1101,"klass":"9"},"geometry":{"type":"LineString","coordinates":[[13.152664262193287,61.159548030671395],[13.15343293680048,61.15956226542575]]}},{"type":"Feature","properties":{"id":1102,"klass":"9"},"geometry":{"type":"LineString","coordinates":[[13.190288510916467,61.16415259382983],[13.189788759012341,61.16442010000408]]}},{"type":"Feature","properties":{"id":1103,"klass":"9"},"geometry":{"type":"LineString","coordinates":[[13.189935213912351,61.16441521575962],[13.189861841483474,61.1645465291257]]}},{"type":"Feature","properties":{"id":1104,"klass":"9"},"geometry":{"type":"LineString","coordinates":[[13.190067514058223,61.16438775473982],[13.19010752107345,61.16445294628673]]}},{"type":"Feature","properties":{"id":1105,"klass":"9"},"geometry":{"type":"LineString","coordinates":[[13.190235025703704,61.16429991536001],[13.190367587353686,61.16440674568499]]}},{"type":"Feature","properties":{"id":1106,"klass":"9"},"geometry":{"type":"LineString","coordinates":[[13.192119059782593,61.16393395653774],[13.192331393301155,61.164163611218186]]}},{"type":"Feature","properties":{"id":1107,"klass":"9"},"geometry":{"type":"LineString","coordinates":[[13.191408055483677,61.162519371835806],[13.19102806129952,61.162449511363135]]}},{"type":"Feature","properties":{"id":1108,"klass":"9"},"geometry":{"type":"LineString","coordinates":[[13.18838799334632,61.16415321246403],[13.187729890807612,61.16425096937676]]}},{"type":"Feature","properties":{"id":1109,"klass":"9"},"geometry":{"type":"LineString","coordinates":[[13.18838799334632,61.16415321246403],[13.188944578101736,61.16399244581712]]}},{"type":"Feature","properties":{"id":1110,"klass":"9"},"geometry":{"type":"LineString","coordinates":[[13.188170045427611,61.164883941380516],[13.188687625939652,61.16474873173973]]}},{"type":"Feature","properties":{"id":1111,"klass":"9"},"geometry":{"type":"LineString","coordinates":[[13.188270570726655,61.16660955308087],[13.188009366866357,61.16662692649722]]}},{"type":"Feature","properties":{"id":1112,"klass":"9"},"geometry":{"type":"LineString","coordinates":[[13.182032971075543,61.16743644216683],[13.181953920811532,61.167212907482906],[13.181614436408983,61.167293236375905]]}},{"type":"Feature","properties":{"id":1113,"klass":"9"},"geometry":{"type":"LineString","coordinates":[[13.180911532713836,61.16597372078843],[13.180230060908109,61.16595230295431],[13.18013701620116,61.165833502434076]]}},{"type":"Feature","properties":{"id":1114,"klass":"9"},"geometry":{"type":"LineString","coordinates":[[13.183463560774861,61.163233465920584],[13.183726519982857,61.16326594665934]]}},{"type":"Feature","properties":{"id":1115,"klass":"9"},"geometry":{"type":"LineString","coordinates":[[13.183463560774861,61.163233465920584],[13.183940838804183,61.163481282597374]]}},{"type":"Feature","properties":{"id":1116,"klass":"9"},"geometry":{"type":"LineString","coordinates":[[13.182784109924821,61.16311201325954],[13.182643293439735,61.16300315159805]]}},{"type":"Feature","properties":{"id":1117,"klass":"9"},"geometry":{"type":"LineString","coordinates":[[13.178222719362049,61.164323985630034],[13.179314655211611,61.16428236367046]]}},{"type":"Feature","properties":{"id":1118,"klass":"9"},"geometry":{"type":"LineString","coordinates":[[13.178683757898256,61.1643297770282],[13.178662034668305,61.164525628332235]]}},{"type":"Feature","properties":{"id":1119,"klass":"9"},"geometry":{"type":"LineString","coordinates":[[13.065827454464696,61.177072093464794],[13.066197796603204,61.1770403395921]]}},{"type":"Feature","properties":{"id":1120,"klass":"9"},"geometry":{"type":"LineString","coordinates":[[13.065827454464696,61.177072093464794],[13.065433620685681,61.176717855988414]]}},{"type":"Feature","properties":{"id":1121,"klass":"9"},"geometry":{"type":"LineString","coordinates":[[13.014841622399606,61.192425664850866],[13.014165498963727,61.19241992838073]]}},{"type":"Feature","properties":{"id":1122,"klass":"9"},"geometry":{"type":"LineString","coordinates":[[12.959329512392712,61.187083190639335],[12.959716076316958,61.18745850879661]]}},{"type":"Feature","properties":{"id":1123,"klass":"9"},"geometry":{"type":"LineString","coordinates":[[12.95132591423012,61.18454630573889],[12.951092174398392,61.1846681580033]]}},{"type":"Feature","properties":{"id":1124,"klass":"9"},"geometry":{"type":"LineString","coordinates":[[13.007497905803376,61.169713823019094],[13.007627193657603,61.16949515394564]]}},{"type":"Feature","properties":{"id":1125,"klass":"9"},"geometry":{"type":"LineString","coordinates":[[13.008299440102679,61.1691401121298],[13.008418783649953,61.169291529505635],[13.00791111967253,61.169923225224075]]}},{"type":"Feature","properties":{"id":1126,"klass":"9"},"geometry":{"type":"LineString","coordinates":[[13.110850846682062,61.15890284934247],[13.11009732896996,61.159307093164486],[13.11024553905827,61.15952099916246]]}},{"type":"Feature","properties":{"id":1127,"klass":"9"},"geometry":{"type":"LineString","coordinates":[[13.110426044998901,61.15944238247565],[13.110218399330712,61.15947535048464]]}},{"type":"Feature","properties":{"id":1128,"klass":"9"},"geometry":{"type":"LineString","coordinates":[[13.162750972026856,61.15985013911642],[13.16310998219483,61.16014825034271]]}},{"type":"Feature","properties":{"id":1130,"klass":"9"},"geometry":{"type":"LineString","coordinates":[[13.27342636111112,61.153818285623615],[13.272681295884894,61.15330825703001],[13.272145070537118,61.153475908590366]]}},{"type":"Feature","properties":{"id":1131,"klass":"9"},"geometry":{"type":"LineString","coordinates":[[13.26875467264148,61.1547260406927],[13.269554769541005,61.15508208926295]]}},{"type":"Feature","properties":{"id":1132,"klass":"9"},"geometry":{"type":"LineString","coordinates":[[13.26909839237286,61.157016177979926],[13.268709823628006,61.15668486071782],[13.26771419458977,61.15655025431893]]}},{"type":"Feature","properties":{"id":1133,"klass":"9"},"geometry":{"type":"LineString","coordinates":[[13.27154327298411,61.15713231170105],[13.270520838956672,61.156728427380294]]}},{"type":"Feature","properties":{"id":1134,"klass":"9"},"geometry":{"type":"LineString","coordinates":[[13.266578846117106,61.15800752148602],[13.266086309652588,61.158311404637836]]}},{"type":"Feature","properties":{"id":1135,"klass":"9"},"geometry":{"type":"LineString","coordinates":[[13.261602541136169,61.16369991774628],[13.26094330881199,61.163548579356096]]}},{"type":"Feature","properties":{"id":1136,"klass":"9"},"geometry":{"type":"LineString","coordinates":[[13.262580016246856,61.16178936048874],[13.262026883475064,61.16165390044108]]}},{"type":"Feature","properties":{"id":1137,"klass":"9"},"geometry":{"type":"LineString","coordinates":[[13.263649362712886,61.16125270510903],[13.262967846558158,61.16236596252287]]}},{"type":"Feature","properties":{"id":1138,"klass":"9"},"geometry":{"type":"LineString","coordinates":[[13.263923209081986,61.16122617119122],[13.263695886074672,61.16136705026022],[13.263242748106935,61.16133321923766]]}},{"type":"Feature","properties":{"id":1139,"klass":"9"},"geometry":{"type":"LineString","coordinates":[[13.262967846558158,61.16236596252287],[13.263441752947767,61.1626589690893],[13.264456894517108,61.162589140873465]]}},{"type":"Feature","properties":{"id":1140,"klass":"9"},"geometry":{"type":"LineString","coordinates":[[13.263061376532008,61.16240565960746],[13.263488989918196,61.16211317551691]]}},{"type":"Feature","properties":{"id":1141,"klass":"9"},"geometry":{"type":"LineString","coordinates":[[13.262967846558158,61.16236596252287],[13.26297327566121,61.16198126163465]]}},{"type":"Feature","properties":{"id":1142,"klass":"9"},"geometry":{"type":"LineString","coordinates":[[13.256414024089866,61.17128335181714],[13.256675891569554,61.17079350318303]]}},{"type":"Feature","properties":{"id":1143,"klass":"9"},"geometry":{"type":"LineString","coordinates":[[13.203185841400254,61.15654350837372],[13.20218644064113,61.15756355297763],[13.201138509344219,61.157972050086734],[13.199335978814053,61.15837616789486],[13.198865667301986,61.15889118443711],[13.197753393002063,61.15930324489279]]}},{"type":"Feature","properties":{"id":1144,"klass":"9"},"geometry":{"type":"LineString","coordinates":[[13.198879954896741,61.15817145168723],[13.200027661286951,61.15809659706871],[13.200305319160773,61.15841643271844]]}},{"type":"Feature","properties":{"id":1145,"klass":"9"},"geometry":{"type":"LineString","coordinates":[[13.199220363616414,61.15849921002727],[13.199769570430247,61.15862139850666]]}},{"type":"Feature","properties":{"id":1146,"klass":"9"},"geometry":{"type":"LineString","coordinates":[[13.196782648052263,61.16046625468076],[13.198097749720898,61.15918704815336]]}},{"type":"Feature","properties":{"id":1147,"klass":"9"},"geometry":{"type":"LineString","coordinates":[[13.19233990901044,61.160297899898026],[13.193257003006044,61.160486550295744]]}},{"type":"Feature","properties":{"id":1148,"klass":"9"},"geometry":{"type":"LineString","coordinates":[[13.192687972153584,61.15980719802672],[13.192148055377436,61.15979008201701]]}},{"type":"Feature","properties":{"id":1149,"klass":"9"},"geometry":{"type":"LineString","coordinates":[[13.188713953846975,61.15958820039261],[13.188721957498176,61.15920320525963],[13.189346214178508,61.159192385895935],[13.189731008436652,61.15874147054226],[13.190572332404653,61.158582009929646]]}},{"type":"Feature","properties":{"id":1150,"klass":"9"},"geometry":{"type":"LineString","coordinates":[[13.190180138868081,61.17737619862184],[13.189852744583652,61.17728793912264]]}},{"type":"Feature","properties":{"id":1151,"klass":"9"},"geometry":{"type":"LineString","coordinates":[[13.188473768426503,61.17269537871028],[13.18842552419018,61.17289354305038]]}},{"type":"Feature","properties":{"id":1152,"klass":"9"},"geometry":{"type":"LineString","coordinates":[[13.135161730324983,61.157307770571585],[13.136350982566421,61.15796304283549]]}},{"type":"Feature","properties":{"id":1153,"klass":"9"},"geometry":{"type":"LineString","coordinates":[[13.134856335109637,61.15730718994833],[13.136002765805532,61.15803729117867]]}},{"type":"Feature","properties":{"id":1154,"klass":"9"},"geometry":{"type":"LineString","coordinates":[[13.134474919237713,61.157423426367856],[13.135480775326831,61.1580476749148]]}},{"type":"Feature","properties":{"id":1155,"klass":"9"},"geometry":{"type":"LineString","coordinates":[[13.134193976343898,61.15767314632333],[13.134747625342143,61.15793802619537]]}},{"type":"Feature","properties":{"id":1156,"klass":"9"},"geometry":{"type":"LineString","coordinates":[[13.110923673337075,61.15785097922887],[13.11063654035525,61.15766084506508],[13.110930539401272,61.157342017542426]]}},{"type":"Feature","properties":{"id":1157,"klass":"9"},"geometry":{"type":"LineString","coordinates":[[13.110691729236299,61.157141422392066],[13.112830096317703,61.1569300929062],[13.113114409906935,61.157186834836956]]}},{"type":"Feature","properties":{"id":1158,"klass":"9"},"geometry":{"type":"LineString","coordinates":[[13.113038179761203,61.15697784210117],[13.113297269510513,61.15692653995281]]}},{"type":"Feature","properties":{"id":1159,"klass":"9"},"geometry":{"type":"LineString","coordinates":[[13.162750972026856,61.15985013911642],[13.162582257561017,61.160105049483015]]}},{"type":"Feature","properties":{"id":1160,"klass":"9"},"geometry":{"type":"LineString","coordinates":[[13.152862270715133,61.16077768720678],[13.152543311469955,61.16052156518801]]}},{"type":"Feature","properties":{"id":1161,"klass":"9"},"geometry":{"type":"LineString","coordinates":[[13.152833736841911,61.1602868987854],[13.153477275089422,61.1604293055764]]}},{"type":"Feature","properties":{"id":1162,"klass":"9"},"geometry":{"type":"LineString","coordinates":[[13.152724478111633,61.159712498548274],[13.153633106705655,61.1597428938723]]}},{"type":"Feature","properties":{"id":1163,"klass":"9"},"geometry":{"type":"LineString","coordinates":[[13.013894167656426,61.19770166808099],[13.01433276686272,61.19810933987465]]}},{"type":"Feature","properties":{"id":1164,"klass":"9"},"geometry":{"type":"LineString","coordinates":[[13.013647356145354,61.197602882040655],[13.013067909130628,61.19707645761874]]}},{"type":"Feature","properties":{"id":1165,"klass":"9"},"geometry":{"type":"LineString","coordinates":[[13.012319773063313,61.19699545034397],[13.012961134247888,61.1975158085596]]}},{"type":"Feature","properties":{"id":1166,"klass":"9"},"geometry":{"type":"LineString","coordinates":[[13.011500402308524,61.19642234612428],[13.011400948302114,61.19673347163045],[13.012319773063313,61.19699545034397]]}},{"type":"Feature","properties":{"id":1167,"klass":"9"},"geometry":{"type":"LineString","coordinates":[[12.986808392479263,61.19364146629576],[12.986056707632372,61.19275060290254]]}},{"type":"Feature","properties":{"id":1168,"klass":"9"},"geometry":{"type":"LineString","coordinates":[[12.950977523047257,61.18709094232943],[12.951512014436508,61.187115472870104]]}},{"type":"Feature","properties":{"id":1169,"klass":"9"},"geometry":{"type":"LineString","coordinates":[[12.960477311578677,61.18107040641529],[12.959511674761378,61.18085494936652]]}},{"type":"Feature","properties":{"id":1170,"klass":"9"},"geometry":{"type":"LineString","coordinates":[[12.9687064299677,61.1780024529968],[12.968892175427332,61.17825143634843],[12.967702794586723,61.17855109082292],[12.967484344440338,61.17840572793962]]}},{"type":"Feature","properties":{"id":1171,"klass":"9"},"geometry":{"type":"LineString","coordinates":[[13.16538600412903,61.165881310423735],[13.1651106159093,61.16589756740314],[13.165300841550588,61.165699152293485],[13.165002253326511,61.16551926449937]]}},{"type":"Feature","properties":{"id":1172,"klass":"9"},"geometry":{"type":"LineString","coordinates":[[13.16571176717635,61.16522978857631],[13.164714999233004,61.16560891617775]]}},{"type":"Feature","properties":{"id":1173,"klass":"9"},"geometry":{"type":"LineString","coordinates":[[13.16571176717635,61.16522978857631],[13.166292618221252,61.164930744361016]]}},{"type":"Feature","properties":{"id":1174,"klass":"9"},"geometry":{"type":"LineString","coordinates":[[13.164355588876955,61.16538834831984],[13.16382630331756,61.16560709199264]]}},{"type":"Feature","properties":{"id":1175,"klass":"9"},"geometry":{"type":"LineString","coordinates":[[13.164176934665662,61.165407136491375],[13.164681250864,61.165169769351415]]}},{"type":"Feature","properties":{"id":1176,"klass":"9"},"geometry":{"type":"LineString","coordinates":[[13.163423145425512,61.165485787426064],[13.163931912543056,61.16526375864384]]}},{"type":"Feature","properties":{"id":1177,"klass":"9"},"geometry":{"type":"LineString","coordinates":[[13.172888356312667,61.16626337138775],[13.17380157137667,61.16621569884769]]}},{"type":"Feature","properties":{"id":1178,"klass":"9"},"geometry":{"type":"LineString","coordinates":[[13.17380157137667,61.16621569884769],[13.174173543979638,61.16608938249871]]}},{"type":"Feature","properties":{"id":1179,"klass":"9"},"geometry":{"type":"LineString","coordinates":[[13.171539582566224,61.16647922572255],[13.172412965344785,61.16627380035421]]}},{"type":"Feature","properties":{"id":1180,"klass":"9"},"geometry":{"type":"LineString","coordinates":[[13.253409305489448,61.16107056462944],[13.253620034143168,61.16031545029508],[13.255776285379383,61.15837379790881],[13.256424573507138,61.15803976502338]]}},{"type":"Feature","properties":{"id":1181,"klass":"9"},"geometry":{"type":"LineString","coordinates":[[13.256454315882753,61.15794201565644],[13.257160547681929,61.15776380898455]]}},{"type":"Feature","properties":{"id":1182,"klass":"9"},"geometry":{"type":"LineString","coordinates":[[13.256648766686489,61.15747444887379],[13.256583490618121,61.15696255190346]]}},{"type":"Feature","properties":{"id":1183,"klass":"9"},"geometry":{"type":"LineString","coordinates":[[13.256844177230345,61.15940867148402],[13.257194613633443,61.159422173372334]]}},{"type":"Feature","properties":{"id":1186,"klass":"9"},"geometry":{"type":"LineString","coordinates":[[13.161810097636339,61.17029380389074],[13.161965152281514,61.17053048874105]]}},{"type":"Feature","properties":{"id":1187,"klass":"9"},"geometry":{"type":"LineString","coordinates":[[12.937456610558677,61.18012820098543],[12.936090545023704,61.180135753439814]]}},{"type":"Feature","properties":{"id":1188,"klass":"9"},"geometry":{"type":"LineString","coordinates":[[12.955650371233435,61.177144481925254],[12.956076101868565,61.17710660816817]]}},{"type":"Feature","properties":{"id":1189,"klass":"9"},"geometry":{"type":"LineString","coordinates":[[12.951254002349852,61.176354820899746],[12.950134154256764,61.17644023159198]]}},{"type":"Feature","properties":{"id":1193,"klass":"9"},"geometry":{"type":"LineString","coordinates":[[13.007521814859924,61.169154011028446],[13.007758946575922,61.16900162537635]]}},{"type":"Feature","properties":{"id":1194,"klass":"9"},"geometry":{"type":"LineString","coordinates":[[13.008054723978194,61.169283648992106],[13.00806934993611,61.169049740433984]]}},{"type":"Feature","properties":{"id":1195,"klass":"9"},"geometry":{"type":"LineString","coordinates":[[13.001885048211172,61.18605294901962],[13.002165066026432,61.18606398673987]]}},{"type":"Feature","properties":{"id":1200,"klass":"9"},"geometry":{"type":"LineString","coordinates":[[12.936029354147307,61.14414270064589],[12.939187942939364,61.14494218917388],[12.941449933839595,61.14497733731714],[12.942546304609321,61.144545388705325],[12.943506823190992,61.143307925727655],[12.945959706841867,61.14279650117643],[12.94784970214353,61.14165442246448]]}},{"type":"Feature","properties":{"id":1212,"klass":"9"},"geometry":{"type":"LineString","coordinates":[[13.26714618559914,61.1540224612911],[13.26648179486626,61.15442057090033],[13.266100783137578,61.154400998615735]]}},{"type":"Feature","properties":{"id":1213,"klass":"9"},"geometry":{"type":"LineString","coordinates":[[13.27126084303376,61.15115882343228],[13.271792124327417,61.151198853185974]]}},{"type":"Feature","properties":{"id":1214,"klass":"9"},"geometry":{"type":"LineString","coordinates":[[13.270515382854464,61.152669206973776],[13.27057151679961,61.152920562016945]]}},{"type":"Feature","properties":{"id":1215,"klass":"9"},"geometry":{"type":"LineString","coordinates":[[13.269008709293471,61.15438593523704],[13.269897668190472,61.15450951565963],[13.270137400797527,61.154156491849534]]}},{"type":"Feature","properties":{"id":1216,"klass":"9"},"geometry":{"type":"LineString","coordinates":[[13.26927258108622,61.1540313987202],[13.270122715323511,61.15422955306719]]}},{"type":"Feature","properties":{"id":1217,"klass":"9"},"geometry":{"type":"LineString","coordinates":[[13.266224789026023,61.1602771885563],[13.266207396373991,61.16037937241695]]}},{"type":"Feature","properties":{"id":1218,"klass":"9"},"geometry":{"type":"LineString","coordinates":[[13.265384052678233,61.15845619551779],[13.264470735912795,61.15833412385164]]}},{"type":"Feature","properties":{"id":1219,"klass":"9"},"geometry":{"type":"LineString","coordinates":[[13.263082672463742,61.158493104276985],[13.262627968468568,61.15840029766101]]}},{"type":"Feature","properties":{"id":1220,"klass":"9"},"geometry":{"type":"LineString","coordinates":[[13.258517540868775,61.15406596317322],[13.258815188230333,61.15394943535518]]}},{"type":"Feature","properties":{"id":1221,"klass":"9"},"geometry":{"type":"LineString","coordinates":[[13.254050498307953,61.16521776191903],[13.255085818936234,61.164891267267265]]}},{"type":"Feature","properties":{"id":1222,"klass":"9"},"geometry":{"type":"LineString","coordinates":[[13.252934614593537,61.16438054318975],[13.252046215887727,61.16404946935391]]}},{"type":"Feature","properties":{"id":1223,"klass":"9"},"geometry":{"type":"LineString","coordinates":[[13.253132786792186,61.16355798105006],[13.253332139163737,61.16408340044611],[13.252934614593537,61.16438054318975],[13.253119457733126,61.16487086163603],[13.25265691291388,61.16524558613636]]}},{"type":"Feature","properties":{"id":1224,"klass":"9"},"geometry":{"type":"LineString","coordinates":[[13.212603940385712,61.153311946300384],[13.212190290799057,61.15294469428146],[13.21088030387381,61.15245514754864]]}},{"type":"Feature","properties":{"id":1225,"klass":"9"},"geometry":{"type":"LineString","coordinates":[[13.208441621867875,61.15160729685026],[13.207905442080058,61.1517317726472],[13.208003468632166,61.151995512791544],[13.20765790634127,61.15221266256892]]}},{"type":"Feature","properties":{"id":1226,"klass":"9"},"geometry":{"type":"LineString","coordinates":[[13.208619457701754,61.155878190346414],[13.210715255635161,61.15588092491854]]}},{"type":"Feature","properties":{"id":1227,"klass":"9"},"geometry":{"type":"LineString","coordinates":[[13.204029075165867,61.15491479060418],[13.206382330621413,61.153850362846995]]}},{"type":"Feature","properties":{"id":1228,"klass":"9"},"geometry":{"type":"LineString","coordinates":[[13.205891154938493,61.15442743848152],[13.205308040358961,61.154978687861416],[13.206009832801538,61.1555027026808]]}},{"type":"Feature","properties":{"id":1229,"klass":"9"},"geometry":{"type":"LineString","coordinates":[[13.204250666276767,61.1553848827068],[13.204898415038475,61.155010459220165]]}},{"type":"Feature","properties":{"id":1230,"klass":"9"},"geometry":{"type":"LineString","coordinates":[[13.19469052563992,61.158954191621106],[13.195052845202547,61.15865841615031]]}},{"type":"Feature","properties":{"id":1231,"klass":"9"},"geometry":{"type":"LineString","coordinates":[[13.193961992028552,61.1599080608965],[13.194569040763687,61.15964075920016],[13.195239539074265,61.15959821913163]]}},{"type":"Feature","properties":{"id":1232,"klass":"9"},"geometry":{"type":"LineString","coordinates":[[13.092494870345565,61.1721795148293],[13.092550057936942,61.17189609168776]]}},{"type":"Feature","properties":{"id":1233,"klass":"9"},"geometry":{"type":"LineString","coordinates":[[13.109296398273008,61.15790159665025],[13.109596561351738,61.15793352105886],[13.109764518531733,61.158280091238986],[13.109307981487747,61.15882577827482]]}},{"type":"Feature","properties":{"id":1234,"klass":"9"},"geometry":{"type":"LineString","coordinates":[[13.109323457076211,61.15875012884009],[13.109145600036221,61.15863762622799]]}},{"type":"Feature","properties":{"id":1235,"klass":"9"},"geometry":{"type":"LineString","coordinates":[[13.10904707193767,61.15820594911452],[13.109428320571702,61.15859276807714]]}},{"type":"Feature","properties":{"id":1236,"klass":"9"},"geometry":{"type":"LineString","coordinates":[[13.11060700634663,61.16017595946048],[13.111655704670783,61.159318833168065]]}},{"type":"Feature","properties":{"id":1237,"klass":"9"},"geometry":{"type":"LineString","coordinates":[[13.110628033894997,61.159411373709055],[13.110892898009329,61.159731393269844]]}},{"type":"Feature","properties":{"id":1238,"klass":"9"},"geometry":{"type":"LineString","coordinates":[[13.110892898009329,61.159731393269844],[13.111409495703233,61.1595538245688]]}},{"type":"Feature","properties":{"id":1239,"klass":"9"},"geometry":{"type":"LineString","coordinates":[[13.11242947249392,61.15850753490458],[13.112514559824522,61.15870795854528],[13.112178919783242,61.158774050742075]]}},{"type":"Feature","properties":{"id":1240,"klass":"9"},"geometry":{"type":"LineString","coordinates":[[13.112178919783242,61.158774050742075],[13.111837447434544,61.15885746457012],[13.11130061834109,61.158607927680094],[13.111233219674883,61.15781084729853]]}},{"type":"Feature","properties":{"id":1241,"klass":"9"},"geometry":{"type":"LineString","coordinates":[[13.111603771508339,61.15758376088255],[13.112958913049965,61.157521391960714],[13.113302908517596,61.15718971437126]]}},{"type":"Feature","properties":{"id":1242,"klass":"9"},"geometry":{"type":"LineString","coordinates":[[13.11250733935656,61.157232277892476],[13.11220807383262,61.157435791015395]]}},{"type":"Feature","properties":{"id":1243,"klass":"9"},"geometry":{"type":"LineString","coordinates":[[13.112558120784167,61.1573149762912],[13.112707295051296,61.157558914166614]]}},{"type":"Feature","properties":{"id":1244,"klass":"9"},"geometry":{"type":"LineString","coordinates":[[13.148047818235563,61.15798292809597],[13.147405897388856,61.15816917437581]]}},{"type":"Feature","properties":{"id":1245,"klass":"9"},"geometry":{"type":"LineString","coordinates":[[13.151034851560112,61.15986537477686],[13.151610567275545,61.160021402956005]]}},{"type":"Feature","properties":{"id":1246,"klass":"9"},"geometry":{"type":"LineString","coordinates":[[13.155929529190786,61.15875788948645],[13.15529978098187,61.15899151165641]]}},{"type":"Feature","properties":{"id":1247,"klass":"9"},"geometry":{"type":"LineString","coordinates":[[13.19358645154094,61.16378353735222],[13.193611828376756,61.16360960872133],[13.194267544669836,61.16361219784067]]}},{"type":"Feature","properties":{"id":1248,"klass":"9"},"geometry":{"type":"LineString","coordinates":[[13.196184526708175,61.162896561772115],[13.195769815207312,61.16279214577462]]}},{"type":"Feature","properties":{"id":1249,"klass":"9"},"geometry":{"type":"LineString","coordinates":[[13.1880608809894,61.16773745566567],[13.188863881692273,61.16809592860653]]}},{"type":"Feature","properties":{"id":1250,"klass":"9"},"geometry":{"type":"LineString","coordinates":[[13.1880608809894,61.16773745566567],[13.188139334393489,61.16807164890172]]}},{"type":"Feature","properties":{"id":1251,"klass":"9"},"geometry":{"type":"LineString","coordinates":[[13.181572398474774,61.16518773567446],[13.182243592853153,61.16502180069493]]}},{"type":"Feature","properties":{"id":1252,"klass":"9"},"geometry":{"type":"LineString","coordinates":[[13.180370488242172,61.16385412987452],[13.180466100306278,61.164066717151606]]}},{"type":"Feature","properties":{"id":1253,"klass":"9"},"geometry":{"type":"LineString","coordinates":[[13.02227307211761,61.1832172469161],[13.022675583368516,61.183376449972386],[13.025726405914401,61.182741025629696],[13.026413817769674,61.182725937429254],[13.03119156218354,61.18095413057421],[13.033004028774677,61.18062110106061],[13.033310147941892,61.18041859240672]]}},{"type":"Feature","properties":{"id":1254,"klass":"9"},"geometry":{"type":"LineString","coordinates":[[12.956299942867222,61.177793133305975],[12.956708173643978,61.17762203368025],[12.957496837629918,61.17772357106873]]}},{"type":"Feature","properties":{"id":1255,"klass":"9"},"geometry":{"type":"LineString","coordinates":[[12.992531863841114,61.178756810073466],[12.992967553277001,61.1786408637805]]}},{"type":"Feature","properties":{"id":1256,"klass":"9"},"geometry":{"type":"LineString","coordinates":[[12.998643691330978,61.175912794210845],[12.998931882324143,61.17583571700699],[13.000266471904009,61.176098281573516]]}},{"type":"Feature","properties":{"id":1257,"klass":"9"},"geometry":{"type":"LineString","coordinates":[[13.006396558671565,61.16937250959945],[13.006865379761065,61.16886782556027]]}},{"type":"Feature","properties":{"id":1258,"klass":"9"},"geometry":{"type":"LineString","coordinates":[[13.006381353517678,61.1699464056052],[13.006341241366028,61.170102544025696]]}},{"type":"Feature","properties":{"id":1259,"klass":"9"},"geometry":{"type":"LineString","coordinates":[[13.001300559516881,61.179500349270555],[13.001485123973778,61.17883685766994]]}},{"type":"Feature","properties":{"id":1260,"klass":"9"},"geometry":{"type":"LineString","coordinates":[[13.002448063046657,61.18095036142134],[13.002401773462429,61.181413965750494]]}},{"type":"Feature","properties":{"id":1261,"klass":"9"},"geometry":{"type":"LineString","coordinates":[[12.99594084808324,61.17896256168323],[12.99609875690257,61.17980898613204],[12.99793487489293,61.180575226109966]]}},{"type":"Feature","properties":{"id":1262,"klass":"9"},"geometry":{"type":"LineString","coordinates":[[12.998525905253562,61.18018736324022],[12.9968128687889,61.179612559766454],[12.996618849092837,61.17902209702989]]}},{"type":"Feature","properties":{"id":1263,"klass":"9"},"geometry":{"type":"LineString","coordinates":[[12.995207371122417,61.17890733836163],[12.99594084808324,61.17896256168323]]}},{"type":"Feature","properties":{"id":1283,"klass":"8"},"geometry":{"type":"LineString","coordinates":[[12.930489626995689,61.139517352371335],[12.931490967742022,61.14064764945824],[12.933465739593034,61.14157930212865],[12.93400521594845,61.14223536602684],[12.934460122163284,61.14356613237972],[12.934965757724033,61.143876460904885],[12.936029354147307,61.14414270064589]]}},{"type":"Feature","properties":{"id":1285,"klass":"8"},"geometry":{"type":"LineString","coordinates":[[12.924471401338284,61.13925220688942],[12.925077363403846,61.13915513412251],[12.926966704398799,61.138309582597984],[12.92889773741115,61.13806804074614],[12.930046569146617,61.13845955320379],[12.930489626995689,61.139517352371335]]}},{"type":"Feature","properties":{"id":1286,"klass":"8"},"geometry":{"type":"LineString","coordinates":[[12.909988796046267,61.138279768455476],[12.912191843812769,61.138298541552516],[12.916929670030338,61.1390348898326],[12.922175436432154,61.13876883916049],[12.924471401338284,61.13925220688942]]}},{"type":"Feature","properties":{"id":1287,"klass":"9"},"geometry":{"type":"LineString","coordinates":[[12.995207371122417,61.17890733836163],[12.995287893276675,61.1796531488372]]}},{"type":"Feature","properties":{"id":1288,"klass":"9"},"geometry":{"type":"LineString","coordinates":[[12.995287893276675,61.1796531488372],[12.99590102971923,61.18010960393263]]}},{"type":"Feature","properties":{"id":1289,"klass":"9"},"geometry":{"type":"LineString","coordinates":[[13.000802561333758,61.17989994319454],[13.000122729395509,61.17952485990413]]}},{"type":"Feature","properties":{"id":1290,"klass":"9"},"geometry":{"type":"LineString","coordinates":[[13.000750882835261,61.179345068603624],[13.001300559516881,61.179500349270555]]}},{"type":"Feature","properties":{"id":1291,"klass":"9"},"geometry":{"type":"LineString","coordinates":[[13.162895864472825,61.16837277321405],[13.162726089777989,61.16818814503208]]}},{"type":"Feature","properties":{"id":1292,"klass":"9"},"geometry":{"type":"LineString","coordinates":[[12.995911210045238,61.17783168002789],[12.995207371122417,61.17890733836163]]}},{"type":"Feature","properties":{"id":1293,"klass":"9"},"geometry":{"type":"LineString","coordinates":[[12.994514078270294,61.17885319123913],[12.995207371122417,61.17890733836163]]}},{"type":"Feature","properties":{"id":1294,"klass":"9"},"geometry":{"type":"LineString","coordinates":[[13.005132673356986,61.17196125053978],[13.005587372474618,61.171834436117386],[13.006418062541124,61.17069997738295]]}},{"type":"Feature","properties":{"id":1295,"klass":"9"},"geometry":{"type":"LineString","coordinates":[[13.162635404275898,61.16842029928299],[13.162170703519486,61.16815918811962]]}},{"type":"Feature","properties":{"id":1296,"klass":"9"},"geometry":{"type":"LineString","coordinates":[[13.005339500624581,61.171409576392726],[13.006107332033277,61.17053668682571]]}},{"type":"Feature","properties":{"id":1297,"klass":"9"},"geometry":{"type":"LineString","coordinates":[[13.005711736448802,61.17069254567806],[13.0058057287233,61.17045445405932]]}},{"type":"Feature","properties":{"id":1298,"klass":"9"},"geometry":{"type":"LineString","coordinates":[[13.007228681093443,61.16980657171456],[13.007015656052202,61.17009891463306]]}},{"type":"Feature","properties":{"id":1299,"klass":"9"},"geometry":{"type":"LineString","coordinates":[[13.0068006558953,61.169258093789004],[13.006621361752256,61.17014655221031]]}},{"type":"Feature","properties":{"id":1300,"klass":"9"},"geometry":{"type":"LineString","coordinates":[[12.961766877509781,61.18766280139126],[12.960964437688904,61.187732103802105]]}},{"type":"Feature","properties":{"id":1301,"klass":"9"},"geometry":{"type":"LineString","coordinates":[[13.006137883437605,61.17260287806352],[13.005609512264728,61.172974964458135]]}},{"type":"Feature","properties":{"id":1302,"klass":"9"},"geometry":{"type":"LineString","coordinates":[[13.00766699394842,61.169643245841876],[13.007470683057376,61.170030293213976]]}},{"type":"Feature","properties":{"id":1303,"klass":"9"},"geometry":{"type":"LineString","coordinates":[[13.011953989125024,61.193790458952215],[13.011241921475927,61.19412148979099]]}},{"type":"Feature","properties":{"id":1304,"klass":"9"},"geometry":{"type":"LineString","coordinates":[[12.961701028658508,61.18674591368886],[12.961927600015198,61.187073060232734],[12.964221392561042,61.18782515773601],[12.9657115062246,61.18865542708203],[12.966316867438529,61.18883781102113],[12.96688266404912,61.18869215355815]]}},{"type":"Feature","properties":{"id":1305,"klass":"9"},"geometry":{"type":"LineString","coordinates":[[12.983303011252412,61.1898791374096],[12.98247004320649,61.1901513893563],[12.9807327093118,61.18955165028901]]}},{"type":"Feature","properties":{"id":1322,"klass":"8"},"geometry":{"type":"LineString","coordinates":[[12.936029354147307,61.14414270064589],[12.934001252292582,61.14682832721254],[12.930742675942787,61.152345602251806],[12.926945711502857,61.15551928172141],[12.912612621475947,61.163990251721],[12.90941054137885,61.16620652379784],[12.904058571581356,61.16854983983574]]}},{"type":"Feature","properties":{"id":1340,"klass":"9"},"geometry":{"type":"LineString","coordinates":[[12.978379115913837,61.1886976077433],[12.979500987163403,61.18910086028362]]}},{"type":"Feature","properties":{"id":1341,"klass":"9"},"geometry":{"type":"LineString","coordinates":[[12.980190714524696,61.18864133627781],[12.980748875194342,61.187255712223376]]}},{"type":"Feature","properties":{"id":1342,"klass":"9"},"geometry":{"type":"LineString","coordinates":[[12.96721214188691,61.19320135874094],[12.967538214282778,61.19275897915727],[12.969878667477067,61.19233301606946]]}},{"type":"Feature","properties":{"id":1343,"klass":"9"},"geometry":{"type":"LineString","coordinates":[[12.9683013224909,61.19262833725057],[12.968382906250133,61.191227830766486]]}},{"type":"Feature","properties":{"id":1344,"klass":"9"},"geometry":{"type":"LineString","coordinates":[[13.188489075952484,61.165527342049515],[13.189188804651943,61.1653910747526],[13.18908589996416,61.165106807468305]]}},{"type":"Feature","properties":{"id":1358,"klass":"9"},"geometry":{"type":"LineString","coordinates":[[13.29371603560542,61.18557159843669],[13.293324354808814,61.18612492742691]]}},{"type":"Feature","properties":{"id":1359,"klass":"9"},"geometry":{"type":"LineString","coordinates":[[13.294617902674323,61.183467015090976],[13.29371603560542,61.18557159843669]]}},{"type":"Feature","properties":{"id":1360,"klass":"9"},"geometry":{"type":"LineString","coordinates":[[13.228336622964559,61.18072120004475],[13.228531926405726,61.17977492350327],[13.229449842824696,61.17915427322727]]}},{"type":"Feature","properties":{"id":1361,"klass":"9"},"geometry":{"type":"LineString","coordinates":[[13.294694547858498,61.180689067131496],[13.298652859513068,61.18036571320396]]}},{"type":"Feature","properties":{"id":1364,"klass":"9"},"geometry":{"type":"LineString","coordinates":[[13.234831154468383,61.19351718326221],[13.235308185653732,61.193593352915244],[13.236980676057293,61.19292939921233]]}},{"type":"Feature","properties":{"id":1371,"klass":"7"},"geometry":{"type":"LineString","coordinates":[[13.27297806595336,61.15893786613359],[13.27531746412368,61.15999223748709],[13.27716711636469,61.16136221698155],[13.277255909205964,61.16265980541174],[13.277619075129458,61.1630699485743],[13.279684995200085,61.163716414846014]]}},{"type":"Feature","properties":{"id":1372,"klass":"7"},"geometry":{"type":"LineString","coordinates":[[13.270794206102636,61.15569447463308],[13.272230959394095,61.158308818028765],[13.27297806595336,61.15893786613359]]}},{"type":"Feature","properties":{"id":1373,"klass":"7"},"geometry":{"type":"LineString","coordinates":[[13.270123310302798,61.15335035784239],[13.270794206102636,61.15569447463308]]}},{"type":"Feature","properties":{"id":1374,"klass":"7"},"geometry":{"type":"LineString","coordinates":[[13.270554559347728,61.15262329959683],[13.2701233103028,61.15335035784239]]}},{"type":"Feature","properties":{"id":1411,"klass":"7"},"geometry":{"type":"LineString","coordinates":[[13.229458286245597,61.16074020555066],[13.22757875646983,61.15650565091302],[13.226491184165786,61.15557780499247],[13.224907148631317,61.15484729345878],[13.219243233895934,61.15358261604457],[13.217515459669448,61.15359433419274],[13.215026855523044,61.154045411332625],[13.213269922874968,61.15415389976524],[13.207768099816956,61.153441398464565]]}},{"type":"Feature","properties":{"id":1412,"klass":"8"},"geometry":{"type":"LineString","coordinates":[[13.252736618955145,61.16148204392259],[13.249779310799283,61.16294516225797],[13.247645984467066,61.16338663576889],[13.24566293698529,61.163445116917735],[13.241959193382128,61.16443368006701],[13.234552060255005,61.167535504558444],[13.232410251566979,61.167446355713736],[13.22821641287363,61.16762421744781],[13.218186766150923,61.16748885192558],[13.217053240965791,61.16718648557108],[13.216309764628884,61.166736068739226],[13.215146809310642,61.164931139306],[13.214241214747435,61.164721706389656],[13.212329445356,61.16480481500434]]}},{"type":"Feature","properties":{"id":1413,"klass":"8"},"geometry":{"type":"LineString","coordinates":[[13.255483143144877,61.16129366525157],[13.253877439860862,61.16126463536796],[13.252736618955145,61.16148204392259]]}},{"type":"Feature","properties":{"id":1414,"klass":"7"},"geometry":{"type":"LineString","coordinates":[[13.198104635796055,61.16689862472002],[13.19802973150889,61.167897592908076],[13.197181613279211,61.16969262989602],[13.194797970630457,61.17250623291193],[13.192615690461697,61.17448987166735],[13.19123662636194,61.17609738496351]]}},{"type":"Feature","properties":{"id":1418,"klass":"7"},"geometry":{"type":"LineString","coordinates":[[13.179271761634759,61.190134861308614],[13.178056601434946,61.19054212786456],[13.177633070643223,61.190864723449415],[13.175210563084123,61.19413395763451],[13.173174502893659,61.196146814530955],[13.171675049199632,61.20062515907219],[13.173096842863279,61.20475459630228],[13.17245216612965,61.212881598207986],[13.171751647783639,61.214475378342975],[13.172083489925928,61.215932659704336],[13.170884948329645,61.21936915295054]]}},{"type":"Feature","properties":{"id":1419,"klass":"7"},"geometry":{"type":"LineString","coordinates":[[13.191236626361942,61.17609738496351],[13.18906997625006,61.17876598080401],[13.189304106528613,61.18018686689391],[13.189097046545664,61.18066002328432],[13.186952616112466,61.18284406048373],[13.18384336804307,61.185277320738024],[13.181148474065123,61.18942870531794],[13.180347315474352,61.189873376825965],[13.179271761634759,61.190134861308614]]}},{"type":"Feature","properties":{"id":1435,"klass":"9"},"geometry":{"type":"LineString","coordinates":[[13.272668548673495,61.19539075322751],[13.261972454935714,61.19492587824727],[13.261437285146554,61.19480820768578],[13.25943161899358,61.193776785061495],[13.252432664215856,61.19247816854932]]}},{"type":"Feature","properties":{"id":1436,"klass":"9"},"geometry":{"type":"LineString","coordinates":[[13.299967234204487,61.15445265608979],[13.300719123749227,61.1535913450267],[13.300944110934125,61.151755086566006]]}},{"type":"Feature","properties":{"id":1441,"klass":"9"},"geometry":{"type":"LineString","coordinates":[[13.266498767151049,61.188851712546686],[13.2645381558811,61.190163192038575],[13.262197659886876,61.19079258130486],[13.260289369679189,61.19221934580471],[13.258210686769948,61.192705874348356],[13.257420117406708,61.19336839660561]]}},{"type":"Feature","properties":{"id":1455,"klass":"8"},"geometry":{"type":"LineString","coordinates":[[13.343897829881849,61.207508232724486],[13.338460403817669,61.2085646488587],[13.332328819135107,61.21063847707234],[13.330404039388116,61.21047001304721],[13.32779031303624,61.20965514968719],[13.325823792916088,61.20959695886694],[13.324610856733209,61.209878269300745],[13.322379321136102,61.210798276295584],[13.317733481673013,61.21139021459594],[13.31403320411522,61.21318683387978],[13.313073059435771,61.21347345081249],[13.311449236839437,61.213604310005294],[13.30356532002488,61.21345791572009],[13.302746627966807,61.213784628471586],[13.302415803787738,61.21419579715348],[13.302937061647093,61.2161102045563],[13.302629614589966,61.216911144368645]]}},{"type":"Feature","properties":{"id":1459,"klass":"8"},"geometry":{"type":"LineString","coordinates":[[13.157208644254332,61.19329100841512],[13.152679858565646,61.197748230874666],[13.151742725430168,61.1989318895035],[13.142861990720311,61.20621332907904],[13.139683865845509,61.21038116292242],[13.138683025308167,61.21337172212089]]}},{"type":"Feature","properties":{"id":1460,"klass":"8"},"geometry":{"type":"LineString","coordinates":[[13.159256369524613,61.19157448170574],[13.157208644254332,61.19329100841512]]}},{"type":"Feature","properties":{"id":1461,"klass":"8"},"geometry":{"type":"LineString","coordinates":[[13.179271761634759,61.190134861308614],[13.178297209948044,61.18907824347787],[13.17750051332548,61.18863924620155],[13.174020000511176,61.18781892505981],[13.171265249258285,61.186857269900194],[13.170194285520965,61.18669740643005],[13.167769261935291,61.18666417782395],[13.164637093460707,61.18733864683435],[13.162909520645002,61.188068116090655],[13.162226764893886,61.18864555119582],[13.161394227349577,61.19056590342208],[13.159256369524613,61.19157448170574]]}},{"type":"Feature","properties":{"id":1475,"klass":"7"},"geometry":{"type":"LineString","coordinates":[[13.216513366736626,61.21063086151282],[13.215058118501979,61.20997894371925]]}},{"type":"Feature","properties":{"id":1476,"klass":"7"},"geometry":{"type":"LineString","coordinates":[[13.215058118501979,61.20997894371925],[13.213511416686718,61.20930950523774],[13.213167930772288,61.208757548065755],[13.213998284860798,61.20691608174372],[13.215807098978111,61.204795013719945]]}},{"type":"Feature","properties":{"id":1477,"klass":"7"},"geometry":{"type":"LineString","coordinates":[[13.215807098978111,61.204795013719945],[13.215871349810877,61.20451875608813]]}},{"type":"Feature","properties":{"id":1478,"klass":"7"},"geometry":{"type":"LineString","coordinates":[[13.215948127934814,61.20404540946349],[13.215871349810877,61.20451875608813]]}},{"type":"Feature","properties":{"id":1479,"klass":"7"},"geometry":{"type":"LineString","coordinates":[[13.217988664124304,61.20103828637721],[13.217133850803528,61.202629001949944],[13.216195810678517,61.20350294942423],[13.215948127934814,61.20404540946349]]}},{"type":"Feature","properties":{"id":1480,"klass":"7"},"geometry":{"type":"LineString","coordinates":[[13.21820644829544,61.20068894790008],[13.217988664124304,61.20103828637721]]}},{"type":"Feature","properties":{"id":1481,"klass":"7"},"geometry":{"type":"LineString","coordinates":[[13.21820644829544,61.20068894790008],[13.2193014596425,61.19931992921585]]}},{"type":"Feature","properties":{"id":1482,"klass":"7"},"geometry":{"type":"LineString","coordinates":[[13.2193014596425,61.19931992921585],[13.220212474390456,61.19842379426429],[13.221502204953477,61.196502104245575],[13.22392965064627,61.19459153653794]]}},{"type":"Feature","properties":{"id":1483,"klass":"7"},"geometry":{"type":"LineString","coordinates":[[13.22392965064627,61.19459153653794],[13.2254541871524,61.1933908465908]]}},{"type":"Feature","properties":{"id":1484,"klass":"7"},"geometry":{"type":"LineString","coordinates":[[13.2254541871524,61.1933908465908],[13.227361111490616,61.191587894337054],[13.230129198782882,61.19041324831883],[13.231552321004186,61.18941842477375]]}},{"type":"Feature","properties":{"id":1485,"klass":"7"},"geometry":{"type":"LineString","coordinates":[[13.231552321004186,61.18941842477375],[13.232134363322281,61.18884410551346],[13.236325859197857,61.186326776431436]]}},{"type":"Feature","properties":{"id":1486,"klass":"7"},"geometry":{"type":"LineString","coordinates":[[13.236325859197857,61.186326776431436],[13.238065600420946,61.185330254383466]]}},{"type":"Feature","properties":{"id":1487,"klass":"7"},"geometry":{"type":"LineString","coordinates":[[13.238065600420946,61.185330254383466],[13.238541534785382,61.184844776716915],[13.239434526512659,61.1827583904475]]}},{"type":"Feature","properties":{"id":1488,"klass":"7"},"geometry":{"type":"LineString","coordinates":[[13.239434526512659,61.1827583904475],[13.24063308823876,61.181711939033384]]}},{"type":"Feature","properties":{"id":1489,"klass":"7"},"geometry":{"type":"LineString","coordinates":[[13.24063308823876,61.181711939033384],[13.24140878144922,61.18090788613266]]}},{"type":"Feature","properties":{"id":1490,"klass":"7"},"geometry":{"type":"LineString","coordinates":[[13.24140878144922,61.18090788613266],[13.242700773756395,61.17913121580185],[13.242515296628259,61.17812329003882]]}},{"type":"Feature","properties":{"id":1491,"klass":"7"},"geometry":{"type":"LineString","coordinates":[[13.242515296628259,61.17812329003882],[13.242287453862422,61.17686774896667],[13.24365185560128,61.17527775143141],[13.24478751598145,61.17320591205746],[13.245524456781277,61.172530655009275],[13.24723673552198,61.17151832016508]]}},{"type":"Feature","properties":{"id":1492,"klass":"7"},"geometry":{"type":"LineString","coordinates":[[13.24723673552198,61.17151832016508],[13.248533182143095,61.17057584594053],[13.250690821698832,61.16787685685111]]}},{"type":"Feature","properties":{"id":1493,"klass":"7"},"geometry":{"type":"LineString","coordinates":[[13.250690821698832,61.16787685685111],[13.252211191595096,61.1661845011566],[13.252918111569654,61.1657311432722]]}},{"type":"Feature","properties":{"id":1494,"klass":"7"},"geometry":{"type":"LineString","coordinates":[[13.252918111569654,61.1657311432722],[13.253954248967528,61.16526261431494]]}},{"type":"Feature","properties":{"id":1495,"klass":"7"},"geometry":{"type":"LineString","coordinates":[[13.253954248967528,61.16526261431494],[13.254699137669782,61.164764209086734]]}},{"type":"Feature","properties":{"id":1496,"klass":"7"},"geometry":{"type":"LineString","coordinates":[[13.254699137669782,61.164764209086734],[13.255015845868144,61.16427045490757]]}},{"type":"Feature","properties":{"id":1497,"klass":"7"},"geometry":{"type":"LineString","coordinates":[[13.255015845868144,61.16427045490757],[13.254610215333836,61.16295849475976]]}},{"type":"Feature","properties":{"id":1498,"klass":"7"},"geometry":{"type":"LineString","coordinates":[[13.254610215333836,61.16295849475976],[13.255161861573002,61.16197084805117]]}},{"type":"Feature","properties":{"id":1499,"klass":"7"},"geometry":{"type":"LineString","coordinates":[[13.255161861573002,61.16197084805117],[13.255483143144877,61.16129366525157]]}},{"type":"Feature","properties":{"id":1517,"klass":"8"},"geometry":{"type":"LineString","coordinates":[[13.252432664215856,61.19247816854932],[13.248891955574994,61.19187640260951],[13.246366399160989,61.19177233595801],[13.245814057694206,61.191960774572976],[13.245170866441008,61.19276884165651],[13.244122706225813,61.19320563563445],[13.241695467198376,61.19327016077562],[13.240020557745776,61.19377752179311],[13.237607711505564,61.19403240080543],[13.237333678909565,61.1936701049377],[13.238950489060146,61.1929552677374],[13.239990031651045,61.191828635764004],[13.239788479644819,61.19077868848081]]}},{"type":"Feature","properties":{"id":1518,"klass":"8"},"geometry":{"type":"LineString","coordinates":[[13.239788479644819,61.19077868848081],[13.23976910075564,61.19017460880165]]}},{"type":"Feature","properties":{"id":1519,"klass":"9"},"geometry":{"type":"LineString","coordinates":[[13.293324354808814,61.18612492742691],[13.292479770359941,61.18683579832639]]}},{"type":"Feature","properties":{"id":1520,"klass":"9"},"geometry":{"type":"LineString","coordinates":[[13.293324354808814,61.18612492742691],[13.29363697000922,61.18619268610674],[13.293869458170782,61.18607202642985],[13.29371603560542,61.18557159843669]]}},{"type":"Feature","properties":{"id":1521,"klass":"9"},"geometry":{"type":"LineString","coordinates":[[13.249510797319806,61.16624696752995],[13.246482033470464,61.16866301424015],[13.246725446932341,61.16929020925409],[13.246397785782834,61.170472429229854],[13.24599386675732,61.17095399836071],[13.24723673552198,61.17151832016508]]}},{"type":"Feature","properties":{"id":1540,"klass":"7"},"geometry":{"type":"LineString","coordinates":[[13.214479772364136,61.2612514127612],[13.21523708474214,61.25930814300011],[13.220551091342074,61.25060956144802],[13.221751325858225,61.24898343845317],[13.224392914348492,61.24693118749652],[13.224578841328485,61.24358063731076],[13.225856307815897,61.241582727645955],[13.225448403645313,61.239251937570636],[13.227978385186008,61.23119255958828],[13.238971873506284,61.21692562447481],[13.243397943714037,61.20933947274235],[13.244050278011414,61.20355145415365],[13.245976105144392,61.20138685319459],[13.248539636233692,61.19911556664286],[13.249551345998826,61.19720835797789],[13.250890569474535,61.19578630776755],[13.250826524729153,61.19395967219081],[13.252432664215856,61.19247816854932]]}},{"type":"Feature","properties":{"id":1541,"klass":"7"},"geometry":{"type":"LineString","coordinates":[[13.252432664215856,61.19247816854932],[13.253100367030566,61.191609348548106],[13.253571308737886,61.189905436339345],[13.256090785019534,61.18823146376553],[13.25795151254881,61.18610578113503],[13.259369320281673,61.1850240669095],[13.260875281761523,61.184276731803415],[13.26440644154504,61.18357197381788],[13.265787460119094,61.18282796799915],[13.271974012955134,61.17461016620833],[13.27549030713951,61.17093877869045],[13.27654917225083,61.16890812527048]]}},{"type":"Feature","properties":{"id":1542,"klass":"7"},"geometry":{"type":"LineString","coordinates":[[13.27654917225083,61.16890812527048],[13.278169505432748,61.165581262395975],[13.279684995200085,61.163716414846014]]}},{"type":"Feature","properties":{"id":1543,"klass":"7"},"geometry":{"type":"LineString","coordinates":[[13.279684995200085,61.163716414846014],[13.280560077712234,61.162615316557094],[13.281308534344989,61.16056510519511]]}},{"type":"Feature","properties":{"id":1544,"klass":"7"},"geometry":{"type":"LineString","coordinates":[[13.281308534344989,61.16056510519511],[13.281865491326133,61.154583188999645],[13.282673197278713,61.153859463667516],[13.2869182598768,61.15133905061704]]}},{"type":"Feature","properties":{"id":1547,"klass":"7"},"geometry":{"type":"LineString","coordinates":[[13.2869182598768,61.15133905061704],[13.292599192678319,61.1465616020079],[13.294237587136369,61.13931514233572],[13.295039764917881,61.13751216104545],[13.295758062001276,61.136519142277514],[13.298777895134878,61.1347217011098],[13.300069803809967,61.13328908174293],[13.300809574160805,61.12944325130636],[13.301194636336016,61.12895134144986],[13.302935243480029,61.12778484579144],[13.303202933220701,61.12720514357378],[13.30314569417504,61.12509384011919],[13.305378068241977,61.12163677412922],[13.306629878693183,61.11990253629033],[13.309723326464525,61.11775032106876],[13.319104186406832,61.10879759909951],[13.319471120767522,61.10664644699418],[13.318817339545681,61.10586039606508]]}},{"type":"Feature","properties":{"id":1576,"klass":"9"},"geometry":{"type":"LineString","coordinates":[[13.306482543607348,61.192894135903906],[13.305510570013817,61.19324286681603],[13.305233649783219,61.1938309432793],[13.305929378076666,61.19488955876171],[13.306497271056651,61.19666159308382],[13.30772997307343,61.19795166396099]]}},{"type":"Feature","properties":{"id":1577,"klass":"9"},"geometry":{"type":"LineString","coordinates":[[13.306482543607348,61.192894135903906],[13.306934191900945,61.19329186492586],[13.310642032618688,61.19434661277357],[13.312822023190728,61.19463283155891],[13.31349368978239,61.19509093686518],[13.315313480344406,61.19576791704726],[13.315750952698961,61.19602516664117],[13.316569147045298,61.197561925675416]]}},{"type":"Feature","properties":{"id":1594,"klass":"9"},"geometry":{"type":"LineString","coordinates":[[12.925141090284342,61.13912897148396],[12.926702106924495,61.13927146354539]]}},{"type":"Feature","properties":{"id":1618,"klass":"9"},"geometry":{"type":"LineString","coordinates":[[13.181633343534555,61.164348762036354],[13.181685304911344,61.16409266501422]]}},{"type":"Feature","properties":{"id":1621,"klass":"9"},"geometry":{"type":"LineString","coordinates":[[13.20798100116204,61.15202305341195],[13.20897188866019,61.152250355146094]]}},{"type":"Feature","properties":{"id":1622,"klass":"9"},"geometry":{"type":"LineString","coordinates":[[13.201917567615817,61.15794182203475],[13.202451047337307,61.157666521932875],[13.202303809953348,61.1575028353774]]}},{"type":"Feature","properties":{"id":1623,"klass":"9"},"geometry":{"type":"LineString","coordinates":[[13.198183158216969,61.16188498862562],[13.198036096604309,61.16163126571295],[13.197431246265385,61.16156900791888],[13.197224940389118,61.16229387898263],[13.196823167286222,61.1625307912246]]}},{"type":"Feature","properties":{"id":1625,"klass":"9"},"geometry":{"type":"LineString","coordinates":[[13.20965983610591,61.15149290411359],[13.209447120791314,61.15078158183347],[13.208075771162141,61.15055234345901]]}},{"type":"Feature","properties":{"id":1627,"klass":"9"},"geometry":{"type":"LineString","coordinates":[[13.265066343868646,61.147342002646376],[13.266117470848828,61.14814593927874],[13.26720256290551,61.14793639255642],[13.267648211219548,61.147981062666844]]}},{"type":"Feature","properties":{"id":1629,"klass":"9"},"geometry":{"type":"LineString","coordinates":[[13.202187944862425,61.16714306187769],[13.2026828872493,61.16684755471045],[13.20381942234803,61.1665766711007],[13.2043344461374,61.16662041216419],[13.205461849369819,61.16610216436121],[13.206116752837723,61.16600441370556],[13.207035343625366,61.166342586531684],[13.207475583221253,61.167528995111375],[13.207887896999123,61.16784253231807]]}},{"type":"Feature","properties":{"id":1630,"klass":"9"},"geometry":{"type":"LineString","coordinates":[[13.173311673549758,61.16780699373191],[13.173176670098691,61.168099250487856],[13.173649238659278,61.168276515542715],[13.17557344504644,61.16809988423784]]}},{"type":"Feature","properties":{"id":1633,"klass":"9"},"geometry":{"type":"LineString","coordinates":[[13.144189881394366,61.16079716475999],[13.145268622528286,61.1604710276033],[13.146868022863924,61.15754005680853],[13.147608006077276,61.15756569633294],[13.148255575768355,61.15822716775908]]}},{"type":"Feature","properties":{"id":1634,"klass":"9"},"geometry":{"type":"LineString","coordinates":[[13.145216984442715,61.1605185167087],[13.145820352923643,61.1610015492729]]}},{"type":"Feature","properties":{"id":1651,"klass":"8"},"geometry":{"type":"LineString","coordinates":[[13.225134292463553,61.142835442955],[13.216746855755146,61.14612731726509],[13.214049070773012,61.14797019665487],[13.210580906140377,61.15111371011355],[13.207779905786161,61.15311234623717],[13.207768099816956,61.153441398464565]]}},{"type":"Feature","properties":{"id":1653,"klass":"9"},"geometry":{"type":"LineString","coordinates":[[13.206382330621413,61.153850362846995],[13.206614360752353,61.153920914131454]]}},{"type":"Feature","properties":{"id":1657,"klass":"9"},"geometry":{"type":"LineString","coordinates":[[13.211363783386771,61.15044489736151],[13.212181140242606,61.15060794805253],[13.212804770037266,61.150101088743234]]}},{"type":"Feature","properties":{"id":1658,"klass":"9"},"geometry":{"type":"LineString","coordinates":[[13.212804770037266,61.150101088743234],[13.212883851422774,61.15003900532116]]}},{"type":"Feature","properties":{"id":1659,"klass":"9"},"geometry":{"type":"LineString","coordinates":[[13.212804770037266,61.150101088743234],[13.215422906384878,61.15032518845456]]}},{"type":"Feature","properties":{"id":1662,"klass":"9"},"geometry":{"type":"LineString","coordinates":[[12.930489626995689,61.139517352371335],[12.930008098685462,61.13979128253044],[12.92907154435365,61.139953771213385],[12.928179089050536,61.140456602815014]]}},{"type":"Feature","properties":{"id":1663,"klass":"9"},"geometry":{"type":"LineString","coordinates":[[13.208679740569506,61.15506339379201],[13.208098990009233,61.15504307029285]]}},{"type":"Feature","properties":{"id":1665,"klass":"9"},"geometry":{"type":"LineString","coordinates":[[13.208098990009233,61.15504307029285],[13.206594094666313,61.154980309463284]]}},{"type":"Feature","properties":{"id":1666,"klass":"9"},"geometry":{"type":"LineString","coordinates":[[13.205818171818441,61.1549648878615],[13.205308040358961,61.154978687861416]]}},{"type":"Feature","properties":{"id":1668,"klass":"9"},"geometry":{"type":"LineString","coordinates":[[12.94784970214353,61.14165442246448],[12.947983683827994,61.14130905991321],[12.948430302360046,61.14129728879904],[12.948385980590432,61.14151332310683],[12.94784970214353,61.14165442246448]]}},{"type":"Feature","properties":{"id":1669,"klass":"9"},"geometry":{"type":"LineString","coordinates":[[13.276660901646355,61.14440308501132],[13.277026450387387,61.14426761852577],[13.278546529931257,61.144206247420236]]}},{"type":"Feature","properties":{"id":1670,"klass":"9"},"geometry":{"type":"LineString","coordinates":[[13.276660901646355,61.14440308501132],[13.27532632478881,61.14601723976285],[13.274468371512794,61.14791282036679],[13.273739988954713,61.14886716119115],[13.274466300882247,61.1486531853375]]}},{"type":"Feature","properties":{"id":1671,"klass":"9"},"geometry":{"type":"LineString","coordinates":[[13.275669399724565,61.14400790926713],[13.276660901646355,61.14440308501132]]}},{"type":"Feature","properties":{"id":1673,"klass":"9"},"geometry":{"type":"LineString","coordinates":[[13.257872071656868,61.155447575914394],[13.256800811104398,61.15570574712204]]}},{"type":"Feature","properties":{"id":1674,"klass":"9"},"geometry":{"type":"LineString","coordinates":[[13.205834267441386,61.15456164547966],[13.208859025272455,61.154633287924725]]}},{"type":"Feature","properties":{"id":1675,"klass":"9"},"geometry":{"type":"LineString","coordinates":[[13.26714618559914,61.1540224612911],[13.266347299466824,61.15386310912491],[13.266008893732637,61.154156008058045]]}},{"type":"Feature","properties":{"id":1733,"klass":"9"},"geometry":{"type":"LineString","coordinates":[[12.978707490490725,61.18994779283065],[12.975720573632074,61.189087060129545]]}},{"type":"Feature","properties":{"id":1734,"klass":"9"},"geometry":{"type":"LineString","coordinates":[[13.011306139614915,61.189869991371125],[13.012784393068612,61.190452113515526]]}},{"type":"Feature","properties":{"id":1740,"klass":"9"},"geometry":{"type":"LineString","coordinates":[[13.027317222829327,61.196820341649705],[13.025777098208152,61.19832286203135]]}},{"type":"Feature","properties":{"id":1741,"klass":"9"},"geometry":{"type":"LineString","coordinates":[[13.227127158620117,61.20083544305815],[13.226202459350674,61.2007313117477]]}},{"type":"Feature","properties":{"id":1743,"klass":"9"},"geometry":{"type":"LineString","coordinates":[[13.025556166673807,61.190993285372805],[13.027316859543692,61.18974287740329],[13.029933794808333,61.18963129466585]]}},{"type":"Feature","properties":{"id":1759,"klass":"9"},"geometry":{"type":"LineString","coordinates":[[13.023116757083496,61.199629034359816],[13.023493854273278,61.19946064798353],[13.023650079746218,61.1985008283532]]}},{"type":"Feature","properties":{"id":1765,"klass":"9"},"geometry":{"type":"LineString","coordinates":[[12.99023200456629,61.19323815645652],[12.988293777904039,61.19283777995366],[12.986056707632372,61.19275060290254]]}},{"type":"Feature","properties":{"id":1766,"klass":"9"},"geometry":{"type":"LineString","coordinates":[[13.012201191507538,61.193626474592925],[13.012761161942521,61.19313844557116]]}},{"type":"Feature","properties":{"id":1767,"klass":"9"},"geometry":{"type":"LineString","coordinates":[[12.958098710433307,61.192839760434545],[12.960773322649155,61.192291698829436],[12.961661344196402,61.191964681326745]]}},{"type":"Feature","properties":{"id":1768,"klass":"9"},"geometry":{"type":"LineString","coordinates":[[12.97241983403826,61.19208709903233],[12.976841194743903,61.19352960527704]]}},{"type":"Feature","properties":{"id":1777,"klass":"9"},"geometry":{"type":"LineString","coordinates":[[13.21420225546669,61.20862926537054],[13.21579645440073,61.20932753670099]]}},{"type":"Feature","properties":{"id":1778,"klass":"9"},"geometry":{"type":"LineString","coordinates":[[13.21579645440073,61.20932753670099],[13.216231881448818,61.20885136933453],[13.216046363555433,61.208116853494715]]}},{"type":"Feature","properties":{"id":1779,"klass":"9"},"geometry":{"type":"LineString","coordinates":[[13.217921675108327,61.2081289156678],[13.218274736483107,61.208556927981114],[13.218146115990958,61.20906387012833]]}},{"type":"Feature","properties":{"id":1780,"klass":"9"},"geometry":{"type":"LineString","coordinates":[[13.216046363555433,61.208116853494715],[13.217921675108327,61.2081289156678]]}},{"type":"Feature","properties":{"id":1787,"klass":"9"},"geometry":{"type":"LineString","coordinates":[[13.011410030233078,61.19491613194223],[13.01133034280576,61.19499350571913]]}},{"type":"Feature","properties":{"id":1793,"klass":"9"},"geometry":{"type":"LineString","coordinates":[[13.028659131701513,61.19510474957732],[13.027636218959376,61.195647860076704]]}},{"type":"Feature","properties":{"id":1794,"klass":"9"},"geometry":{"type":"LineString","coordinates":[[12.965012383758664,61.19305383699133],[12.964184202772218,61.19348825989787],[12.960883722719895,61.19409946851084]]}},{"type":"Feature","properties":{"id":1795,"klass":"9"},"geometry":{"type":"LineString","coordinates":[[13.012923382155021,61.19338549161859],[13.011410030233078,61.19491613194223]]}},{"type":"Feature","properties":{"id":1796,"klass":"9"},"geometry":{"type":"LineString","coordinates":[[13.022582828638155,61.19967902135976],[13.023116757083496,61.199629034359816]]}},{"type":"Feature","properties":{"id":1797,"klass":"9"},"geometry":{"type":"LineString","coordinates":[[13.013872108188295,61.19188414876082],[13.014808651171666,61.19179199089155]]}},{"type":"Feature","properties":{"id":1798,"klass":"9"},"geometry":{"type":"LineString","coordinates":[[12.959662158053112,61.19114247845398],[12.96028961745591,61.190590484216706]]}},{"type":"Feature","properties":{"id":1799,"klass":"9"},"geometry":{"type":"LineString","coordinates":[[12.98996969114481,61.1914198573013],[12.98683845770109,61.191112171978716],[12.984913926793173,61.19123442358598]]}},{"type":"Feature","properties":{"id":1800,"klass":"9"},"geometry":{"type":"LineString","coordinates":[[13.02872540925421,61.19187859165233],[13.033362322716389,61.19206116262034]]}},{"type":"Feature","properties":{"id":1801,"klass":"9"},"geometry":{"type":"LineString","coordinates":[[13.00352835553563,61.18775489382199],[13.004190970578275,61.18790289927761]]}},{"type":"Feature","properties":{"id":1802,"klass":"9"},"geometry":{"type":"LineString","coordinates":[[12.958789121204868,61.186930079180975],[12.962057071213227,61.187722885314024]]}},{"type":"Feature","properties":{"id":1803,"klass":"9"},"geometry":{"type":"LineString","coordinates":[[13.012340871491089,61.18884195739805],[13.01072670432035,61.18800415926613]]}},{"type":"Feature","properties":{"id":1804,"klass":"9"},"geometry":{"type":"LineString","coordinates":[[13.0376253546916,61.1885832039345],[13.037960598758566,61.18927081098315],[13.037349911062272,61.19085731588866]]}},{"type":"Feature","properties":{"id":1805,"klass":"9"},"geometry":{"type":"LineString","coordinates":[[12.946850293508927,61.18631253542246],[12.943981523848402,61.18479306477683]]}},{"type":"Feature","properties":{"id":1806,"klass":"9"},"geometry":{"type":"LineString","coordinates":[[13.22522678338622,61.1932388177355],[13.2254541871524,61.1933908465908]]}},{"type":"Feature","properties":{"id":1807,"klass":"9"},"geometry":{"type":"LineString","coordinates":[[12.977300483555117,61.1883061184785],[12.978379115913837,61.1886976077433]]}},{"type":"Feature","properties":{"id":1809,"klass":"9"},"geometry":{"type":"LineString","coordinates":[[13.029933794808333,61.18963129466585],[13.02907770882873,61.190753892000984],[13.02872540925421,61.19187859165233]]}},{"type":"Feature","properties":{"id":1833,"klass":"9"},"geometry":{"type":"LineString","coordinates":[[13.218362962909895,61.206268361099234],[13.218823201555045,61.20658356553233],[13.220323875039362,61.20679209875678]]}},{"type":"Feature","properties":{"id":1834,"klass":"9"},"geometry":{"type":"LineString","coordinates":[[13.224841889032344,61.20622646547864],[13.224493762641483,61.20624223430066],[13.224609217620255,61.20574095141185]]}},{"type":"Feature","properties":{"id":1854,"klass":"9"},"geometry":{"type":"LineString","coordinates":[[13.218362962909895,61.206268361099234],[13.216625121324855,61.2067693518021],[13.216081355245175,61.207432646059935],[13.216046363555433,61.208116853494715]]}},{"type":"Feature","properties":{"id":1855,"klass":"9"},"geometry":{"type":"LineString","coordinates":[[13.224841889032344,61.20622646547864],[13.225070307652523,61.20622485142579]]}},{"type":"Feature","properties":{"id":1856,"klass":"9"},"geometry":{"type":"LineString","coordinates":[[13.209766863029595,61.15461474164677],[13.211292044314813,61.15464525463239],[13.211391127299835,61.15518218754859]]}},{"type":"Feature","properties":{"id":1857,"klass":"9"},"geometry":{"type":"LineString","coordinates":[[13.27799682676373,61.14285099506763],[13.276660901646355,61.14440308501132]]}},{"type":"Feature","properties":{"id":1869,"klass":"9"},"geometry":{"type":"LineString","coordinates":[[13.017813208653722,61.18418425448208],[13.02045805813245,61.18599930367284],[13.020819547896512,61.186589579147046]]}},{"type":"Feature","properties":{"id":1870,"klass":"9"},"geometry":{"type":"LineString","coordinates":[[12.954038199632189,61.18274714734378],[12.952904029180281,61.18309298754635]]}},{"type":"Feature","properties":{"id":1871,"klass":"9"},"geometry":{"type":"LineString","coordinates":[[13.24369302465222,61.18846517359316],[13.241767070859146,61.188428787888675],[13.241015026912375,61.188183021028365]]}},{"type":"Feature","properties":{"id":1872,"klass":"9"},"geometry":{"type":"LineString","coordinates":[[13.000646229564765,61.18366344737208],[12.998240941660043,61.18327898658461]]}},{"type":"Feature","properties":{"id":1873,"klass":"9"},"geometry":{"type":"LineString","coordinates":[[13.05044238919709,61.18070301166432],[13.050498650264084,61.1812818751142]]}},{"type":"Feature","properties":{"id":1875,"klass":"9"},"geometry":{"type":"LineString","coordinates":[[13.046883864614212,61.18041237906045],[13.04640825412873,61.18020738156732]]}},{"type":"Feature","properties":{"id":1876,"klass":"9"},"geometry":{"type":"LineString","coordinates":[[12.952885001679604,61.18152090138751],[12.952585361520319,61.18133946811919]]}},{"type":"Feature","properties":{"id":1877,"klass":"9"},"geometry":{"type":"LineString","coordinates":[[12.952585361520319,61.18133946811919],[12.952534443610903,61.18128908856268]]}},{"type":"Feature","properties":{"id":1881,"klass":"9"},"geometry":{"type":"LineString","coordinates":[[13.217921675108327,61.2081289156678],[13.218613167565913,61.20764678765293],[13.218630341712933,61.20711285879462]]}},{"type":"Feature","properties":{"id":1882,"klass":"9"},"geometry":{"type":"LineString","coordinates":[[13.215948127934814,61.20404540946349],[13.217036489359671,61.20416694928068]]}},{"type":"Feature","properties":{"id":1883,"klass":"9"},"geometry":{"type":"LineString","coordinates":[[13.031242348118026,61.19699355206422],[13.032796325492878,61.197370761058714],[13.035443706832515,61.19694271284966]]}},{"type":"Feature","properties":{"id":1886,"klass":"9"},"geometry":{"type":"LineString","coordinates":[[13.038671256159958,61.187577842215354],[13.039696734731562,61.18732294461802],[13.041248500831095,61.18645122329397]]}},{"type":"Feature","properties":{"id":1887,"klass":"9"},"geometry":{"type":"LineString","coordinates":[[12.95132591423012,61.18454630573889],[12.951037701974874,61.18450773710778]]}},{"type":"Feature","properties":{"id":1888,"klass":"9"},"geometry":{"type":"LineString","coordinates":[[12.951999587997014,61.18447945119336],[12.951788829463673,61.18441410761275]]}},{"type":"Feature","properties":{"id":1903,"klass":"9"},"geometry":{"type":"LineString","coordinates":[[13.022293654053625,61.19948611908368],[13.02111235558133,61.199834381709096]]}},{"type":"Feature","properties":{"id":1904,"klass":"9"},"geometry":{"type":"LineString","coordinates":[[13.21820644829544,61.20068894790008],[13.220787728484925,61.20075487968961],[13.221713900661774,61.200588034456025]]}},{"type":"Feature","properties":{"id":1905,"klass":"9"},"geometry":{"type":"LineString","coordinates":[[13.017813208653722,61.18418425448208],[13.02107054217062,61.18361007828339]]}},{"type":"Feature","properties":{"id":1906,"klass":"9"},"geometry":{"type":"LineString","coordinates":[[13.209766863029595,61.15461474164677],[13.209763010967677,61.15509699974347]]}},{"type":"Feature","properties":{"id":1914,"klass":"9"},"geometry":{"type":"LineString","coordinates":[[12.96362789288631,61.18242426943674],[12.96287791001233,61.18234357579364],[12.960703507109033,61.18256668559638],[12.958026163905153,61.18357277595488]]}},{"type":"Feature","properties":{"id":1915,"klass":"9"},"geometry":{"type":"LineString","coordinates":[[12.956165397276473,61.18214693266564],[12.954038199632189,61.18274714734378]]}},{"type":"Feature","properties":{"id":1916,"klass":"9"},"geometry":{"type":"LineString","coordinates":[[13.043296237686908,61.18381763627247],[13.044114352475283,61.1845266272301]]}},{"type":"Feature","properties":{"id":1917,"klass":"9"},"geometry":{"type":"LineString","coordinates":[[12.960923751414644,61.18075188539919],[12.961433191902994,61.18106015011319]]}},{"type":"Feature","properties":{"id":1918,"klass":"9"},"geometry":{"type":"LineString","coordinates":[[12.960923751414644,61.18075188539919],[12.960477311578677,61.18107040641529]]}},{"type":"Feature","properties":{"id":1919,"klass":"9"},"geometry":{"type":"LineString","coordinates":[[13.04958676577372,61.18226866150789],[13.051101477580097,61.1827854380216],[13.052178708256191,61.18359075925942]]}},{"type":"Feature","properties":{"id":1920,"klass":"9"},"geometry":{"type":"LineString","coordinates":[[12.945422052715227,61.18064567920405],[12.943254099408259,61.18032512695166],[12.937456610558677,61.18012820098543]]}},{"type":"Feature","properties":{"id":1921,"klass":"9"},"geometry":{"type":"LineString","coordinates":[[13.239523597422265,61.18614577174991],[13.238703020937788,61.18587662362536],[13.238065600420946,61.185330254383466]]}},{"type":"Feature","properties":{"id":1922,"klass":"9"},"geometry":{"type":"LineString","coordinates":[[12.945514317650778,61.179746408353274],[12.945028813884928,61.17932857455228]]}},{"type":"Feature","properties":{"id":1923,"klass":"9"},"geometry":{"type":"LineString","coordinates":[[12.946265494542217,61.17962024700839],[12.946900858890919,61.179405436579216]]}},{"type":"Feature","properties":{"id":1924,"klass":"9"},"geometry":{"type":"LineString","coordinates":[[12.98012236777641,61.1800537585842],[12.979466966710943,61.18037665850924]]}},{"type":"Feature","properties":{"id":1929,"klass":"9"},"geometry":{"type":"LineString","coordinates":[[13.225134292463553,61.142835442955],[13.227337758251402,61.143015860443654],[13.229099426930615,61.14379437401444],[13.229202820666188,61.14419784291825]]}},{"type":"Feature","properties":{"id":1933,"klass":"9"},"geometry":{"type":"LineString","coordinates":[[13.052167033659684,61.17839502871121],[13.051629058634983,61.17969956444624],[13.051631002294585,61.18059549947723]]}},{"type":"Feature","properties":{"id":1940,"klass":"9"},"geometry":{"type":"LineString","coordinates":[[12.997237426721554,61.17908425237293],[12.997839622662124,61.17961961089356],[12.999014202646125,61.17973887833307]]}},{"type":"Feature","properties":{"id":1941,"klass":"9"},"geometry":{"type":"LineString","coordinates":[[13.269705535136117,61.14508903675431],[13.269348078398577,61.145071192659735]]}},{"type":"Feature","properties":{"id":1952,"klass":"9"},"geometry":{"type":"LineString","coordinates":[[12.992531863841114,61.178756810073466],[12.99255196039298,61.17933658233692]]}},{"type":"Feature","properties":{"id":1954,"klass":"9"},"geometry":{"type":"LineString","coordinates":[[13.052178708256191,61.18359075925942],[13.049258729095378,61.18435679312685],[13.046524395026934,61.184451209214956]]}},{"type":"Feature","properties":{"id":1955,"klass":"9"},"geometry":{"type":"LineString","coordinates":[[12.99603069295171,61.182507943374794],[12.995842864315907,61.18238967274481]]}},{"type":"Feature","properties":{"id":1956,"klass":"9"},"geometry":{"type":"LineString","coordinates":[[13.043833704027433,61.18334433654372],[13.045160150228408,61.183619157671245]]}},{"type":"Feature","properties":{"id":1957,"klass":"9"},"geometry":{"type":"LineString","coordinates":[[13.011743483732937,61.182611667495856],[13.016733546398887,61.183783602032435],[13.017813208653722,61.18418425448208]]}},{"type":"Feature","properties":{"id":1960,"klass":"9"},"geometry":{"type":"LineString","coordinates":[[13.050498650264084,61.1812818751142],[13.050137023943002,61.18186151943608],[13.046524395026934,61.184451209214956]]}},{"type":"Feature","properties":{"id":1961,"klass":"9"},"geometry":{"type":"LineString","coordinates":[[12.998255841287671,61.180385344336806],[12.998525905253562,61.18018736324022]]}},{"type":"Feature","properties":{"id":2004,"klass":"9"},"geometry":{"type":"LineString","coordinates":[[13.027636218959376,61.195647860076704],[13.028786991197615,61.19627088633413]]}},{"type":"Feature","properties":{"id":2005,"klass":"9"},"geometry":{"type":"LineString","coordinates":[[12.996770275708878,61.18660575993155],[12.99544470547832,61.18690717291658],[12.993538099216542,61.18680925485418],[12.99113704170594,61.18624044113762],[12.990481174735747,61.18585590356716]]}},{"type":"Feature","properties":{"id":2006,"klass":"9"},"geometry":{"type":"LineString","coordinates":[[12.998812211301063,61.18802623703962],[13.001303019774916,61.187505589815245],[13.00352835553563,61.18775489382199]]}},{"type":"Feature","properties":{"id":2007,"klass":"9"},"geometry":{"type":"LineString","coordinates":[[12.958634338005155,61.186825266994525],[12.958789121204868,61.186930079180975]]}},{"type":"Feature","properties":{"id":2008,"klass":"9"},"geometry":{"type":"LineString","coordinates":[[12.988184703150672,61.189661170990924],[12.986002280635923,61.18951280028368],[12.983006605462613,61.18967433814223]]}},{"type":"Feature","properties":{"id":2009,"klass":"9"},"geometry":{"type":"LineString","coordinates":[[12.96028961745591,61.190590484216706],[12.962399199381629,61.19025579394067],[12.96342728420439,61.19033441126247],[12.964114242296136,61.19055535563794],[12.964971211984501,61.1915131479886],[12.965012383758664,61.19305383699133]]}},{"type":"Feature","properties":{"id":2010,"klass":"9"},"geometry":{"type":"LineString","coordinates":[[13.044514318035098,61.18566581859093],[13.043918729299117,61.18726557158729],[13.042758137269844,61.18828386283861],[13.042443947519697,61.18826444978215]]}},{"type":"Feature","properties":{"id":2011,"klass":"9"},"geometry":{"type":"LineString","coordinates":[[12.997425826782809,61.184094091459166],[13.001804377708574,61.18449715699898],[13.002642220703926,61.18469591947216],[13.00274729455615,61.18498744330234]]}},{"type":"Feature","properties":{"id":2012,"klass":"9"},"geometry":{"type":"LineString","coordinates":[[12.986056707632372,61.19275060290254],[12.983657289051488,61.19311645114859],[12.981827145470808,61.193627085794105],[12.981683307163168,61.19378606378432]]}},{"type":"Feature","properties":{"id":2013,"klass":"9"},"geometry":{"type":"LineString","coordinates":[[13.012110014684017,61.19509420920067],[13.01209169303795,61.19587742055638],[13.01270417473316,61.19659579041021]]}},{"type":"Feature","properties":{"id":2014,"klass":"9"},"geometry":{"type":"LineString","coordinates":[[13.011410030233078,61.19491613194223],[13.012110014684017,61.19509420920067]]}},{"type":"Feature","properties":{"id":2041,"klass":"9"},"geometry":{"type":"LineString","coordinates":[[13.031242348118026,61.19699355206422],[13.032811194608096,61.196580676973824],[13.03498443573643,61.19626087173393]]}},{"type":"Feature","properties":{"id":2043,"klass":"9"},"geometry":{"type":"LineString","coordinates":[[13.229336759523385,61.19809422952427],[13.2297479563509,61.19815834168636]]}},{"type":"Feature","properties":{"id":2044,"klass":"9"},"geometry":{"type":"LineString","coordinates":[[13.012110014684017,61.19509420920067],[13.01382850757687,61.19343280485264]]}},{"type":"Feature","properties":{"id":2045,"klass":"9"},"geometry":{"type":"LineString","coordinates":[[12.984913926793173,61.19123442358598],[12.982523683435863,61.1916597312927],[12.98060835287108,61.19221994613425]]}},{"type":"Feature","properties":{"id":2046,"klass":"9"},"geometry":{"type":"LineString","coordinates":[[13.023097611062887,61.191647651873495],[13.02872540925421,61.19187859165233]]}},{"type":"Feature","properties":{"id":2047,"klass":"9"},"geometry":{"type":"LineString","coordinates":[[12.974236781291495,61.190534727022076],[12.977826484694507,61.19156241811712]]}},{"type":"Feature","properties":{"id":2051,"klass":"9"},"geometry":{"type":"LineString","coordinates":[[12.958634338005155,61.186825266994525],[12.953881464655787,61.18702148072809],[12.951383505562038,61.18688830999507],[12.949533661280105,61.18760514627224]]}},{"type":"Feature","properties":{"id":2052,"klass":"9"},"geometry":{"type":"LineString","coordinates":[[13.01072670432035,61.18800415926613],[13.01033270506471,61.18730932882147]]}},{"type":"Feature","properties":{"id":2053,"klass":"9"},"geometry":{"type":"LineString","coordinates":[[12.95078065334459,61.185657664828994],[12.95077763807683,61.185912348701976]]}},{"type":"Feature","properties":{"id":2054,"klass":"9"},"geometry":{"type":"LineString","coordinates":[[12.951788829463673,61.18441410761275],[12.95115691366439,61.184213760555295]]}},{"type":"Feature","properties":{"id":2055,"klass":"9"},"geometry":{"type":"LineString","coordinates":[[12.973925105080175,61.18386853254596],[12.977205668160876,61.18395950277663],[12.978430739823644,61.18444719044931]]}},{"type":"Feature","properties":{"id":2056,"klass":"9"},"geometry":{"type":"LineString","coordinates":[[12.948536166995648,61.18379837881074],[12.94988967759736,61.18361213360997],[12.950642834037787,61.18272475204945]]}},{"type":"Feature","properties":{"id":2081,"klass":"9"},"geometry":{"type":"LineString","coordinates":[[13.157208644254332,61.19329100841512],[13.154966245168541,61.1925042172703],[13.154115463466342,61.19265806582],[13.15313797231978,61.19315620433669],[13.150818390122845,61.19312741020616],[13.149839744770379,61.192616777894706]]}},{"type":"Feature","properties":{"id":2083,"klass":"9"},"geometry":{"type":"LineString","coordinates":[[13.003391417741671,61.186952921139465],[13.000859081287814,61.186703779089974],[12.99836466509128,61.18739742924285]]}},{"type":"Feature","properties":{"id":2084,"klass":"9"},"geometry":{"type":"LineString","coordinates":[[12.950773127270471,61.18544297427418],[12.951663833544819,61.18579400998919],[12.953200292735179,61.185965335878265],[12.95387381428144,61.18582921908185]]}},{"type":"Feature","properties":{"id":2085,"klass":"9"},"geometry":{"type":"LineString","coordinates":[[13.052148203831134,61.185099985894595],[13.051360424388994,61.18457684731264]]}},{"type":"Feature","properties":{"id":2086,"klass":"9"},"geometry":{"type":"LineString","coordinates":[[12.96469053075126,61.18329691577003],[12.966487010461583,61.18286472559315],[12.967693600373464,61.1828251317343],[12.971968691505817,61.183731861927484],[12.973925105080177,61.18386853254596]]}},{"type":"Feature","properties":{"id":2139,"klass":"9"},"geometry":{"type":"LineString","coordinates":[[13.265988552288144,61.15941827083964],[13.266115780165885,61.15881545535255]]}},{"type":"Feature","properties":{"id":2142,"klass":"9"},"geometry":{"type":"LineString","coordinates":[[13.234831154468383,61.19351718326221],[13.234670302477285,61.19345588220302]]}},{"type":"Feature","properties":{"id":2143,"klass":"9"},"geometry":{"type":"LineString","coordinates":[[13.205342874123087,61.15336286581048],[13.206243288367165,61.152693074448976]]}},{"type":"Feature","properties":{"id":2144,"klass":"9"},"geometry":{"type":"LineString","coordinates":[[13.205675688512244,61.153867504122815],[13.205562669207861,61.153553535542414]]}},{"type":"Feature","properties":{"id":2145,"klass":"9"},"geometry":{"type":"LineString","coordinates":[[13.207887862144185,61.152342237100896],[13.206243288367165,61.152693074448976]]}},{"type":"Feature","properties":{"id":2153,"klass":"9"},"geometry":{"type":"LineString","coordinates":[[13.165623437528804,61.16470973664053],[13.165512733894674,61.16525282831985]]}},{"type":"Feature","properties":{"id":2154,"klass":"9"},"geometry":{"type":"LineString","coordinates":[[13.274468371512794,61.14791282036679],[13.274067250057477,61.147842321944324]]}},{"type":"Feature","properties":{"id":2155,"klass":"9"},"geometry":{"type":"LineString","coordinates":[[13.275015900135402,61.147642646502206],[13.274468371512794,61.14791282036679]]}},{"type":"Feature","properties":{"id":2158,"klass":"9"},"geometry":{"type":"LineString","coordinates":[[13.189270081870049,61.17136573774213],[13.189564353890965,61.17193652272436],[13.189080659557074,61.17260066735813],[13.188473768426503,61.17269537871028],[13.187918863679805,61.17244442162868],[13.187789884480082,61.1719050847815],[13.188208755660513,61.17141206346742],[13.189270081870049,61.17136573774213]]}},{"type":"Feature","properties":{"id":2159,"klass":"9"},"geometry":{"type":"LineString","coordinates":[[13.174648542311921,61.16612621344134],[13.174889527074354,61.16625804031857]]}},{"type":"Feature","properties":{"id":2160,"klass":"9"},"geometry":{"type":"LineString","coordinates":[[13.257936287974946,61.168927550220396],[13.258563241661111,61.16832176892934]]}},{"type":"Feature","properties":{"id":2162,"klass":"9"},"geometry":{"type":"LineString","coordinates":[[13.231343140313648,61.18961139308279],[13.232237770660996,61.19003780294295]]}},{"type":"Feature","properties":{"id":2163,"klass":"9"},"geometry":{"type":"LineString","coordinates":[[13.25919034516865,61.166550225306786],[13.258630465228123,61.16681876984307]]}},{"type":"Feature","properties":{"id":2164,"klass":"9"},"geometry":{"type":"LineString","coordinates":[[13.250472985899052,61.16266111519692],[13.25018887142987,61.162501093005986],[13.25033239322743,61.16221454002304],[13.251395089288138,61.16220909203726]]}},{"type":"Feature","properties":{"id":2165,"klass":"9"},"geometry":{"type":"LineString","coordinates":[[13.261227771575637,61.16433691526878],[13.26009206447959,61.164261330067944]]}},{"type":"Feature","properties":{"id":2166,"klass":"9"},"geometry":{"type":"LineString","coordinates":[[13.255780928529688,61.171406392888564],[13.255904964548664,61.1714216223959]]}},{"type":"Feature","properties":{"id":2167,"klass":"9"},"geometry":{"type":"LineString","coordinates":[[13.203471037317371,61.153836798916636],[13.203967292751205,61.15386051114376]]}},{"type":"Feature","properties":{"id":2168,"klass":"9"},"geometry":{"type":"LineString","coordinates":[[13.203219809864622,61.153221580093216],[13.202647981125342,61.1535625563463]]}},{"type":"Feature","properties":{"id":2169,"klass":"9"},"geometry":{"type":"LineString","coordinates":[[13.271588693170123,61.15138936741537],[13.271141548563412,61.15125932885025]]}},{"type":"Feature","properties":{"id":2170,"klass":"9"},"geometry":{"type":"LineString","coordinates":[[13.273739988954713,61.14886716119115],[13.271588693170123,61.15138936741537]]}},{"type":"Feature","properties":{"id":2171,"klass":"9"},"geometry":{"type":"LineString","coordinates":[[13.271588693170125,61.15138936741537],[13.271015029047854,61.15203495758057]]}},{"type":"Feature","properties":{"id":2172,"klass":"9"},"geometry":{"type":"LineString","coordinates":[[13.270715672952171,61.152434491033354],[13.270996576391067,61.15241670825641],[13.271507541528443,61.1519676592649],[13.271696700069894,61.15194135761936],[13.27175796088121,61.15217896653825]]}},{"type":"Feature","properties":{"id":2197,"klass":"9"},"geometry":{"type":"LineString","coordinates":[[13.217036489359671,61.20416694928068],[13.217371719874789,61.204195902978945]]}},{"type":"Feature","properties":{"id":2198,"klass":"9"},"geometry":{"type":"LineString","coordinates":[[13.026656186068564,61.19613175984869],[13.025836677307705,61.196448189354356],[13.025469237437143,61.19680406481914]]}},{"type":"Feature","properties":{"id":2199,"klass":"9"},"geometry":{"type":"LineString","coordinates":[[12.945410892591154,61.184115744623256],[12.946886184120517,61.18499156303769],[12.948698053211892,61.18558376886323]]}},{"type":"Feature","properties":{"id":2200,"klass":"9"},"geometry":{"type":"LineString","coordinates":[[13.159256369524613,61.19157448170574],[13.156778892336328,61.190815209575284]]}},{"type":"Feature","properties":{"id":2201,"klass":"9"},"geometry":{"type":"LineString","coordinates":[[13.236980676057293,61.19292939921233],[13.23741722467467,61.19275395585512]]}},{"type":"Feature","properties":{"id":2202,"klass":"9"},"geometry":{"type":"LineString","coordinates":[[13.012784393068612,61.190452113515526],[13.01353500228565,61.19179158138157],[13.013410089359947,61.19240973864877],[13.01290658525402,61.192977447815814]]}},{"type":"Feature","properties":{"id":2203,"klass":"9"},"geometry":{"type":"LineString","coordinates":[[12.983600048559827,61.18137797403362],[12.982613903509078,61.181071413170514],[12.982654498207268,61.18089670688812],[12.98366741466883,61.18112975553524],[12.983600048559827,61.18137797403362]]}},{"type":"Feature","properties":{"id":2204,"klass":"9"},"geometry":{"type":"LineString","coordinates":[[13.028659131701513,61.19510474957732],[13.030428418879906,61.19604774824923]]}},{"type":"Feature","properties":{"id":2205,"klass":"9"},"geometry":{"type":"LineString","coordinates":[[12.973925105080175,61.18386853254596],[12.974086871022616,61.18415229031673],[12.974610220965717,61.18433506303956],[12.977404589526829,61.18455797260038],[12.97811491486717,61.18507659871922]]}},{"type":"Feature","properties":{"id":2206,"klass":"9"},"geometry":{"type":"LineString","coordinates":[[13.012201191507538,61.193626474592925],[13.012923382155021,61.19338549161859]]}},{"type":"Feature","properties":{"id":2207,"klass":"9"},"geometry":{"type":"LineString","coordinates":[[13.058765203354566,61.18183376300282],[13.057237929289382,61.18295996039381],[13.057500806682336,61.18353695231761]]}},{"type":"Feature","properties":{"id":2209,"klass":"9"},"geometry":{"type":"LineString","coordinates":[[12.999677702532935,61.17660728802006],[12.999818556220184,61.17699989041644]]}},{"type":"Feature","properties":{"id":2210,"klass":"9"},"geometry":{"type":"LineString","coordinates":[[13.067766344972771,61.17667057873363],[13.068475950076662,61.176222066369085],[13.070292814606557,61.1756595079208],[13.071253945439558,61.17565446211011]]}},{"type":"Feature","properties":{"id":2211,"klass":"9"},"geometry":{"type":"LineString","coordinates":[[13.256406717960262,61.17102236464642],[13.25641622108939,61.171004823574734]]}},{"type":"Feature","properties":{"id":2212,"klass":"9"},"geometry":{"type":"LineString","coordinates":[[13.25641622108939,61.171004823574734],[13.256559878588693,61.17074042862254]]}},{"type":"Feature","properties":{"id":2213,"klass":"9"},"geometry":{"type":"LineString","coordinates":[[13.240570012338425,61.186257368841005],[13.239523597422265,61.18614577174991]]}},{"type":"Feature","properties":{"id":2214,"klass":"9"},"geometry":{"type":"LineString","coordinates":[[13.173115261619369,61.17136791547014],[13.176117791664618,61.171748109809315]]}},{"type":"Feature","properties":{"id":2215,"klass":"9"},"geometry":{"type":"LineString","coordinates":[[13.176869016334795,61.17067859513638],[13.176117791664618,61.171748109809315]]}},{"type":"Feature","properties":{"id":2216,"klass":"9"},"geometry":{"type":"LineString","coordinates":[[13.176869016334795,61.17067859513638],[13.173370404554444,61.17060374682934],[13.173095984102819,61.17069905850649],[13.173080818315368,61.17113342875424]]}},{"type":"Feature","properties":{"id":2217,"klass":"9"},"geometry":{"type":"LineString","coordinates":[[13.256892294970067,61.17013515352048],[13.257682238258775,61.169027998540884]]}},{"type":"Feature","properties":{"id":2219,"klass":"9"},"geometry":{"type":"LineString","coordinates":[[12.983661609292483,61.181740604054276],[12.98213355871128,61.18128415520538],[12.982140627000529,61.181451731606984],[12.983460755218195,61.18188402413734]]}},{"type":"Feature","properties":{"id":2220,"klass":"9"},"geometry":{"type":"LineString","coordinates":[[13.109909516653431,61.165100491688044],[13.110906960352803,61.1644814403126],[13.111480161042811,61.16374657127712]]}},{"type":"Feature","properties":{"id":2221,"klass":"9"},"geometry":{"type":"LineString","coordinates":[[13.177256722061074,61.16553504207334],[13.17687879919864,61.16523885295906]]}},{"type":"Feature","properties":{"id":2222,"klass":"9"},"geometry":{"type":"LineString","coordinates":[[13.174552053609881,61.16608825538137],[13.174673194919388,61.16560542945353],[13.175317291790014,61.16524065743697]]}},{"type":"Feature","properties":{"id":2246,"klass":"9"},"geometry":{"type":"LineString","coordinates":[[13.219729664119223,61.20570284526785],[13.218362962909895,61.206268361099234]]}},{"type":"Feature","properties":{"id":2247,"klass":"9"},"geometry":{"type":"LineString","coordinates":[[13.219948170409102,61.19978798743631],[13.2193014596425,61.19931992921585]]}},{"type":"Feature","properties":{"id":2248,"klass":"9"},"geometry":{"type":"LineString","coordinates":[[13.015081511403034,61.19838757496701],[13.011500402308524,61.19642234612428],[13.011137916828387,61.19568331349622],[13.01133034280576,61.19499350571913]]}},{"type":"Feature","properties":{"id":2249,"klass":"9"},"geometry":{"type":"LineString","coordinates":[[12.970492194469319,61.19013309325851],[12.972345457689656,61.1901475185225],[12.974236781291495,61.190534727022076]]}},{"type":"Feature","properties":{"id":2250,"klass":"9"},"geometry":{"type":"LineString","coordinates":[[13.109608264263146,61.159009291811415],[13.110258200734172,61.15864067507823]]}},{"type":"Feature","properties":{"id":2251,"klass":"9"},"geometry":{"type":"LineString","coordinates":[[13.132870694692796,61.15896617306988],[13.13472905672653,61.15989229198837]]}},{"type":"Feature","properties":{"id":2252,"klass":"9"},"geometry":{"type":"LineString","coordinates":[[13.262967846558158,61.16236596252287],[13.26273919349121,61.16271330672379]]}},{"type":"Feature","properties":{"id":2253,"klass":"9"},"geometry":{"type":"LineString","coordinates":[[13.200027248879481,61.15849105881282],[13.200305319160773,61.15841643271844],[13.200761110509415,61.15883627621705],[13.200435216230986,61.160596138977205]]}},{"type":"Feature","properties":{"id":2254,"klass":"9"},"geometry":{"type":"LineString","coordinates":[[13.120567903336486,61.15665318634745],[13.120369281686797,61.15707011211994],[13.115683550796573,61.15755861133739]]}},{"type":"Feature","properties":{"id":2255,"klass":"9"},"geometry":{"type":"LineString","coordinates":[[13.192962937569309,61.15895714230006],[13.192934864921368,61.15855010449569],[13.191735370922919,61.158252934706915],[13.191576128639543,61.15796577004429]]}},{"type":"Feature","properties":{"id":2256,"klass":"9"},"geometry":{"type":"LineString","coordinates":[[13.123032375974057,61.15683399328735],[13.122866466692242,61.156379319827174]]}},{"type":"Feature","properties":{"id":2257,"klass":"9"},"geometry":{"type":"LineString","coordinates":[[13.191380962345212,61.16302532470088],[13.191951519688393,61.16329628833439]]}},{"type":"Feature","properties":{"id":2258,"klass":"9"},"geometry":{"type":"LineString","coordinates":[[13.132454932824393,61.16191847421802],[13.131279695496609,61.16159638558203]]}},{"type":"Feature","properties":{"id":2259,"klass":"9"},"geometry":{"type":"LineString","coordinates":[[13.176616855522731,61.16266499023349],[13.177540784605684,61.16242648458571]]}},{"type":"Feature","properties":{"id":2260,"klass":"9"},"geometry":{"type":"LineString","coordinates":[[13.262025969639204,61.16385196998218],[13.261533684149416,61.164763842596074]]}},{"type":"Feature","properties":{"id":2265,"klass":"9"},"geometry":{"type":"LineString","coordinates":[[13.215058118501979,61.20997894371925],[13.21579645440073,61.20932753670099]]}},{"type":"Feature","properties":{"id":2267,"klass":"9"},"geometry":{"type":"LineString","coordinates":[[13.027636218959376,61.195647860076704],[13.026656186068564,61.19613175984869]]}},{"type":"Feature","properties":{"id":2268,"klass":"9"},"geometry":{"type":"LineString","coordinates":[[13.022293654053625,61.19948611908368],[13.022582828638155,61.19967902135976]]}},{"type":"Feature","properties":{"id":2270,"klass":"9"},"geometry":{"type":"LineString","coordinates":[[13.01133034280576,61.19499350571913],[13.011108901255815,61.19484816389041],[13.01129850250701,61.194399065064076],[13.012201191507538,61.193626474592925]]}},{"type":"Feature","properties":{"id":2271,"klass":"9"},"geometry":{"type":"LineString","coordinates":[[13.229336759523385,61.19809422952427],[13.228608329157474,61.197940865098666],[13.228736343077722,61.19758799308157]]}},{"type":"Feature","properties":{"id":2272,"klass":"9"},"geometry":{"type":"LineString","coordinates":[[13.014808651171666,61.19179199089155],[13.01774422300574,61.191356983880254]]}},{"type":"Feature","properties":{"id":2273,"klass":"9"},"geometry":{"type":"LineString","coordinates":[[13.006250894311961,61.19104877179819],[13.005421072730647,61.19185463703466],[13.007165602717349,61.19305776011932],[13.008158296716495,61.194065235716266],[13.008596200667093,61.19560084756813],[13.009128199701948,61.19622433013201]]}},{"type":"Feature","properties":{"id":2274,"klass":"9"},"geometry":{"type":"LineString","coordinates":[[13.231302428564403,61.19426377278227],[13.230868531792646,61.19460062796707],[13.230429979051431,61.19454829328192]]}},{"type":"Feature","properties":{"id":2275,"klass":"9"},"geometry":{"type":"LineString","coordinates":[[12.944802901067575,61.18846666279262],[12.941444440956904,61.18989116981845]]}},{"type":"Feature","properties":{"id":2276,"klass":"9"},"geometry":{"type":"LineString","coordinates":[[12.969465699407397,61.18774064713154],[12.96957578007726,61.187757807377174]]}},{"type":"Feature","properties":{"id":2278,"klass":"9"},"geometry":{"type":"LineString","coordinates":[[12.942092909081493,61.1856668865461],[12.944182252656306,61.18666371398876],[12.945496351812508,61.187103903734226],[12.947183358256348,61.18740393168951],[12.947818675414458,61.18769875388462]]}},{"type":"Feature","properties":{"id":2279,"klass":"9"},"geometry":{"type":"LineString","coordinates":[[12.950773127270471,61.18544297427418],[12.95078065334459,61.185657664828994]]}},{"type":"Feature","properties":{"id":2280,"klass":"9"},"geometry":{"type":"LineString","coordinates":[[12.951788829463673,61.18441410761275],[12.95132591423012,61.18454630573889]]}},{"type":"Feature","properties":{"id":2281,"klass":"9"},"geometry":{"type":"LineString","coordinates":[[12.953824868029574,61.183969011417965],[12.954338824795606,61.18497325147261],[12.954145515763464,61.18545038644989]]}},{"type":"Feature","properties":{"id":2282,"klass":"9"},"geometry":{"type":"LineString","coordinates":[[13.24005753106452,61.188639081965334],[13.24157299123255,61.18908646268132],[13.241830883571335,61.18936563799526]]}},{"type":"Feature","properties":{"id":2283,"klass":"9"},"geometry":{"type":"LineString","coordinates":[[13.046524395026934,61.184451209214956],[13.046455096178885,61.18522112748506]]}},{"type":"Feature","properties":{"id":2284,"klass":"9"},"geometry":{"type":"LineString","coordinates":[[13.052178708256191,61.18359075925942],[13.05282091351172,61.184130443340486]]}},{"type":"Feature","properties":{"id":2285,"klass":"9"},"geometry":{"type":"LineString","coordinates":[[13.054744142879875,61.18345540322698],[13.056246396332204,61.18395592062153],[13.057799104952952,61.18406359552185]]}},{"type":"Feature","properties":{"id":2287,"klass":"9"},"geometry":{"type":"LineString","coordinates":[[12.983661609292483,61.181740604054276],[12.984036579090873,61.181674531115405]]}},{"type":"Feature","properties":{"id":2288,"klass":"9"},"geometry":{"type":"LineString","coordinates":[[12.918041248136014,61.18047616735174],[12.918141959046396,61.18021866373909],[12.919119168793179,61.17985474936875]]}},{"type":"Feature","properties":{"id":2289,"klass":"9"},"geometry":{"type":"LineString","coordinates":[[12.96097361155597,61.18058907965153],[12.960923751414644,61.18075188539919]]}},{"type":"Feature","properties":{"id":2290,"klass":"9"},"geometry":{"type":"LineString","coordinates":[[12.992151186405266,61.181205702262965],[12.993120236928869,61.18117119687571],[12.993190087013875,61.18130923144055]]}},{"type":"Feature","properties":{"id":2291,"klass":"9"},"geometry":{"type":"LineString","coordinates":[[12.992151186405266,61.181205702262965],[12.991511308293745,61.180781513681254],[12.990580409298387,61.18068586074131]]}},{"type":"Feature","properties":{"id":2292,"klass":"9"},"geometry":{"type":"LineString","coordinates":[[12.99780053775751,61.18074062000864],[12.99793487489293,61.180575226109966]]}},{"type":"Feature","properties":{"id":2293,"klass":"9"},"geometry":{"type":"LineString","coordinates":[[12.946900858890919,61.179405436579216],[12.946394712703333,61.1793349576958],[12.946265494542217,61.17962024700839]]}},{"type":"Feature","properties":{"id":2294,"klass":"9"},"geometry":{"type":"LineString","coordinates":[[12.998957747340183,61.1777894337824],[12.999661186274153,61.17710681427691]]}},{"type":"Feature","properties":{"id":2295,"klass":"9"},"geometry":{"type":"LineString","coordinates":[[13.000394207189133,61.17578996053342],[12.995899316724032,61.17529264072749]]}},{"type":"Feature","properties":{"id":2296,"klass":"9"},"geometry":{"type":"LineString","coordinates":[[12.967190092651432,61.17561426844173],[12.971467076778538,61.17502711754629],[12.973219876705253,61.17450485809594]]}},{"type":"Feature","properties":{"id":2297,"klass":"9"},"geometry":{"type":"LineString","coordinates":[[12.995899316724032,61.17529264072749],[12.996356285065367,61.17486304595508]]}},{"type":"Feature","properties":{"id":2298,"klass":"9"},"geometry":{"type":"LineString","coordinates":[[12.996356285065367,61.17486304595508],[12.995842481988838,61.17479201933143]]}},{"type":"Feature","properties":{"id":2299,"klass":"9"},"geometry":{"type":"LineString","coordinates":[[12.995842481988838,61.17479201933143],[12.995271299314709,61.1746306402367],[12.993609816399871,61.17465394629747],[12.990476508917364,61.17540620848479]]}},{"type":"Feature","properties":{"id":2300,"klass":"9"},"geometry":{"type":"LineString","coordinates":[[13.19572247287361,61.16318648505314],[13.196823167286222,61.1625307912246]]}},{"type":"Feature","properties":{"id":2301,"klass":"9"},"geometry":{"type":"LineString","coordinates":[[13.18983054801905,61.16070643293269],[13.190004829623984,61.16095492589438],[13.191144288282885,61.1614820420168],[13.191777244682859,61.1612229202944],[13.192412573506171,61.16055736201566]]}},{"type":"Feature","properties":{"id":2302,"klass":"9"},"geometry":{"type":"LineString","coordinates":[[13.192384373305936,61.160419347689015],[13.193620617878075,61.16092865274783]]}},{"type":"Feature","properties":{"id":2303,"klass":"9"},"geometry":{"type":"LineString","coordinates":[[13.192384373305936,61.160419347689015],[13.192412573506171,61.16055736201566]]}},{"type":"Feature","properties":{"id":2304,"klass":"9"},"geometry":{"type":"LineString","coordinates":[[13.192660746889548,61.15963978700307],[13.193078154264079,61.159595440143846]]}},{"type":"Feature","properties":{"id":2305,"klass":"9"},"geometry":{"type":"LineString","coordinates":[[13.263707791919096,61.160815648864414],[13.263923209081986,61.16122617119122],[13.264557032004854,61.1608727421093]]}},{"type":"Feature","properties":{"id":2306,"klass":"9"},"geometry":{"type":"LineString","coordinates":[[13.143171152310778,61.1586900570187],[13.14213835150357,61.15842438287944]]}},{"type":"Feature","properties":{"id":2307,"klass":"9"},"geometry":{"type":"LineString","coordinates":[[13.263707791919096,61.160815648864414],[13.263515526950895,61.1607810432354]]}},{"type":"Feature","properties":{"id":2308,"klass":"9"},"geometry":{"type":"LineString","coordinates":[[13.192627171399534,61.159470315547175],[13.19198405086872,61.15937158353603],[13.190809660109657,61.159513606928144]]}},{"type":"Feature","properties":{"id":2309,"klass":"9"},"geometry":{"type":"LineString","coordinates":[[13.195869196815915,61.158941891152566],[13.195048781484724,61.15990068348667]]}},{"type":"Feature","properties":{"id":2310,"klass":"9"},"geometry":{"type":"LineString","coordinates":[[13.152559581655279,61.159462771712484],[13.153698502075553,61.15836702476574],[13.154709577088601,61.15813814300698],[13.155492188857744,61.15830974551925],[13.156588602241733,61.15926573513994]]}},{"type":"Feature","properties":{"id":2311,"klass":"9"},"geometry":{"type":"LineString","coordinates":[[13.192962937569309,61.15895714230006],[13.191058773754547,61.15874711892852]]}},{"type":"Feature","properties":{"id":2312,"klass":"9"},"geometry":{"type":"LineString","coordinates":[[13.110640523103896,61.15818816129832],[13.110152791553853,61.15756378458364],[13.110691729236299,61.157141422392066]]}},{"type":"Feature","properties":{"id":2313,"klass":"9"},"geometry":{"type":"LineString","coordinates":[[13.14726656908915,61.154669925710735],[13.146510778820824,61.15634212597241]]}},{"type":"Feature","properties":{"id":2314,"klass":"9"},"geometry":{"type":"LineString","coordinates":[[13.14726656908915,61.154669925710735],[13.144979169647831,61.154943889633834],[13.143965768131906,61.155462808386716],[13.14291025390684,61.1573046913286],[13.14340583295309,61.158166003393475],[13.143171152310778,61.1586900570187]]}},{"type":"Feature","properties":{"id":2315,"klass":"9"},"geometry":{"type":"LineString","coordinates":[[13.148720238235276,61.15464376078924],[13.148830294865363,61.15549930168652]]}},{"type":"Feature","properties":{"id":2316,"klass":"9"},"geometry":{"type":"LineString","coordinates":[[13.002092570321995,61.174023460851004],[13.003534725913102,61.17370501931371],[13.005028399775705,61.17241839739378],[13.00589769132832,61.17221815014632],[13.006174027146498,61.17240452639815],[13.005840750855162,61.17347144105047],[13.005063298992168,61.17445586138677]]}},{"type":"Feature","properties":{"id":2317,"klass":"9"},"geometry":{"type":"LineString","coordinates":[[13.091692561747887,61.174179156762946],[13.09160769773461,61.17387134479893],[13.091899497458588,61.17371527561577]]}},{"type":"Feature","properties":{"id":2318,"klass":"9"},"geometry":{"type":"LineString","coordinates":[[13.086684859412532,61.173499589618814],[13.086074678377368,61.174119283875356]]}},{"type":"Feature","properties":{"id":2319,"klass":"9"},"geometry":{"type":"LineString","coordinates":[[13.091899497458588,61.17371527561577],[13.092192099711365,61.17357972822876]]}},{"type":"Feature","properties":{"id":2320,"klass":"9"},"geometry":{"type":"LineString","coordinates":[[13.2541617082901,61.1734116842833],[13.250925107050534,61.17667693120647],[13.249625001388457,61.18022242408218],[13.248357765890914,61.18183006240101]]}},{"type":"Feature","properties":{"id":2321,"klass":"9"},"geometry":{"type":"LineString","coordinates":[[13.005891400365543,61.16994148769761],[13.007407839419695,61.16975087125969],[13.008333347603305,61.16903529575918],[13.009752511442704,61.168512620254056],[13.009959178957919,61.16946764495731]]}},{"type":"Feature","properties":{"id":2322,"klass":"9"},"geometry":{"type":"LineString","coordinates":[[13.092948946144663,61.17218727731901],[13.09342359866171,61.17094680091248],[13.094190859296063,61.170175247161644]]}},{"type":"Feature","properties":{"id":2323,"klass":"9"},"geometry":{"type":"LineString","coordinates":[[13.175476892717358,61.17287658026015],[13.176117791664618,61.171748109809315]]}},{"type":"Feature","properties":{"id":2324,"klass":"9"},"geometry":{"type":"LineString","coordinates":[[13.256559878588693,61.17074042862254],[13.256663029983198,61.17056540970433]]}},{"type":"Feature","properties":{"id":2325,"klass":"9"},"geometry":{"type":"LineString","coordinates":[[13.256663029983198,61.17056540970433],[13.257256908759285,61.170383436601774],[13.257564977432915,61.17049977657708]]}},{"type":"Feature","properties":{"id":2326,"klass":"9"},"geometry":{"type":"LineString","coordinates":[[13.164131695447113,61.16853088705239],[13.16279343057097,61.16887078708648]]}},{"type":"Feature","properties":{"id":2327,"klass":"9"},"geometry":{"type":"LineString","coordinates":[[13.162762387488788,61.16839642040108],[13.16183392958651,61.16851416272261],[13.161035499005084,61.168241825167065]]}},{"type":"Feature","properties":{"id":2328,"klass":"9"},"geometry":{"type":"LineString","coordinates":[[13.106692473338583,61.16631248565987],[13.107146415937994,61.16661483425185]]}},{"type":"Feature","properties":{"id":2329,"klass":"9"},"geometry":{"type":"LineString","coordinates":[[13.100564675868872,61.16600778338444],[13.101059794056937,61.166508306870035],[13.100988450213714,61.16738555438203],[13.099663860160167,61.16740388280744]]}},{"type":"Feature","properties":{"id":2330,"klass":"9"},"geometry":{"type":"LineString","coordinates":[[13.100564675868872,61.16600778338444],[13.100021276685277,61.16627481103506],[13.0998598971004,61.16682610184201],[13.09890507355026,61.16736078201699]]}},{"type":"Feature","properties":{"id":2331,"klass":"9"},"geometry":{"type":"LineString","coordinates":[[13.14308462624144,61.16678360421772],[13.146430096881383,61.16841375219861],[13.148251836428308,61.169782893724225]]}},{"type":"Feature","properties":{"id":2333,"klass":"9"},"geometry":{"type":"LineString","coordinates":[[13.184149873966142,61.16601255024964],[13.180497924814256,61.16701553826839]]}},{"type":"Feature","properties":{"id":2334,"klass":"9"},"geometry":{"type":"LineString","coordinates":[[13.174173543979638,61.16608938249871],[13.17297601498596,61.16610236454895],[13.172293561573905,61.16594180028681],[13.172112233772868,61.16574310003591]]}},{"type":"Feature","properties":{"id":2335,"klass":"9"},"geometry":{"type":"LineString","coordinates":[[13.168605401787872,61.1661013487816],[13.170571910036932,61.16564254703224]]}},{"type":"Feature","properties":{"id":2336,"klass":"9"},"geometry":{"type":"LineString","coordinates":[[13.167711510525661,61.1650179477875],[13.167000289412911,61.16445540184799],[13.167816077897179,61.16418611393148]]}},{"type":"Feature","properties":{"id":2337,"klass":"9"},"geometry":{"type":"LineString","coordinates":[[13.18468519552877,61.16439717099599],[13.18447286454225,61.165069410874416]]}},{"type":"Feature","properties":{"id":2338,"klass":"9"},"geometry":{"type":"LineString","coordinates":[[13.262799645114194,61.166840127815384],[13.263693359482206,61.16577569580684]]}},{"type":"Feature","properties":{"id":2339,"klass":"9"},"geometry":{"type":"LineString","coordinates":[[13.175303369954765,61.16277319030065],[13.176009064724221,61.16279561560966]]}},{"type":"Feature","properties":{"id":2340,"klass":"9"},"geometry":{"type":"LineString","coordinates":[[13.19572247287361,61.16318648505314],[13.197280777268364,61.16332873103297]]}},{"type":"Feature","properties":{"id":2341,"klass":"9"},"geometry":{"type":"LineString","coordinates":[[13.174069410304167,61.16277156396635],[13.174229407618771,61.16270308464339]]}},{"type":"Feature","properties":{"id":2342,"klass":"9"},"geometry":{"type":"LineString","coordinates":[[13.191380962345212,61.16302532470088],[13.190750990444919,61.16326313013367]]}},{"type":"Feature","properties":{"id":2343,"klass":"9"},"geometry":{"type":"LineString","coordinates":[[13.108917616876482,61.16116026881988],[13.108181920503513,61.16156234490612]]}},{"type":"Feature","properties":{"id":2344,"klass":"9"},"geometry":{"type":"LineString","coordinates":[[13.131416982563188,61.16025070565096],[13.13086197509348,61.16064847290378]]}},{"type":"Feature","properties":{"id":2345,"klass":"9"},"geometry":{"type":"LineString","coordinates":[[13.190833233256075,61.16187823459009],[13.18985194787209,61.16136807558316]]}},{"type":"Feature","properties":{"id":2346,"klass":"9"},"geometry":{"type":"LineString","coordinates":[[13.143171152310778,61.1586900570187],[13.141193644162213,61.16066066821992]]}},{"type":"Feature","properties":{"id":2347,"klass":"9"},"geometry":{"type":"LineString","coordinates":[[13.193078154264079,61.159595440143846],[13.194188598395524,61.16010468607119]]}},{"type":"Feature","properties":{"id":2348,"klass":"9"},"geometry":{"type":"LineString","coordinates":[[13.110640523103896,61.15818816129832],[13.111006858758529,61.15774855257509]]}},{"type":"Feature","properties":{"id":2349,"klass":"9"},"geometry":{"type":"LineString","coordinates":[[13.133536902132876,61.15810920937263],[13.132870694692796,61.15896617306988]]}},{"type":"Feature","properties":{"id":2350,"klass":"9"},"geometry":{"type":"LineString","coordinates":[[13.200435216230986,61.160596138977205],[13.203731401280102,61.160204698434455],[13.204880398470948,61.159886100724876],[13.205507616067607,61.15937594641226],[13.205731447484927,61.15804753217562]]}},{"type":"Feature","properties":{"id":2351,"klass":"9"},"geometry":{"type":"LineString","coordinates":[[13.266152147418005,61.15744940613809],[13.266395746398235,61.157492496227945]]}},{"type":"Feature","properties":{"id":2352,"klass":"9"},"geometry":{"type":"LineString","coordinates":[[13.153271628963834,61.15545046068438],[13.157556365006341,61.15528877809509]]}},{"type":"Feature","properties":{"id":2353,"klass":"9"},"geometry":{"type":"LineString","coordinates":[[13.11721750881105,61.156306340812286],[13.116518951052008,61.15448110149855],[13.115654270953138,61.15454660847713]]}},{"type":"Feature","properties":{"id":2354,"klass":"9"},"geometry":{"type":"LineString","coordinates":[[12.975720573632074,61.189087060129545],[12.97339544083885,61.188746347951465],[12.971212925097925,61.18868002592674]]}},{"type":"Feature","properties":{"id":2355,"klass":"9"},"geometry":{"type":"LineString","coordinates":[[13.231302428564403,61.19426377278227],[13.231940076659978,61.19367243563223]]}},{"type":"Feature","properties":{"id":2356,"klass":"9"},"geometry":{"type":"LineString","coordinates":[[12.94957853633056,61.18608067242889],[12.949859110635439,61.18584528780125],[12.95078065334459,61.185657664828994]]}},{"type":"Feature","properties":{"id":2357,"klass":"9"},"geometry":{"type":"LineString","coordinates":[[13.010349141513768,61.186837435605945],[13.01033270506471,61.18730932882147]]}},{"type":"Feature","properties":{"id":2358,"klass":"9"},"geometry":{"type":"LineString","coordinates":[[12.950642834037787,61.18272475204945],[12.95161652226782,61.18252470292277]]}},{"type":"Feature","properties":{"id":2359,"klass":"9"},"geometry":{"type":"LineString","coordinates":[[12.950642834037787,61.18272475204945],[12.949981342362555,61.18242764191938]]}},{"type":"Feature","properties":{"id":2360,"klass":"9"},"geometry":{"type":"LineString","coordinates":[[12.992018611557754,61.18189045687431],[12.992147756965384,61.18167857956838]]}},{"type":"Feature","properties":{"id":2361,"klass":"9"},"geometry":{"type":"LineString","coordinates":[[12.984036579090873,61.181674531115405],[12.983600048559827,61.18137797403362]]}},{"type":"Feature","properties":{"id":2362,"klass":"9"},"geometry":{"type":"LineString","coordinates":[[12.945422052715227,61.18064567920405],[12.94565862635391,61.18031471797673],[12.945514317650778,61.179746408353274]]}},{"type":"Feature","properties":{"id":2363,"klass":"9"},"geometry":{"type":"LineString","coordinates":[[12.955064287221614,61.18009549880496],[12.955478517676564,61.180073546275295],[12.955619110334274,61.179830782881155]]}},{"type":"Feature","properties":{"id":2364,"klass":"9"},"geometry":{"type":"LineString","coordinates":[[13.240812475289601,61.181759528516785],[13.240267428523556,61.182276721621676]]}},{"type":"Feature","properties":{"id":2365,"klass":"9"},"geometry":{"type":"LineString","coordinates":[[13.240812475289601,61.181759528516785],[13.24063308823876,61.181711939033384]]}},{"type":"Feature","properties":{"id":2367,"klass":"9"},"geometry":{"type":"LineString","coordinates":[[13.089436971355855,61.17456107659047],[13.090750222109785,61.174129607648865]]}},{"type":"Feature","properties":{"id":2368,"klass":"9"},"geometry":{"type":"LineString","coordinates":[[13.179913718512763,61.17698550909935],[13.183367171276325,61.17442057966825]]}},{"type":"Feature","properties":{"id":2369,"klass":"9"},"geometry":{"type":"LineString","coordinates":[[13.17756328741638,61.174174137125014],[13.177114609859613,61.17529093289773],[13.175124767674372,61.17673628948692]]}},{"type":"Feature","properties":{"id":2370,"klass":"9"},"geometry":{"type":"LineString","coordinates":[[13.171369182670084,61.17403670713486],[13.170583431056677,61.17514862480134]]}},{"type":"Feature","properties":{"id":2372,"klass":"9"},"geometry":{"type":"LineString","coordinates":[[13.256406717960262,61.17102236464642],[13.2541617082901,61.1734116842833]]}},{"type":"Feature","properties":{"id":2374,"klass":"9"},"geometry":{"type":"LineString","coordinates":[[13.164996662214644,61.16813649713392],[13.1647876244538,61.16836623105369],[13.164131695447113,61.16853088705239]]}},{"type":"Feature","properties":{"id":2375,"klass":"9"},"geometry":{"type":"LineString","coordinates":[[13.18447286454225,61.165069410874416],[13.183728623009056,61.16511729413979],[13.181454758559564,61.165664246948765]]}},{"type":"Feature","properties":{"id":2376,"klass":"9"},"geometry":{"type":"LineString","coordinates":[[13.181454758559564,61.165664246948765],[13.181572398474774,61.16518773567446]]}},{"type":"Feature","properties":{"id":2377,"klass":"9"},"geometry":{"type":"LineString","coordinates":[[13.131279695496609,61.16159638558203],[13.129828463942559,61.16108047796594]]}},{"type":"Feature","properties":{"id":2378,"klass":"9"},"geometry":{"type":"LineString","coordinates":[[13.133639654970542,61.16103186246296],[13.134901280913382,61.16118041065228],[13.13692791474632,61.16212857250781],[13.139429409893593,61.16201485445097]]}},{"type":"Feature","properties":{"id":2379,"klass":"9"},"geometry":{"type":"LineString","coordinates":[[13.186241598720533,61.162118305684324],[13.183829119764898,61.16189768742051],[13.183368818704418,61.16197988323025],[13.18312158935989,61.16225260408744],[13.183911811244068,61.16272554100183],[13.187766949024184,61.16269240532098],[13.189484286369286,61.16309243512124]]}},{"type":"Feature","properties":{"id":2380,"klass":"9"},"geometry":{"type":"LineString","coordinates":[[13.191830799390605,61.162316906695],[13.191408055483677,61.162519371835806],[13.191380962345212,61.16302532470088]]}},{"type":"Feature","properties":{"id":2381,"klass":"9"},"geometry":{"type":"LineString","coordinates":[[13.194847329050873,61.15916588710657],[13.194425938639528,61.158687869011914],[13.194739700762726,61.158562355367486]]}},{"type":"Feature","properties":{"id":2382,"klass":"9"},"geometry":{"type":"LineString","coordinates":[[13.119967013855328,61.15668321262789],[13.120162998681069,61.15667705368519]]}},{"type":"Feature","properties":{"id":2383,"klass":"9"},"geometry":{"type":"LineString","coordinates":[[13.120162998681069,61.15667705368519],[13.120567903336486,61.15665318634745]]}},{"type":"Feature","properties":{"id":2384,"klass":"9"},"geometry":{"type":"LineString","coordinates":[[13.12215615022973,61.15643187804532],[13.122866466692242,61.156379319827174]]}},{"type":"Feature","properties":{"id":2387,"klass":"9"},"geometry":{"type":"LineString","coordinates":[[12.945514317650778,61.179746408353274],[12.946265494542217,61.17962024700839]]}},{"type":"Feature","properties":{"id":2388,"klass":"9"},"geometry":{"type":"LineString","coordinates":[[12.99793487489293,61.180575226109966],[12.998255841287671,61.180385344336806]]}},{"type":"Feature","properties":{"id":2389,"klass":"9"},"geometry":{"type":"LineString","coordinates":[[12.967484344440338,61.17840572793962],[12.967441263012528,61.17822729938617],[12.968659046581424,61.17789828452051]]}},{"type":"Feature","properties":{"id":2390,"klass":"9"},"geometry":{"type":"LineString","coordinates":[[12.992076271955202,61.177674274639664],[12.992531863841114,61.178756810073466]]}},{"type":"Feature","properties":{"id":2391,"klass":"9"},"geometry":{"type":"LineString","coordinates":[[13.04640825412873,61.18020738156732],[13.04732717156234,61.17947013158856],[13.046874501581541,61.178731982279906],[13.04643436634291,61.178383045622176],[13.045087262755526,61.178591076442586]]}},{"type":"Feature","properties":{"id":2392,"klass":"9"},"geometry":{"type":"LineString","coordinates":[[12.999818556220184,61.17699989041644],[12.999661186274153,61.17710681427691]]}},{"type":"Feature","properties":{"id":2393,"klass":"9"},"geometry":{"type":"LineString","coordinates":[[13.000750882835261,61.179345068603624],[13.000913258117565,61.17892988667285],[12.999291773310187,61.17850623543844]]}},{"type":"Feature","properties":{"id":2396,"klass":"9"},"geometry":{"type":"LineString","coordinates":[[13.164996662214644,61.16813649713392],[13.162762387488788,61.16839642040108]]}},{"type":"Feature","properties":{"id":2398,"klass":"9"},"geometry":{"type":"LineString","coordinates":[[12.985140325867143,61.18215143378564],[12.984036579090873,61.181674531115405]]}},{"type":"Feature","properties":{"id":2399,"klass":"9"},"geometry":{"type":"LineString","coordinates":[[12.992147756965384,61.18167857956838],[12.992151186405266,61.181205702262965]]}},{"type":"Feature","properties":{"id":2400,"klass":"9"},"geometry":{"type":"LineString","coordinates":[[13.00050789282131,61.17421888551015],[13.00063962143123,61.17340072278905],[13.001233020394212,61.172707822498836],[13.002453466507328,61.17212887899129],[13.004417870042715,61.17166531171066],[13.005001817815858,61.171318485256386]]}},{"type":"Feature","properties":{"id":2401,"klass":"9"},"geometry":{"type":"LineString","coordinates":[[13.159944578210352,61.174533888286874],[13.160566625130873,61.17411355718536],[13.162109923963534,61.173716661904216],[13.162725211016916,61.17293973571645]]}},{"type":"Feature","properties":{"id":2402,"klass":"9"},"geometry":{"type":"LineString","coordinates":[[13.256892294970067,61.17013515352048],[13.257437298237122,61.169735919249646]]}},{"type":"Feature","properties":{"id":2403,"klass":"9"},"geometry":{"type":"LineString","coordinates":[[12.952534443610903,61.18128908856268],[12.952261751686292,61.18101950303146],[12.951213231818336,61.18063605907898]]}},{"type":"Feature","properties":{"id":2404,"klass":"9"},"geometry":{"type":"LineString","coordinates":[[13.257682238258775,61.169027998540884],[13.257752264814211,61.16893418879346]]}},{"type":"Feature","properties":{"id":2405,"klass":"9"},"geometry":{"type":"LineString","coordinates":[[13.172054451348416,61.16694313340679],[13.170571910036932,61.16564254703224]]}},{"type":"Feature","properties":{"id":2433,"klass":"9"},"geometry":{"type":"LineString","coordinates":[[12.984939316259926,61.183005275790286],[12.98724398500583,61.18371394603524],[12.988493718734611,61.183830684727475]]}},{"type":"Feature","properties":{"id":2434,"klass":"9"},"geometry":{"type":"LineString","coordinates":[[12.998240941660043,61.18327898658461],[12.996907603823365,61.18297636131569],[12.99603069295171,61.182507943374794]]}},{"type":"Feature","properties":{"id":2435,"klass":"9"},"geometry":{"type":"LineString","coordinates":[[12.955720493924025,61.1814318704933],[12.952885001679604,61.18152090138751]]}},{"type":"Feature","properties":{"id":2436,"klass":"9"},"geometry":{"type":"LineString","coordinates":[[12.983460755218195,61.18188402413734],[12.983661609292483,61.181740604054276]]}},{"type":"Feature","properties":{"id":2437,"klass":"9"},"geometry":{"type":"LineString","coordinates":[[13.236325859197857,61.186326776431436],[13.23756273221402,61.18685362164705]]}},{"type":"Feature","properties":{"id":2438,"klass":"9"},"geometry":{"type":"LineString","coordinates":[[12.959424926275299,61.18052283740003],[12.959379223757297,61.1810495768649]]}},{"type":"Feature","properties":{"id":2440,"klass":"9"},"geometry":{"type":"LineString","coordinates":[[12.990580409298387,61.18068586074131],[12.989900691974722,61.18144432377434],[12.990095084794644,61.1821326195516],[12.991100522522265,61.182600900473325],[12.991686295919143,61.182591063228436],[12.992208294884724,61.18237490012696]]}},{"type":"Feature","properties":{"id":2441,"klass":"9"},"geometry":{"type":"LineString","coordinates":[[12.990217482526653,61.180464795330295],[12.990580409298387,61.18068586074131]]}},{"type":"Feature","properties":{"id":2442,"klass":"9"},"geometry":{"type":"LineString","coordinates":[[12.955619110334274,61.179830782881155],[12.956023233041401,61.17946940229551]]}},{"type":"Feature","properties":{"id":2443,"klass":"9"},"geometry":{"type":"LineString","coordinates":[[13.050498650264084,61.1812818751142],[13.05350431339047,61.18132544126253],[13.054514688407156,61.18200666109188],[13.053688116685958,61.18301197807225],[13.052178708256191,61.18359075925942]]}},{"type":"Feature","properties":{"id":2445,"klass":"9"},"geometry":{"type":"LineString","coordinates":[[12.966300510040861,61.17944140348461],[12.965053230473748,61.17850054195237]]}},{"type":"Feature","properties":{"id":2446,"klass":"9"},"geometry":{"type":"LineString","coordinates":[[13.000122729395509,61.17952485990413],[12.999542909720006,61.17897424324376],[12.998986684438595,61.17879520356385]]}},{"type":"Feature","properties":{"id":2447,"klass":"9"},"geometry":{"type":"LineString","coordinates":[[12.968659046581424,61.17789828452051],[12.9687064299677,61.1780024529968]]}},{"type":"Feature","properties":{"id":2448,"klass":"9"},"geometry":{"type":"LineString","coordinates":[[13.000498302399885,61.177913603827534],[12.998957747340183,61.1777894337824]]}},{"type":"Feature","properties":{"id":2449,"klass":"9"},"geometry":{"type":"LineString","coordinates":[[12.992076271955202,61.177674274639664],[12.988779913768536,61.17721782228992]]}},{"type":"Feature","properties":{"id":2450,"klass":"9"},"geometry":{"type":"LineString","coordinates":[[13.045087262755526,61.178591076442586],[13.043159709100333,61.1787951422185],[13.041046932294737,61.17832642273154],[13.039805101293599,61.177862119038004]]}},{"type":"Feature","properties":{"id":2451,"klass":"9"},"geometry":{"type":"LineString","coordinates":[[13.06784224861424,61.17784029961194],[13.066688989118939,61.178510504965395]]}},{"type":"Feature","properties":{"id":2452,"klass":"9"},"geometry":{"type":"LineString","coordinates":[[12.967190092651432,61.17561426844173],[12.967183494522754,61.17665647781017],[12.967588050377442,61.17720073784565]]}},{"type":"Feature","properties":{"id":2453,"klass":"9"},"geometry":{"type":"LineString","coordinates":[[13.064951119759238,61.17775467271445],[13.065827454464696,61.177072093464794]]}},{"type":"Feature","properties":{"id":2454,"klass":"9"},"geometry":{"type":"LineString","coordinates":[[12.99834501144927,61.17460576874284],[13.00050789282131,61.17421888551015]]}},{"type":"Feature","properties":{"id":2455,"klass":"9"},"geometry":{"type":"LineString","coordinates":[[13.001202160934175,61.174140733117355],[13.001818837994405,61.174058773687065]]}},{"type":"Feature","properties":{"id":2457,"klass":"9"},"geometry":{"type":"LineString","coordinates":[[12.924471401338284,61.13925220688942],[12.925501610092265,61.139945455055546],[12.925241131998687,61.140386246267944]]}},{"type":"Feature","properties":{"id":2477,"klass":"9"},"geometry":{"type":"LineString","coordinates":[[13.074741106902382,61.17428561869134],[13.076026057058204,61.17519627567557],[13.077905066490993,61.17577901299454],[13.078233886559808,61.176281292466264]]}},{"type":"Feature","properties":{"id":2478,"klass":"9"},"geometry":{"type":"LineString","coordinates":[[13.190123898624067,61.1758000557026],[13.189221327781663,61.17672514727896],[13.18841224514422,61.17688943530994],[13.187591130534315,61.17681126615544],[13.186490869795307,61.17628314220257],[13.18638102802828,61.17496219204917]]}},{"type":"Feature","properties":{"id":2479,"klass":"9"},"geometry":{"type":"LineString","coordinates":[[13.088457965659826,61.17240404287609],[13.087959823795655,61.172267493348336],[13.086684859412532,61.173499589618814]]}},{"type":"Feature","properties":{"id":2480,"klass":"9"},"geometry":{"type":"LineString","coordinates":[[13.005431259536623,61.17063145829821],[13.005891400365543,61.16994148769761]]}},{"type":"Feature","properties":{"id":2481,"klass":"9"},"geometry":{"type":"LineString","coordinates":[[13.090593923368411,61.17017841397969],[13.09096879857618,61.17059640192619],[13.090396085629836,61.17197662253325]]}},{"type":"Feature","properties":{"id":2482,"klass":"9"},"geometry":{"type":"LineString","coordinates":[[13.08839392301324,61.170025635589525],[13.089755257114708,61.17032338753956],[13.090593923368411,61.17017841397969]]}},{"type":"Feature","properties":{"id":2483,"klass":"9"},"geometry":{"type":"LineString","coordinates":[[13.167951377473239,61.17121901538519],[13.166950308884363,61.17128538722826],[13.163076089354186,61.17233276074177],[13.162594084161,61.17216889642814],[13.162529977075456,61.1717032139398]]}},{"type":"Feature","properties":{"id":2485,"klass":"9"},"geometry":{"type":"LineString","coordinates":[[13.256406717960262,61.17102236464642],[13.256173399579907,61.17097294232486]]}},{"type":"Feature","properties":{"id":2486,"klass":"9"},"geometry":{"type":"LineString","coordinates":[[13.107146415937994,61.16661483425185],[13.107827487987867,61.166695337028145]]}},{"type":"Feature","properties":{"id":2487,"klass":"9"},"geometry":{"type":"LineString","coordinates":[[13.167504922494281,61.167621376237996],[13.164996662214644,61.16813649713392]]}},{"type":"Feature","properties":{"id":2488,"klass":"9"},"geometry":{"type":"LineString","coordinates":[[13.257682238258775,61.169027998540884],[13.257312852610164,61.16894793837889]]}},{"type":"Feature","properties":{"id":2489,"klass":"9"},"geometry":{"type":"LineString","coordinates":[[13.184730384737982,61.1669692899923],[13.181627204001396,61.16760814245706]]}},{"type":"Feature","properties":{"id":2490,"klass":"9"},"geometry":{"type":"LineString","coordinates":[[13.174357975649622,61.16607802277538],[13.174173543979638,61.16608938249871]]}},{"type":"Feature","properties":{"id":2491,"klass":"9"},"geometry":{"type":"LineString","coordinates":[[13.188463958568997,61.166152576545635],[13.18967045787811,61.166494721700516],[13.189892370397478,61.166755426657346]]}},{"type":"Feature","properties":{"id":2492,"klass":"9"},"geometry":{"type":"LineString","coordinates":[[13.17470276671336,61.1532140406722],[13.174293538922676,61.153237445134074],[13.170526048955965,61.155479230021605],[13.167665501079487,61.15681727538291],[13.163349226063925,61.15771596113576],[13.160796082839568,61.15922731320014]]}},{"type":"Feature","properties":{"id":2494,"klass":"9"},"geometry":{"type":"LineString","coordinates":[[13.207768099816956,61.153441398464565],[13.207104170025149,61.15358796753],[13.205834267441386,61.15456164547966]]}},{"type":"Feature","properties":{"id":2495,"klass":"9"},"geometry":{"type":"LineString","coordinates":[[13.26824494452881,61.154274439551315],[13.26714618559914,61.1540224612911]]}},{"type":"Feature","properties":{"id":2496,"klass":"9"},"geometry":{"type":"LineString","coordinates":[[12.984036579090873,61.181674531115405],[12.984535385089197,61.181593488846865],[12.985588863795048,61.18190211479974]]}},{"type":"Feature","properties":{"id":2497,"klass":"9"},"geometry":{"type":"LineString","coordinates":[[12.946146270802519,61.181579215156084],[12.945322697507908,61.181031484456966],[12.945422052715227,61.18064567920405]]}},{"type":"Feature","properties":{"id":2498,"klass":"9"},"geometry":{"type":"LineString","coordinates":[[12.997911775375803,61.181332272296025],[12.99780053775751,61.18074062000864]]}},{"type":"Feature","properties":{"id":2500,"klass":"9"},"geometry":{"type":"LineString","coordinates":[[12.990217482526653,61.180464795330295],[12.988990538089809,61.179742226416444],[12.987700442938936,61.17940742474361]]}},{"type":"Feature","properties":{"id":2501,"klass":"9"},"geometry":{"type":"LineString","coordinates":[[12.999014202646125,61.17973887833307],[13.000122729395509,61.17952485990413]]}},{"type":"Feature","properties":{"id":2502,"klass":"9"},"geometry":{"type":"LineString","coordinates":[[13.057724081524928,61.178940183717906],[13.055680181668786,61.17953856168586],[13.054005248191993,61.180687532138926]]}},{"type":"Feature","properties":{"id":2504,"klass":"9"},"geometry":{"type":"LineString","coordinates":[[13.241955581119166,61.18098189598035],[13.24140878144922,61.18090788613266]]}},{"type":"Feature","properties":{"id":2505,"klass":"9"},"geometry":{"type":"LineString","coordinates":[[13.07719685201136,61.176355788006454],[13.07388893379494,61.176235109832184],[13.071253945439558,61.17565446211011]]}},{"type":"Feature","properties":{"id":2507,"klass":"9"},"geometry":{"type":"LineString","coordinates":[[13.005431259536623,61.17063145829821],[13.00630352208698,61.171197871442864],[13.005912588675587,61.171991708597794]]}},{"type":"Feature","properties":{"id":2508,"klass":"9"},"geometry":{"type":"LineString","coordinates":[[13.175123542345961,61.174308922742576],[13.175476892717358,61.17287658026015]]}},{"type":"Feature","properties":{"id":2510,"klass":"9"},"geometry":{"type":"LineString","coordinates":[[13.2541617082901,61.1734116842833],[13.254803914405613,61.17321112760141],[13.255788134993916,61.17254089878224],[13.256406717960262,61.17102236464642]]}},{"type":"Feature","properties":{"id":2511,"klass":"9"},"geometry":{"type":"LineString","coordinates":[[13.257682238258775,61.169027998540884],[13.258257174200505,61.16894680138405],[13.259422686029092,61.16917107769187]]}},{"type":"Feature","properties":{"id":2512,"klass":"9"},"geometry":{"type":"LineString","coordinates":[[13.166192242055326,61.16718679504186],[13.165930342512864,61.16706920789078],[13.164018340934323,61.1672660135654],[13.162044585602183,61.16721433522571],[13.161320412358528,61.16738987776001]]}},{"type":"Feature","properties":{"id":2513,"klass":"9"},"geometry":{"type":"LineString","coordinates":[[13.112514763287765,61.164899138328224],[13.11340538988644,61.165295794740395],[13.112702393660037,61.16588577896115]]}},{"type":"Feature","properties":{"id":2514,"klass":"9"},"geometry":{"type":"LineString","coordinates":[[13.14340121622744,61.165629500496514],[13.141360903125657,61.165366083162326],[13.139988989244873,61.164934336382835]]}},{"type":"Feature","properties":{"id":2559,"klass":"4"},"geometry":{"type":"LineString","coordinates":[[13.272506107271123,61.14991514467778],[13.268732114988769,61.153593450767495],[13.266083967310575,61.15754944868903],[13.262993060043051,61.16136355500894]]}},{"type":"Feature","properties":{"id":2560,"klass":"7"},"geometry":{"type":"LineString","coordinates":[[13.267474174393909,61.156311513596826],[13.267230216068606,61.15647909290341]]}},{"type":"Feature","properties":{"id":2561,"klass":"7"},"geometry":{"type":"LineString","coordinates":[[13.267230216068606,61.15647909290341],[13.267359086662838,61.15654755834369]]}},{"type":"Feature","properties":{"id":2562,"klass":"7"},"geometry":{"type":"LineString","coordinates":[[13.266845880850106,61.156423378757665],[13.267230216068606,61.15647909290341]]}},{"type":"Feature","properties":{"id":2588,"klass":"9"},"geometry":{"type":"LineString","coordinates":[[13.215058118501979,61.20997894371925],[13.214591940663766,61.2101549691762],[13.213548536556686,61.210175196379446]]}},{"type":"Feature","properties":{"id":2589,"klass":"9"},"geometry":{"type":"LineString","coordinates":[[13.21579645440073,61.20932753670099],[13.217714493456253,61.209916434356465],[13.218874973236456,61.210638138126335]]}},{"type":"Feature","properties":{"id":2591,"klass":"9"},"geometry":{"type":"LineString","coordinates":[[12.997145600259003,61.18680742105392],[12.999108142892432,61.18598967261629],[13.001885048211172,61.18605294901962]]}},{"type":"Feature","properties":{"id":2592,"klass":"9"},"geometry":{"type":"LineString","coordinates":[[12.95073736989159,61.18537108119103],[12.950773127270471,61.18544297427418]]}},{"type":"Feature","properties":{"id":2593,"klass":"9"},"geometry":{"type":"LineString","coordinates":[[13.00379386575859,61.187016833053214],[13.003391417741671,61.186952921139465]]}},{"type":"Feature","properties":{"id":2594,"klass":"9"},"geometry":{"type":"LineString","coordinates":[[13.01033270506471,61.18730932882147],[13.011067617705217,61.187277646997906],[13.01149540088098,61.187555654027086],[13.01072670432035,61.18800415926613]]}},{"type":"Feature","properties":{"id":2595,"klass":"9"},"geometry":{"type":"LineString","coordinates":[[13.018682803660367,61.191484349279726],[13.023097611062887,61.191647651873495]]}},{"type":"Feature","properties":{"id":2596,"klass":"9"},"geometry":{"type":"LineString","coordinates":[[13.017040499009893,61.192132307342625],[13.014841622399606,61.192425664850866],[13.014808651171666,61.19179199089155]]}},{"type":"Feature","properties":{"id":2597,"klass":"9"},"geometry":{"type":"LineString","coordinates":[[13.013872108188295,61.19188414876082],[13.013677156381728,61.1925960686309],[13.012923382155021,61.19338549161859]]}},{"type":"Feature","properties":{"id":2598,"klass":"9"},"geometry":{"type":"LineString","coordinates":[[13.032068707042173,61.19583592526962],[13.03002052043551,61.194971081450426],[13.029261244781715,61.19494194881322],[13.028659131701513,61.19510474957732]]}},{"type":"Feature","properties":{"id":2599,"klass":"9"},"geometry":{"type":"LineString","coordinates":[[13.02107054217062,61.18361007828339],[13.022423801716359,61.183162996847905]]}},{"type":"Feature","properties":{"id":2600,"klass":"9"},"geometry":{"type":"LineString","coordinates":[[12.957352752432383,61.18191463010775],[12.956454980672692,61.182472606899175]]}},{"type":"Feature","properties":{"id":2625,"klass":"9"},"geometry":{"type":"LineString","coordinates":[[13.226374802904347,61.201718111218284],[13.22564830677395,61.20195816822971]]}},{"type":"Feature","properties":{"id":2626,"klass":"9"},"geometry":{"type":"LineString","coordinates":[[13.031242348118026,61.19699355206422],[13.029433082365953,61.197547659288155],[13.028851675563239,61.19847625941786]]}},{"type":"Feature","properties":{"id":2627,"klass":"9"},"geometry":{"type":"LineString","coordinates":[[13.025469237437143,61.19680406481914],[13.024399104384527,61.198082882571086]]}},{"type":"Feature","properties":{"id":2631,"klass":"9"},"geometry":{"type":"LineString","coordinates":[[13.022582828638155,61.19967902135976],[13.023294042363009,61.20077002600872],[13.023204189603105,61.20221168364117]]}},{"type":"Feature","properties":{"id":2632,"klass":"9"},"geometry":{"type":"LineString","coordinates":[[13.019505548134898,61.19859926464345],[13.019454265097247,61.19881515174763],[13.02079213848462,61.200180993730214],[13.021036386476235,61.2008542658105],[13.020134437191976,61.2030132642262],[13.020236453746579,61.204211066488575],[13.020764662842838,61.20497287787864],[13.022521288572833,61.206519603113726],[13.023081978586672,61.208131136732426]]}},{"type":"Feature","properties":{"id":2633,"klass":"9"},"geometry":{"type":"LineString","coordinates":[[13.020772742782206,61.19837827700416],[13.022293654053625,61.19948611908368]]}},{"type":"Feature","properties":{"id":2634,"klass":"9"},"geometry":{"type":"LineString","coordinates":[[13.023116757083496,61.199629034359816],[13.02262686500413,61.19821652437378]]}},{"type":"Feature","properties":{"id":2635,"klass":"9"},"geometry":{"type":"LineString","coordinates":[[13.009128199701948,61.19622433013201],[13.009263951722685,61.19635065219979],[13.009128199701948,61.19622433013201]]}},{"type":"Feature","properties":{"id":2636,"klass":"9"},"geometry":{"type":"LineString","coordinates":[[13.226202459350674,61.2007313117477],[13.226652414336284,61.20019801105732]]}},{"type":"Feature","properties":{"id":2637,"klass":"9"},"geometry":{"type":"LineString","coordinates":[[13.026656186068564,61.19613175984869],[13.027696500652123,61.19655278628905]]}},{"type":"Feature","properties":{"id":2638,"klass":"9"},"geometry":{"type":"LineString","coordinates":[[13.012784393068612,61.190452113515526],[13.013505284684566,61.19098225919592],[13.013872108188295,61.19188414876082]]}},{"type":"Feature","properties":{"id":2639,"klass":"9"},"geometry":{"type":"LineString","coordinates":[[12.96028961745591,61.190590484216706],[12.95960959206151,61.18969225521748],[12.95890133830749,61.18933188228868],[12.957969019583121,61.189181481505706],[12.955913533380132,61.18925766387855]]}},{"type":"Feature","properties":{"id":2640,"klass":"9"},"geometry":{"type":"LineString","coordinates":[[13.003173565032977,61.19019235168596],[13.004528262743596,61.18989148029589],[13.006357945763527,61.190018463176756],[13.008031422026637,61.19032521338219],[13.009950277536468,61.190899208624785]]}},{"type":"Feature","properties":{"id":2641,"klass":"9"},"geometry":{"type":"LineString","coordinates":[[13.233003170760295,61.19462471182272],[13.231302428564403,61.19426377278227]]}},{"type":"Feature","properties":{"id":2642,"klass":"9"},"geometry":{"type":"LineString","coordinates":[[12.966989298729892,61.18687678293239],[12.967751888693064,61.18733259411022],[12.969465699407397,61.18774064713154]]}},{"type":"Feature","properties":{"id":2644,"klass":"9"},"geometry":{"type":"LineString","coordinates":[[12.966243641704372,61.18654364623144],[12.958634338005155,61.186825266994525]]}},{"type":"Feature","properties":{"id":2645,"klass":"9"},"geometry":{"type":"LineString","coordinates":[[12.967828296142276,61.18654088142519],[12.966989298729892,61.18687678293239]]}},{"type":"Feature","properties":{"id":2646,"klass":"9"},"geometry":{"type":"LineString","coordinates":[[13.048035715501172,61.18513076797822],[13.04799044052579,61.18734342737541]]}},{"type":"Feature","properties":{"id":2647,"klass":"9"},"geometry":{"type":"LineString","coordinates":[[13.052148203831134,61.185099985894595],[13.05070939541888,61.18610340165595],[13.050488113273854,61.187124004172226]]}},{"type":"Feature","properties":{"id":2648,"klass":"9"},"geometry":{"type":"LineString","coordinates":[[12.968431225499272,61.18424788380968],[12.96590787042562,61.18378810533944],[12.96469053075126,61.18329691577003]]}},{"type":"Feature","properties":{"id":2649,"klass":"9"},"geometry":{"type":"LineString","coordinates":[[12.95958239667916,61.18385542878767],[12.962378516271254,61.18373856835594],[12.96469053075126,61.18329691577003]]}},{"type":"Feature","properties":{"id":2650,"klass":"9"},"geometry":{"type":"LineString","coordinates":[[13.041248500831095,61.18645122329397],[13.044115358709982,61.18484294255314]]}},{"type":"Feature","properties":{"id":2651,"klass":"9"},"geometry":{"type":"LineString","coordinates":[[12.952534443610903,61.18128908856268],[12.951372228024706,61.181247385861084]]}},{"type":"Feature","properties":{"id":2652,"klass":"9"},"geometry":{"type":"LineString","coordinates":[[12.983373949312695,61.18199596815298],[12.983460755218195,61.18188402413734]]}},{"type":"Feature","properties":{"id":2653,"klass":"9"},"geometry":{"type":"LineString","coordinates":[[12.952585361520319,61.18133946811919],[12.953881686167938,61.18131567000697],[12.954216248541698,61.181095084845296]]}},{"type":"Feature","properties":{"id":2654,"klass":"9"},"geometry":{"type":"LineString","coordinates":[[12.948224092618561,61.18319023405469],[12.949037889969938,61.18204756832226],[12.947990531207957,61.181104490768405]]}},{"type":"Feature","properties":{"id":2656,"klass":"9"},"geometry":{"type":"LineString","coordinates":[[12.95414161959589,61.18025232819238],[12.954119463855596,61.18008708026598]]}},{"type":"Feature","properties":{"id":2657,"klass":"9"},"geometry":{"type":"LineString","coordinates":[[12.954119463855596,61.18008708026598],[12.955064287221614,61.18009549880496]]}},{"type":"Feature","properties":{"id":2658,"klass":"9"},"geometry":{"type":"LineString","coordinates":[[12.994783582475355,61.180823029438145],[12.994321422531087,61.18118741539751],[12.994945368596001,61.18196321442041]]}},{"type":"Feature","properties":{"id":2660,"klass":"9"},"geometry":{"type":"LineString","coordinates":[[13.014808651171666,61.19179199089155],[13.014695320286078,61.191127817381464]]}},{"type":"Feature","properties":{"id":2661,"klass":"9"},"geometry":{"type":"LineString","coordinates":[[13.004958216218634,61.190621181777715],[13.004280111444325,61.191204150354885],[13.003860445381248,61.19131680511658],[13.002118204239984,61.19091806076081]]}},{"type":"Feature","properties":{"id":2663,"klass":"9"},"geometry":{"type":"LineString","coordinates":[[12.955846598138663,61.18378409208695],[12.955908510175052,61.18492648513925],[12.956404580810393,61.1854138935293],[12.957387854807562,61.18542080890184]]}},{"type":"Feature","properties":{"id":2664,"klass":"9"},"geometry":{"type":"LineString","coordinates":[[12.94524015196028,61.18418430817823],[12.943752229090984,61.18348132922671]]}},{"type":"Feature","properties":{"id":2665,"klass":"9"},"geometry":{"type":"LineString","coordinates":[[12.95744006086678,61.18419156191556],[12.958408960074147,61.18366183549078]]}},{"type":"Feature","properties":{"id":2666,"klass":"9"},"geometry":{"type":"LineString","coordinates":[[12.952687516810823,61.18413578032195],[12.951476646866324,61.18379368384929],[12.951606037596104,61.183465446779536]]}},{"type":"Feature","properties":{"id":2667,"klass":"9"},"geometry":{"type":"LineString","coordinates":[[13.056371591373019,61.18547058708793],[13.054029760860328,61.18478908707761],[13.053206159063118,61.184817283346035],[13.052148203831134,61.185099985894595]]}},{"type":"Feature","properties":{"id":2668,"klass":"9"},"geometry":{"type":"LineString","coordinates":[[12.95869854263964,61.180484200077494],[12.958688178493064,61.18107351100347]]}},{"type":"Feature","properties":{"id":2669,"klass":"9"},"geometry":{"type":"LineString","coordinates":[[12.974034823654712,61.17950767101319],[12.973724865325073,61.17937268696464],[12.972809693366512,61.179723961677624]]}},{"type":"Feature","properties":{"id":2670,"klass":"9"},"geometry":{"type":"LineString","coordinates":[[12.954119463855596,61.18008708026598],[12.954254749667601,61.17981185347604]]}},{"type":"Feature","properties":{"id":2671,"klass":"9"},"geometry":{"type":"LineString","coordinates":[[12.956834360277286,61.18037967284559],[12.957035179574714,61.17999399968865]]}},{"type":"Feature","properties":{"id":2672,"klass":"9"},"geometry":{"type":"LineString","coordinates":[[13.239523597422265,61.18614577174991],[13.239964432586898,61.1850957049872]]}},{"type":"Feature","properties":{"id":2673,"klass":"9"},"geometry":{"type":"LineString","coordinates":[[12.962134532659043,61.17814233340758],[12.961918131119162,61.17828022565304]]}},{"type":"Feature","properties":{"id":2674,"klass":"9"},"geometry":{"type":"LineString","coordinates":[[12.992076271955202,61.177674274639664],[12.99390410176321,61.17768019501734]]}},{"type":"Feature","properties":{"id":2675,"klass":"9"},"geometry":{"type":"LineString","coordinates":[[12.975331356402197,61.17411568260146],[12.975790243673693,61.17339289236917]]}},{"type":"Feature","properties":{"id":2676,"klass":"9"},"geometry":{"type":"LineString","coordinates":[[13.242515296628259,61.17812329003882],[13.243164160826256,61.17821421834081],[13.243279155753616,61.17847115335918]]}},{"type":"Feature","properties":{"id":2677,"klass":"9"},"geometry":{"type":"LineString","coordinates":[[12.967588050377442,61.17720073784565],[12.970846395163605,61.1769432921973],[12.970914807623721,61.177249310545236]]}},{"type":"Feature","properties":{"id":2679,"klass":"9"},"geometry":{"type":"LineString","coordinates":[[13.243020628713083,61.18224004066843],[13.24245655968147,61.18225993877074],[13.240812475289601,61.181759528516785]]}},{"type":"Feature","properties":{"id":2680,"klass":"9"},"geometry":{"type":"LineString","coordinates":[[13.05804239005184,61.17756354187082],[13.057170277091368,61.178199012756494]]}},{"type":"Feature","properties":{"id":2682,"klass":"9"},"geometry":{"type":"LineString","coordinates":[[12.995842481988838,61.17479201933143],[12.993766804266597,61.17518436916103],[12.992469049108314,61.17560676176182],[12.991376026697289,61.1757172654748]]}},{"type":"Feature","properties":{"id":2683,"klass":"9"},"geometry":{"type":"LineString","coordinates":[[13.088978408595924,61.174021055058766],[13.087938264837923,61.17423855518876],[13.086074678377368,61.174119283875356]]}},{"type":"Feature","properties":{"id":2684,"klass":"9"},"geometry":{"type":"LineString","coordinates":[[13.074741106902382,61.17428561869134],[13.077606407975216,61.17360216786369],[13.078745087357618,61.17361848532797]]}},{"type":"Feature","properties":{"id":2685,"klass":"9"},"geometry":{"type":"LineString","coordinates":[[13.005001817815858,61.171318485256386],[13.005431259536623,61.17063145829821]]}},{"type":"Feature","properties":{"id":2686,"klass":"9"},"geometry":{"type":"LineString","coordinates":[[13.086684859412532,61.173499589618814],[13.087729047031546,61.17356414834567],[13.089273526355633,61.17309417435047],[13.0899306534385,61.172756007042366],[13.090218170630319,61.17230241613551]]}},{"type":"Feature","properties":{"id":2687,"klass":"9"},"geometry":{"type":"LineString","coordinates":[[13.100230899363945,61.168296646543276],[13.100680032811487,61.168474383561204],[13.099609051503958,61.16882347715789]]}},{"type":"Feature","properties":{"id":2688,"klass":"9"},"geometry":{"type":"LineString","coordinates":[[13.183367171276325,61.17442057966825],[13.18465702022823,61.173816755568495],[13.186863161648448,61.17383759992097],[13.188069375592594,61.174390407204704],[13.188104977780089,61.1752845447888]]}},{"type":"Feature","properties":{"id":2689,"klass":"9"},"geometry":{"type":"LineString","coordinates":[[13.166192242055326,61.16718679504186],[13.167050409480844,61.16700295653545]]}},{"type":"Feature","properties":{"id":2690,"klass":"9"},"geometry":{"type":"LineString","coordinates":[[13.173247654631577,61.167343940840965],[13.173311673549758,61.16780699373191]]}},{"type":"Feature","properties":{"id":2691,"klass":"9"},"geometry":{"type":"LineString","coordinates":[[13.108908047784649,61.16556907773533],[13.110619154920691,61.16543614159582]]}},{"type":"Feature","properties":{"id":2692,"klass":"9"},"geometry":{"type":"LineString","coordinates":[[13.202187944862425,61.16714306187769],[13.202906330417546,61.167382220823015]]}},{"type":"Feature","properties":{"id":2693,"klass":"9"},"geometry":{"type":"LineString","coordinates":[[13.174357975649622,61.16607802277538],[13.174552053609881,61.16608825538137]]}},{"type":"Feature","properties":{"id":2694,"klass":"9"},"geometry":{"type":"LineString","coordinates":[[13.056019271756657,61.18165374224913],[13.057543942305728,61.18148736717145],[13.058765203354566,61.18183376300282]]}},{"type":"Feature","properties":{"id":2695,"klass":"9"},"geometry":{"type":"LineString","coordinates":[[12.97329910074178,61.18021739452566],[12.973322416055861,61.179847362652424],[12.974034823654712,61.17950767101319]]}},{"type":"Feature","properties":{"id":2696,"klass":"9"},"geometry":{"type":"LineString","coordinates":[[13.062267177878658,61.18119609760932],[13.060551326856967,61.181154288290536],[13.058765203354566,61.18183376300282]]}},{"type":"Feature","properties":{"id":2697,"klass":"9"},"geometry":{"type":"LineString","coordinates":[[12.974034823654712,61.17950767101319],[12.975502707579404,61.17916610009321]]}},{"type":"Feature","properties":{"id":2698,"klass":"9"},"geometry":{"type":"LineString","coordinates":[[12.998525905253562,61.18018736324022],[12.999014202646125,61.17973887833307]]}},{"type":"Feature","properties":{"id":2699,"klass":"9"},"geometry":{"type":"LineString","coordinates":[[12.97920230449611,61.17931413179532],[12.979948075023957,61.17962953453817],[12.98012236777641,61.1800537585842]]}},{"type":"Feature","properties":{"id":2701,"klass":"9"},"geometry":{"type":"LineString","coordinates":[[13.000122729395509,61.17952485990413],[13.000750882835261,61.179345068603624]]}},{"type":"Feature","properties":{"id":2702,"klass":"9"},"geometry":{"type":"LineString","coordinates":[[12.998986684438595,61.17879520356385],[12.997705371784098,61.17867865875454]]}},{"type":"Feature","properties":{"id":2703,"klass":"9"},"geometry":{"type":"LineString","coordinates":[[12.999291773310187,61.17850623543844],[12.998244143240303,61.17831129950862],[12.997569965913202,61.178337692267526],[12.997237426721554,61.17908425237293]]}},{"type":"Feature","properties":{"id":2705,"klass":"9"},"geometry":{"type":"LineString","coordinates":[[13.000498302399885,61.177913603827534],[13.000633777729208,61.17856489253385]]}},{"type":"Feature","properties":{"id":2706,"klass":"9"},"geometry":{"type":"LineString","coordinates":[[12.970914807623721,61.177249310545236],[12.969301395608838,61.177478545370384],[12.96910125872496,61.177792040622],[12.972613374783567,61.177628515587784],[12.973017859462463,61.177391213844125],[12.972674612973362,61.17724033580599],[12.970914807623721,61.177249310545236]]}},{"type":"Feature","properties":{"id":2709,"klass":"9"},"geometry":{"type":"LineString","coordinates":[[12.999818556220184,61.17699989041644],[13.00036446477485,61.17716050808623],[13.000498302399885,61.177913603827534]]}},{"type":"Feature","properties":{"id":2710,"klass":"9"},"geometry":{"type":"LineString","coordinates":[[12.999661186274153,61.17710681427691],[12.999045280401335,61.17673254347542],[12.999200369638128,61.17656272241767],[12.999677702532935,61.17660728802006]]}},{"type":"Feature","properties":{"id":2711,"klass":"9"},"geometry":{"type":"LineString","coordinates":[[13.065868916943762,61.1777831617066],[13.065099242537952,61.17841273665982]]}},{"type":"Feature","properties":{"id":2712,"klass":"9"},"geometry":{"type":"LineString","coordinates":[[13.063920035195098,61.177724422795556],[13.063265080882838,61.178268194841465]]}},{"type":"Feature","properties":{"id":2713,"klass":"9"},"geometry":{"type":"LineString","coordinates":[[13.061962096117002,61.17767486573588],[13.061215023296626,61.17826407955438],[13.060828770724681,61.17834226334444]]}},{"type":"Feature","properties":{"id":2714,"klass":"9"},"geometry":{"type":"LineString","coordinates":[[13.060006974848754,61.177622815133915],[13.058962455407041,61.178449031541874]]}},{"type":"Feature","properties":{"id":2715,"klass":"9"},"geometry":{"type":"LineString","coordinates":[[12.966073210952196,61.17502499120107],[12.967190092651432,61.17561426844173]]}},{"type":"Feature","properties":{"id":2716,"klass":"9"},"geometry":{"type":"LineString","coordinates":[[12.995899316724032,61.17529264072749],[12.9941303691699,61.17562370890734],[12.993052702665508,61.17604242598854],[12.99222645565469,61.176791012874475],[12.992076271955202,61.177674274639664]]}},{"type":"Feature","properties":{"id":2717,"klass":"9"},"geometry":{"type":"LineString","coordinates":[[13.00050789282131,61.17421888551015],[13.001202160934175,61.174140733117355]]}},{"type":"Feature","properties":{"id":2718,"klass":"9"},"geometry":{"type":"LineString","coordinates":[[13.001818837994405,61.174058773687065],[13.002092570321995,61.174023460851004]]}},{"type":"Feature","properties":{"id":2719,"klass":"9"},"geometry":{"type":"LineString","coordinates":[[12.979382657408605,61.17373187789974],[12.978321960851035,61.17346299315433],[12.976487052303552,61.1737598066985],[12.975331356402197,61.17411568260146]]}},{"type":"Feature","properties":{"id":2721,"klass":"9"},"geometry":{"type":"LineString","coordinates":[[13.001202160934175,61.174140733117355],[13.001485664110223,61.17380598204811],[13.001818837994405,61.174058773687065]]}},{"type":"Feature","properties":{"id":2722,"klass":"9"},"geometry":{"type":"LineString","coordinates":[[13.093241732985529,61.17219892710848],[13.093372341362583,61.17476001823013]]}},{"type":"Feature","properties":{"id":2723,"klass":"9"},"geometry":{"type":"LineString","coordinates":[[13.178323489379792,61.17413295718404],[13.178738967470471,61.17392976871879],[13.178934014184374,61.1741071811383]]}},{"type":"Feature","properties":{"id":2724,"klass":"9"},"geometry":{"type":"LineString","coordinates":[[13.09150974703472,61.17210933241612],[13.091549946565197,61.172542230700195],[13.090933305197659,61.17321039348704]]}},{"type":"Feature","properties":{"id":2727,"klass":"9"},"geometry":{"type":"LineString","coordinates":[[13.167986784541975,61.17041296185588],[13.169740204779197,61.170568876304934]]}},{"type":"Feature","properties":{"id":2728,"klass":"9"},"geometry":{"type":"LineString","coordinates":[[13.164625846349855,61.17090942342954],[13.163894433214098,61.17028351204383],[13.162179893581607,61.1702343563036],[13.161290743483189,61.17041402634042],[13.160929744674274,61.17059212905678],[13.160911059081705,61.171192279191374],[13.161626439244841,61.17166144730027]]}},{"type":"Feature","properties":{"id":2730,"klass":"9"},"geometry":{"type":"LineString","coordinates":[[13.106861576676893,61.1654950836961],[13.10513677209323,61.165348412264635],[13.10462311460997,61.1654308080107],[13.104587928198065,61.165596109814]]}},{"type":"Feature","properties":{"id":2731,"klass":"9"},"geometry":{"type":"LineString","coordinates":[[13.110619154920691,61.16543614159582],[13.111483966649955,61.1662680843627],[13.109595823551322,61.166478986988686]]}},{"type":"Feature","properties":{"id":2732,"klass":"9"},"geometry":{"type":"LineString","coordinates":[[13.14473628746885,61.1660700283868],[13.144580242207603,61.16621919690453],[13.14494000308908,61.166471837694814],[13.147582108355486,61.16760678373316],[13.149869890806066,61.16898857543675]]}},{"type":"Feature","properties":{"id":2733,"klass":"9"},"geometry":{"type":"LineString","coordinates":[[13.198104635796055,61.16689862472002],[13.202187944862425,61.16714306187769]]}},{"type":"Feature","properties":{"id":2734,"klass":"9"},"geometry":{"type":"LineString","coordinates":[[12.978239274913692,61.17907636040933],[12.977859893187365,61.17953731164875]]}},{"type":"Feature","properties":{"id":2737,"klass":"9"},"geometry":{"type":"LineString","coordinates":[[12.9687064299677,61.1780024529968],[12.967484344440338,61.17840572793962]]}},{"type":"Feature","properties":{"id":2738,"klass":"9"},"geometry":{"type":"LineString","coordinates":[[12.99390410176321,61.17768019501734],[12.996826837366672,61.1776712944636],[12.99870418382252,61.17789093841696],[12.998957747340185,61.1777894337824]]}},{"type":"Feature","properties":{"id":2739,"klass":"9"},"geometry":{"type":"LineString","coordinates":[[13.04640825412873,61.18020738156732],[13.045087262755526,61.178591076442586]]}},{"type":"Feature","properties":{"id":2741,"klass":"9"},"geometry":{"type":"LineString","coordinates":[[13.045087262755526,61.178591076442586],[13.045438348192715,61.17809693931757],[13.044950254144705,61.17772935322567],[13.041524079541247,61.17736777195144],[13.04090571625299,61.17683216524371],[13.040370115101148,61.176663573323324]]}},{"type":"Feature","properties":{"id":2742,"klass":"9"},"geometry":{"type":"LineString","coordinates":[[13.000394207189133,61.17578996053342],[13.000546009838871,61.17596545630623],[13.000129016139862,61.1762617365857],[13.000378600624302,61.17654747686618],[12.999677702532935,61.17660728802006]]}},{"type":"Feature","properties":{"id":2743,"klass":"9"},"geometry":{"type":"LineString","coordinates":[[12.975331356402197,61.17411568260146],[12.973219876705253,61.17450485809594]]}},{"type":"Feature","properties":{"id":2744,"klass":"9"},"geometry":{"type":"LineString","coordinates":[[12.99834501144927,61.17460576874284],[12.99894339269255,61.17492097034441]]}},{"type":"Feature","properties":{"id":2745,"klass":"9"},"geometry":{"type":"LineString","coordinates":[[12.996356285065367,61.17486304595508],[12.99834501144927,61.17460576874284]]}},{"type":"Feature","properties":{"id":2746,"klass":"9"},"geometry":{"type":"LineString","coordinates":[[13.09150974703472,61.17210933241612],[13.091642072830938,61.17112451881294]]}},{"type":"Feature","properties":{"id":2747,"klass":"9"},"geometry":{"type":"LineString","coordinates":[[13.173080818315368,61.17113342875424],[13.173115261619369,61.17136791547014]]}},{"type":"Feature","properties":{"id":2748,"klass":"9"},"geometry":{"type":"LineString","coordinates":[[13.173115261619369,61.17136791547014],[13.172509370144882,61.17126497938953],[13.173080818315368,61.17113342875424]]}},{"type":"Feature","properties":{"id":2749,"klass":"9"},"geometry":{"type":"LineString","coordinates":[[13.169740204779197,61.170568876304934],[13.170976238681082,61.170678328773896]]}},{"type":"Feature","properties":{"id":2750,"klass":"9"},"geometry":{"type":"LineString","coordinates":[[13.188191196341181,61.166709812972066],[13.1880608809894,61.16773745566567]]}},{"type":"Feature","properties":{"id":2751,"klass":"9"},"geometry":{"type":"LineString","coordinates":[[13.188191196341181,61.166709812972066],[13.186440979279821,61.16733019358287],[13.185012594908091,61.167311767410915],[13.184730384737982,61.1669692899923]]}},{"type":"Feature","properties":{"id":2752,"klass":"9"},"geometry":{"type":"LineString","coordinates":[[13.110619154920691,61.16543614159582],[13.109909516653431,61.165100491688044]]}},{"type":"Feature","properties":{"id":2753,"klass":"9"},"geometry":{"type":"LineString","coordinates":[[13.109909516653431,61.165100491688044],[13.109175691743216,61.16489581895444],[13.107891719289752,61.165122445822725],[13.106952439553362,61.16499220013586]]}},{"type":"Feature","properties":{"id":2754,"klass":"9"},"geometry":{"type":"LineString","coordinates":[[13.206243288367165,61.152693074448976],[13.205867348200687,61.152648255093744]]}},{"type":"Feature","properties":{"id":2755,"klass":"9"},"geometry":{"type":"LineString","coordinates":[[13.269348078398577,61.145071192659735],[13.267519691880693,61.145164576819745],[13.266861832211069,61.145425063840236]]}},{"type":"Feature","properties":{"id":2756,"klass":"9"},"geometry":{"type":"LineString","coordinates":[[13.20865203242556,61.152467802748845],[13.207887862144185,61.152342237100896]]}},{"type":"Feature","properties":{"id":2757,"klass":"9"},"geometry":{"type":"LineString","coordinates":[[13.275626264235198,61.146583580470235],[13.275669626615828,61.14630638532023],[13.27525538050983,61.146156340812965]]}},{"type":"Feature","properties":{"id":2762,"klass":"9"},"geometry":{"type":"LineString","coordinates":[[13.176152635484158,61.16454168715346],[13.175331631383168,61.16470671317546],[13.174946956883387,61.164491167632534]]}},{"type":"Feature","properties":{"id":2763,"klass":"9"},"geometry":{"type":"LineString","coordinates":[[13.253519532971033,61.16382704419133],[13.252961296404266,61.16319876204595]]}},{"type":"Feature","properties":{"id":2764,"klass":"9"},"geometry":{"type":"LineString","coordinates":[[13.261906901223467,61.16250546804905],[13.261443938390354,61.16191091679707]]}},{"type":"Feature","properties":{"id":2765,"klass":"9"},"geometry":{"type":"LineString","coordinates":[[13.157848988060772,61.21352231494334],[13.159323893751333,61.21288989083101],[13.161622063157136,61.211332474784065],[13.162875005473817,61.20971626708533],[13.163960464639558,61.2088015943487],[13.164817134701547,61.207140648635274],[13.166951843502714,61.205785822997605],[13.167956629094752,61.20541902650538],[13.173039632537737,61.20542681881936]]}},{"type":"Feature","properties":{"id":2766,"klass":"9"},"geometry":{"type":"LineString","coordinates":[[13.172293561573905,61.16594180028681],[13.171213528052593,61.166178970576745]]}},{"type":"Feature","properties":{"id":2769,"klass":"9"},"geometry":{"type":"LineString","coordinates":[[13.196823167286222,61.1625307912246],[13.196267007460188,61.1623578152133]]}},{"type":"Feature","properties":{"id":2770,"klass":"9"},"geometry":{"type":"LineString","coordinates":[[13.24268203458062,61.15747058520479],[13.243063934021926,61.15774335264828]]}},{"type":"Feature","properties":{"id":2771,"klass":"9"},"geometry":{"type":"LineString","coordinates":[[13.205914136945935,61.153492120447304],[13.206409655350502,61.153307755151054],[13.205914136945935,61.153492120447304]]}},{"type":"Feature","properties":{"id":2772,"klass":"9"},"geometry":{"type":"LineString","coordinates":[[13.25960382277821,61.153908304708104],[13.258096292095459,61.15408806505623]]}},{"type":"Feature","properties":{"id":2776,"klass":"9"},"geometry":{"type":"LineString","coordinates":[[13.293310711801883,61.14523525862276],[13.293010711307891,61.14521386465414]]}},{"type":"Feature","properties":{"id":2777,"klass":"9"},"geometry":{"type":"LineString","coordinates":[[13.208859025272455,61.154633287924725],[13.20789635634817,61.15438128752471],[13.207081298827344,61.154537017392926]]}},{"type":"Feature","properties":{"id":2778,"klass":"9"},"geometry":{"type":"LineString","coordinates":[[13.305702863732266,61.14750705927984],[13.305212645961888,61.147103599511716],[13.30530405389015,61.146515597153744],[13.305011041976197,61.1460710990924],[13.304204627606278,61.14575111929427],[13.303124277781093,61.14577952846448],[13.301165714474676,61.1455537946982],[13.298151353577932,61.14573893667295]]}},{"type":"Feature","properties":{"id":2781,"klass":"9"},"geometry":{"type":"LineString","coordinates":[[13.264040311823196,61.16013772949133],[13.26295714640642,61.15991815677709]]}},{"type":"Feature","properties":{"id":2782,"klass":"9"},"geometry":{"type":"LineString","coordinates":[[13.220571154043002,61.19883236222688],[13.220706438986738,61.19856372574868],[13.220212474390456,61.19842379426429]]}},{"type":"Feature","properties":{"id":2783,"klass":"9"},"geometry":{"type":"LineString","coordinates":[[13.014695320286078,61.191127817381464],[13.014156769276152,61.19119181054407]]}},{"type":"Feature","properties":{"id":2784,"klass":"9"},"geometry":{"type":"LineString","coordinates":[[13.270650463837075,61.1764130623481],[13.270197941086554,61.17632457718185]]}},{"type":"Feature","properties":{"id":2785,"klass":"9"},"geometry":{"type":"LineString","coordinates":[[13.206623282861296,61.15645322671599],[13.206910295837476,61.15651515766064]]}},{"type":"Feature","properties":{"id":2789,"klass":"9"},"geometry":{"type":"LineString","coordinates":[[13.014695320286078,61.191127817381464],[13.016913935239623,61.190799647249264]]}},{"type":"Feature","properties":{"id":2790,"klass":"9"},"geometry":{"type":"LineString","coordinates":[[13.124975481520668,61.156130941611636],[13.123471747382222,61.156027066642295]]}},{"type":"Feature","properties":{"id":2791,"klass":"9"},"geometry":{"type":"LineString","coordinates":[[13.205562669207861,61.153553535542414],[13.205342874123087,61.15336286581048]]}},{"type":"Feature","properties":{"id":2792,"klass":"9"},"geometry":{"type":"LineString","coordinates":[[13.20965983610591,61.15149290411359],[13.208441621867875,61.15160729685026]]}},{"type":"Feature","properties":{"id":2793,"klass":"9"},"geometry":{"type":"LineString","coordinates":[[13.21088030387381,61.15245514754864],[13.209758144631735,61.151687949250174]]}},{"type":"Feature","properties":{"id":2799,"klass":"9"},"geometry":{"type":"LineString","coordinates":[[12.952261751686292,61.18101950303146],[12.952209952939302,61.180644725893806]]}},{"type":"Feature","properties":{"id":2800,"klass":"9"},"geometry":{"type":"LineString","coordinates":[[12.995899316724032,61.17529264072749],[12.996484144046928,61.17555691220042],[13.000129016139862,61.1762617365857]]}},{"type":"Feature","properties":{"id":2802,"klass":"9"},"geometry":{"type":"LineString","coordinates":[[12.95200318134828,61.176200210397646],[12.951951381791092,61.17593567139229]]}},{"type":"Feature","properties":{"id":2809,"klass":"9"},"geometry":{"type":"LineString","coordinates":[[12.913084930363967,61.17826624253431],[12.913673416751562,61.17860108427641]]}},{"type":"Feature","properties":{"id":2812,"klass":"9"},"geometry":{"type":"LineString","coordinates":[[13.22522678338622,61.1932388177355],[13.225533012282902,61.19296633724211]]}},{"type":"Feature","properties":{"id":2813,"klass":"9"},"geometry":{"type":"LineString","coordinates":[[13.257322952865449,61.158452172311854],[13.256476488683479,61.15819056906839],[13.256648766686489,61.15747444887379]]}},{"type":"Feature","properties":{"id":2815,"klass":"9"},"geometry":{"type":"LineString","coordinates":[[13.248972839606623,61.18105386498716],[13.249125211511524,61.18161945021641],[13.248609146091798,61.18312224500051]]}},{"type":"Feature","properties":{"id":2816,"klass":"9"},"geometry":{"type":"LineString","coordinates":[[13.195241124134627,61.1707017523592],[13.19387521815333,61.17079760946893],[13.19049977170508,61.17066115193745]]}},{"type":"Feature","properties":{"id":2817,"klass":"9"},"geometry":{"type":"LineString","coordinates":[[13.176093072251227,61.167443420079906],[13.176714940254836,61.16726308967289]]}},{"type":"Feature","properties":{"id":2818,"klass":"9"},"geometry":{"type":"LineString","coordinates":[[13.196346293856797,61.17069712054732],[13.195241124134627,61.1707017523592]]}},{"type":"Feature","properties":{"id":2819,"klass":"9"},"geometry":{"type":"LineString","coordinates":[[13.200320759799885,61.1589587823348],[13.199262531338578,61.15926526770146],[13.198802109317345,61.1596183165301]]}},{"type":"Feature","properties":{"id":2822,"klass":"9"},"geometry":{"type":"LineString","coordinates":[[13.203045915423512,61.153719738821145],[13.203219809864622,61.153221580093216]]}},{"type":"Feature","properties":{"id":2824,"klass":"9"},"geometry":{"type":"LineString","coordinates":[[13.19873418763182,61.157897505453306],[13.198517833305274,61.15804173715771],[13.19927284091513,61.15840973943934]]}},{"type":"Feature","properties":{"id":2825,"klass":"9"},"geometry":{"type":"LineString","coordinates":[[13.249477606479239,61.17794888891767],[13.249544617263945,61.177707028272195],[13.248813190961245,61.177512512205666]]}},{"type":"Feature","properties":{"id":2826,"klass":"9"},"geometry":{"type":"LineString","coordinates":[[13.254663782156761,61.17127285862093],[13.255780928529688,61.171406392888564]]}},{"type":"Feature","properties":{"id":2829,"klass":"9"},"geometry":{"type":"LineString","coordinates":[[13.205308040358961,61.154978687861416],[13.20435873887772,61.15496201809895]]}},{"type":"Feature","properties":{"id":2830,"klass":"9"},"geometry":{"type":"LineString","coordinates":[[13.26593450527062,61.156186056026954],[13.26691355958413,61.156322977812756]]}},{"type":"Feature","properties":{"id":2832,"klass":"9"},"geometry":{"type":"LineString","coordinates":[[13.261724532159517,61.16042729659517],[13.262374236576896,61.16056792217047]]}},{"type":"Feature","properties":{"id":2833,"klass":"9"},"geometry":{"type":"LineString","coordinates":[[13.273739988954713,61.14886716119115],[13.273200765349058,61.14878035096437]]}},{"type":"Feature","properties":{"id":2835,"klass":"9"},"geometry":{"type":"LineString","coordinates":[[12.943016347205617,61.18304821769573],[12.942463850264904,61.1828413391587],[12.941764041023932,61.183013614052676],[12.940725810801638,61.18290696909996],[12.939547216455885,61.18232845890646],[12.938378251120238,61.18219946456954]]}},{"type":"Feature","properties":{"id":2836,"klass":"9"},"geometry":{"type":"LineString","coordinates":[[12.940609761776706,61.18366530018791],[12.940636348592765,61.184164666915116]]}},{"type":"Feature","properties":{"id":2837,"klass":"9"},"geometry":{"type":"LineString","coordinates":[[12.951951381791092,61.17593567139229],[12.95323699152168,61.175833632162565]]}},{"type":"Feature","properties":{"id":2838,"klass":"9"},"geometry":{"type":"LineString","coordinates":[[12.983902070125339,61.17700830630168],[12.982924324265424,61.178093700849566],[12.983713186801973,61.17844305198674],[12.983952364379387,61.1787542726543]]}},{"type":"Feature","properties":{"id":2839,"klass":"9"},"geometry":{"type":"LineString","coordinates":[[12.988779913768536,61.17721782228992],[12.987276322698763,61.17726765426565],[12.985126899771274,61.17695522553659],[12.983902070125339,61.17700830630168]]}},{"type":"Feature","properties":{"id":2840,"klass":"9"},"geometry":{"type":"LineString","coordinates":[[12.988779913768536,61.17721782228992],[12.988690331125472,61.17751599544677],[12.987830584344584,61.17807358893234]]}},{"type":"Feature","properties":{"id":2845,"klass":"9"},"geometry":{"type":"LineString","coordinates":[[13.205914136945935,61.153492120447304],[13.205562669207861,61.153553535542414]]}},{"type":"Feature","properties":{"id":2847,"klass":"9"},"geometry":{"type":"LineString","coordinates":[[13.202647981125342,61.1535625563463],[13.202286241848592,61.15376845047874]]}},{"type":"Feature","properties":{"id":2848,"klass":"9"},"geometry":{"type":"LineString","coordinates":[[13.089436971355855,61.17456107659047],[13.091013454244605,61.176244570435884]]}},{"type":"Feature","properties":{"id":2849,"klass":"9"},"geometry":{"type":"LineString","coordinates":[[13.086074678377368,61.174119283875356],[13.086180398455788,61.17453343466821],[13.088581531663346,61.17637642087013]]}},{"type":"Feature","properties":{"id":2850,"klass":"9"},"geometry":{"type":"LineString","coordinates":[[13.088978408595924,61.174021055058766],[13.089436971355855,61.17456107659047]]}},{"type":"Feature","properties":{"id":2851,"klass":"9"},"geometry":{"type":"LineString","coordinates":[[13.090933305197659,61.17321039348704],[13.091899497458588,61.17371527561577]]}},{"type":"Feature","properties":{"id":2852,"klass":"9"},"geometry":{"type":"LineString","coordinates":[[13.090933305197659,61.17321039348704],[13.088978408595924,61.174021055058766]]}},{"type":"Feature","properties":{"id":2853,"klass":"9"},"geometry":{"type":"LineString","coordinates":[[13.173483523414983,61.174288467887244],[13.172216158961415,61.176767835735625]]}},{"type":"Feature","properties":{"id":2854,"klass":"9"},"geometry":{"type":"LineString","coordinates":[[13.16927356713395,61.1737502425367],[13.168455234584886,61.17463566018614],[13.166784664595665,61.17531207205992]]}},{"type":"Feature","properties":{"id":2855,"klass":"9"},"geometry":{"type":"LineString","coordinates":[[13.173483523414983,61.174288467887244],[13.173938953140018,61.17353916843254]]}},{"type":"Feature","properties":{"id":2856,"klass":"9"},"geometry":{"type":"LineString","coordinates":[[13.190123898624067,61.1758000557026],[13.191727131056103,61.17338530313621]]}},{"type":"Feature","properties":{"id":2857,"klass":"9"},"geometry":{"type":"LineString","coordinates":[[13.173938953140018,61.17353916843254],[13.17445066770163,61.17285482539908],[13.175476892717358,61.17287658026015]]}},{"type":"Feature","properties":{"id":2858,"klass":"9"},"geometry":{"type":"LineString","coordinates":[[13.173938953140018,61.17353916843254],[13.171077100556783,61.17268549193118]]}},{"type":"Feature","properties":{"id":2859,"klass":"9"},"geometry":{"type":"LineString","coordinates":[[13.005891400365543,61.16994148769761],[13.006222189319631,61.16943894819168]]}},{"type":"Feature","properties":{"id":2860,"klass":"9"},"geometry":{"type":"LineString","coordinates":[[13.162529977075456,61.1717032139398],[13.161626439244841,61.17166144730027]]}},{"type":"Feature","properties":{"id":2861,"klass":"9"},"geometry":{"type":"LineString","coordinates":[[13.162529977075456,61.1717032139398],[13.162507311695954,61.17143543262166]]}},{"type":"Feature","properties":{"id":2862,"klass":"9"},"geometry":{"type":"LineString","coordinates":[[13.169740204779197,61.170568876304934],[13.169301192850357,61.171128652319226],[13.167951377473239,61.17121901538519]]}},{"type":"Feature","properties":{"id":2863,"klass":"9"},"geometry":{"type":"LineString","coordinates":[[13.176117791664618,61.171748109809315],[13.180430861635312,61.17219444904609],[13.180832109973947,61.17206327217341],[13.180704587907739,61.171545624939434],[13.180005505237098,61.171125370729456],[13.176869016334795,61.17067859513638]]}},{"type":"Feature","properties":{"id":2864,"klass":"9"},"geometry":{"type":"LineString","coordinates":[[13.099609051503958,61.16882347715789],[13.100453750315694,61.169396764988505],[13.101309240220575,61.17052178752444]]}},{"type":"Feature","properties":{"id":2865,"klass":"9"},"geometry":{"type":"LineString","coordinates":[[13.090593923368411,61.17017841397969],[13.09401507668153,61.16911517592561],[13.096318532990958,61.168650753075255]]}},{"type":"Feature","properties":{"id":2867,"klass":"9"},"geometry":{"type":"LineString","coordinates":[[13.152739777544156,61.173689898167794],[13.151291487806818,61.172050329474665],[13.15106674235874,61.16873085301862]]}},{"type":"Feature","properties":{"id":2868,"klass":"9"},"geometry":{"type":"LineString","coordinates":[[13.256663029983198,61.17056540970433],[13.256892294970067,61.17013515352048]]}},{"type":"Feature","properties":{"id":2869,"klass":"9"},"geometry":{"type":"LineString","coordinates":[[13.15393793004684,61.17115402713768],[13.154311431568951,61.16902905586595],[13.153824952846037,61.16861003447309],[13.151560483332949,61.16781726221759]]}},{"type":"Feature","properties":{"id":2870,"klass":"9"},"geometry":{"type":"LineString","coordinates":[[13.107146415937994,61.16661483425185],[13.10604021866559,61.16701678316733],[13.105860196640826,61.1672562834227]]}},{"type":"Feature","properties":{"id":2871,"klass":"9"},"geometry":{"type":"LineString","coordinates":[[13.166499176279126,61.167655621282606],[13.166192242055326,61.16718679504186]]}},{"type":"Feature","properties":{"id":2872,"klass":"9"},"geometry":{"type":"LineString","coordinates":[[13.106154607830211,61.1659715313347],[13.106692473338583,61.16631248565987]]}},{"type":"Feature","properties":{"id":2873,"klass":"9"},"geometry":{"type":"LineString","coordinates":[[13.112514763287765,61.164899138328224],[13.1119419806783,61.1647961292119],[13.110619154920691,61.16543614159582]]}},{"type":"Feature","properties":{"id":2874,"klass":"9"},"geometry":{"type":"LineString","coordinates":[[13.16190627483451,61.16565273001144],[13.158206726270265,61.166034144650126],[13.162235240208522,61.165469098491556],[13.16190627483451,61.16565273001144]]}},{"type":"Feature","properties":{"id":2875,"klass":"9"},"geometry":{"type":"LineString","coordinates":[[13.188475671137626,61.16565829882904],[13.188463958568997,61.166152576545635]]}},{"type":"Feature","properties":{"id":2876,"klass":"9"},"geometry":{"type":"LineString","coordinates":[[13.11060700634663,61.16017595946048],[13.108917616876482,61.16116026881988]]}},{"type":"Feature","properties":{"id":2877,"klass":"9"},"geometry":{"type":"LineString","coordinates":[[13.141193644162213,61.16066066821992],[13.143128904276933,61.16092887318052],[13.144189881394366,61.16079716475999]]}},{"type":"Feature","properties":{"id":2878,"klass":"9"},"geometry":{"type":"LineString","coordinates":[[13.193620617878075,61.16092865274783],[13.19325777732247,61.161228288119]]}},{"type":"Feature","properties":{"id":2879,"klass":"9"},"geometry":{"type":"LineString","coordinates":[[13.192412573506171,61.16055736201566],[13.192702969320127,61.16068413248554],[13.192646353879992,61.16090498686947],[13.191467968632116,61.1617320535552],[13.191053379971114,61.16174547006705],[13.190282964955182,61.16136697863353],[13.18985194787209,61.16136807558316]]}},{"type":"Feature","properties":{"id":2880,"klass":"9"},"geometry":{"type":"LineString","coordinates":[[13.198207830068577,61.16118393815424],[13.199151893089521,61.16072026306961],[13.200435216230986,61.160596138977205]]}},{"type":"Feature","properties":{"id":2881,"klass":"9"},"geometry":{"type":"LineString","coordinates":[[13.156588602241733,61.15926573513994],[13.155575791402951,61.159521422278885],[13.1557890020927,61.16015481718587],[13.155619318812251,61.160829637319985]]}},{"type":"Feature","properties":{"id":2882,"klass":"9"},"geometry":{"type":"LineString","coordinates":[[13.157132282732016,61.159326598398735],[13.158904653505584,61.15938646181257],[13.160796082839568,61.15922731320014]]}},{"type":"Feature","properties":{"id":2883,"klass":"9"},"geometry":{"type":"LineString","coordinates":[[13.192627171399534,61.159470315547175],[13.192660746889548,61.15963978700307]]}},{"type":"Feature","properties":{"id":2884,"klass":"9"},"geometry":{"type":"LineString","coordinates":[[13.108644154502842,61.158577051655755],[13.109296398273008,61.15790159665025]]}},{"type":"Feature","properties":{"id":2885,"klass":"9"},"geometry":{"type":"LineString","coordinates":[[13.11202758123739,61.15777788318884],[13.111307579830262,61.15753766255727]]}},{"type":"Feature","properties":{"id":2886,"klass":"9"},"geometry":{"type":"LineString","coordinates":[[13.281308534344989,61.16056510519511],[13.282702533728825,61.16071324969902],[13.285481490076846,61.16243404120207],[13.290314021847026,61.164071280220384],[13.292250333060583,61.164441697908465],[13.293603679221496,61.16443864164647],[13.295020885132894,61.16385969268617],[13.296001583509522,61.1640092535299],[13.297695785203661,61.163807835660364],[13.298310460774998,61.163571098381794],[13.30285465431582,61.164278197883455],[13.304859844009668,61.164062908222014],[13.306933428882271,61.16417853242809],[13.309011660519735,61.16394060403496],[13.313323089758269,61.16424707784026],[13.315903053787427,61.164902073271286],[13.318946997586767,61.16508812066085],[13.322540623476105,61.16622978358142],[13.32365672665098,61.1663895304219]]}},{"type":"Feature","properties":{"id":2887,"klass":"9"},"geometry":{"type":"LineString","coordinates":[[13.194847329050873,61.15916588710657],[13.195869196815915,61.158941891152566]]}},{"type":"Feature","properties":{"id":2888,"klass":"9"},"geometry":{"type":"LineString","coordinates":[[13.191058773754547,61.15874711892852],[13.190609304757826,61.158552097658536],[13.190669430359952,61.158732907342824],[13.191058773754547,61.15874711892852]]}},{"type":"Feature","properties":{"id":2889,"klass":"9"},"geometry":{"type":"LineString","coordinates":[[13.122866466692242,61.156379319827174],[13.123483581129646,61.15634163901838]]}},{"type":"Feature","properties":{"id":2890,"klass":"9"},"geometry":{"type":"LineString","coordinates":[[13.191567743070154,61.15778724164589],[13.191138346197874,61.157587551177734],[13.191117722190626,61.15734527113946],[13.191477334582581,61.1570892596203],[13.191921322066063,61.15704756173475],[13.192527705670773,61.15724312104633],[13.192622122500799,61.15765150308341],[13.19223074802976,61.15788544235246],[13.191576128639543,61.15796577004429]]}},{"type":"Feature","properties":{"id":2891,"klass":"9"},"geometry":{"type":"LineString","coordinates":[[13.123286193162993,61.15577448271578],[13.122108950264867,61.15614500375111],[13.12215615022973,61.15643187804532]]}},{"type":"Feature","properties":{"id":2892,"klass":"9"},"geometry":{"type":"LineString","coordinates":[[13.153774664265494,61.15604283276193],[13.153271628963834,61.15545046068438]]}},{"type":"Feature","properties":{"id":2893,"klass":"9"},"geometry":{"type":"LineString","coordinates":[[13.257701889378422,61.15700807004814],[13.25726400636074,61.15653145343183]]}},{"type":"Feature","properties":{"id":2894,"klass":"9"},"geometry":{"type":"LineString","coordinates":[[13.21009472742896,61.155099636460236],[13.209763010967677,61.15509699974347]]}},{"type":"Feature","properties":{"id":2895,"klass":"9"},"geometry":{"type":"LineString","coordinates":[[13.20850925286977,61.1564818607088],[13.208679740569506,61.15506339379201]]}},{"type":"Feature","properties":{"id":2896,"klass":"9"},"geometry":{"type":"LineString","coordinates":[[13.260105621900674,61.16626069925768],[13.26018618722336,61.16663746266194],[13.260770671777447,61.16653387435672]]}},{"type":"Feature","properties":{"id":2897,"klass":"9"},"geometry":{"type":"LineString","coordinates":[[13.250690821698832,61.16787685685111],[13.250552852590356,61.16765565848999],[13.250942218514615,61.166809429462134]]}},{"type":"Feature","properties":{"id":2898,"klass":"9"},"geometry":{"type":"LineString","coordinates":[[13.262799645114194,61.166840127815384],[13.263519775009282,61.16711642048348],[13.264430296048687,61.16711630695699],[13.265764025998228,61.16646592575252],[13.265999211029245,61.166233486109405],[13.265826643169726,61.166070086517585]]}},{"type":"Feature","properties":{"id":2899,"klass":"9"},"geometry":{"type":"LineString","coordinates":[[13.187848578720594,61.16442870286962],[13.188475671137626,61.16565829882904]]}},{"type":"Feature","properties":{"id":2900,"klass":"9"},"geometry":{"type":"LineString","coordinates":[[13.191951519688393,61.16329628833439],[13.192758886795593,61.16386705041351]]}},{"type":"Feature","properties":{"id":2901,"klass":"9"},"geometry":{"type":"LineString","coordinates":[[13.190154349428513,61.16416324639397],[13.189484286369286,61.16309243512124]]}},{"type":"Feature","properties":{"id":2902,"klass":"9"},"geometry":{"type":"LineString","coordinates":[[13.173111349574581,61.1630364451215],[13.174069410304167,61.16277156396635]]}},{"type":"Feature","properties":{"id":2903,"klass":"9"},"geometry":{"type":"LineString","coordinates":[[13.174229407618771,61.16270308464339],[13.175303369954765,61.16277319030065]]}},{"type":"Feature","properties":{"id":2904,"klass":"9"},"geometry":{"type":"LineString","coordinates":[[13.140862071128083,61.161757456824354],[13.14027713490487,61.161511157514546],[13.139930666373969,61.161577627447095]]}},{"type":"Feature","properties":{"id":2905,"klass":"9"},"geometry":{"type":"LineString","coordinates":[[13.141871133612469,61.16136815610829],[13.142436741893064,61.16171316307842],[13.142383665517599,61.16218168665473],[13.142041381387974,61.16237796556658]]}},{"type":"Feature","properties":{"id":2906,"klass":"9"},"geometry":{"type":"LineString","coordinates":[[13.189528193849542,61.1626257616632],[13.191791221182708,61.161994172676444]]}},{"type":"Feature","properties":{"id":2907,"klass":"9"},"geometry":{"type":"LineString","coordinates":[[13.252961296404266,61.16319876204595],[13.253055333453327,61.16296291486258],[13.254200913831513,61.162989252599566]]}},{"type":"Feature","properties":{"id":2908,"klass":"9"},"geometry":{"type":"LineString","coordinates":[[13.254610215333836,61.16295849475976],[13.254200913831513,61.162989252599566]]}},{"type":"Feature","properties":{"id":2909,"klass":"9"},"geometry":{"type":"LineString","coordinates":[[13.133639654970542,61.16103186246296],[13.132438349448854,61.16060618730961]]}},{"type":"Feature","properties":{"id":2910,"klass":"9"},"geometry":{"type":"LineString","coordinates":[[13.131279695496609,61.16159638558203],[13.132438349448854,61.16060618730961]]}},{"type":"Feature","properties":{"id":2911,"klass":"9"},"geometry":{"type":"LineString","coordinates":[[13.140875961395905,61.16085853026383],[13.141193644162213,61.16066066821992]]}},{"type":"Feature","properties":{"id":2912,"klass":"9"},"geometry":{"type":"LineString","coordinates":[[13.200005045578267,61.1631566769896],[13.199353221971263,61.16185827291183],[13.198207830068577,61.16118393815424]]}},{"type":"Feature","properties":{"id":2913,"klass":"9"},"geometry":{"type":"LineString","coordinates":[[13.139429409893593,61.16201485445097],[13.135744742290742,61.16017185903334],[13.13472905672653,61.15989229198837]]}},{"type":"Feature","properties":{"id":2914,"klass":"9"},"geometry":{"type":"LineString","coordinates":[[13.108211137493965,61.159284556811265],[13.10783611932536,61.15997956278188]]}},{"type":"Feature","properties":{"id":2915,"klass":"9"},"geometry":{"type":"LineString","coordinates":[[13.194060302039944,61.16148463070744],[13.194896135516698,61.16093225419536]]}},{"type":"Feature","properties":{"id":2916,"klass":"9"},"geometry":{"type":"LineString","coordinates":[[13.109608264263146,61.159009291811415],[13.109231343303463,61.158796626154576]]}},{"type":"Feature","properties":{"id":2917,"klass":"9"},"geometry":{"type":"LineString","coordinates":[[13.109231343303463,61.158796626154576],[13.108211137493965,61.159284556811265]]}},{"type":"Feature","properties":{"id":2918,"klass":"9"},"geometry":{"type":"LineString","coordinates":[[13.19233990901044,61.160297899898026],[13.192384373305936,61.160419347689015]]}},{"type":"Feature","properties":{"id":2919,"klass":"9"},"geometry":{"type":"LineString","coordinates":[[13.110258200734172,61.15864067507823],[13.110865827262476,61.15895912248804],[13.11087616921164,61.15933353892177],[13.110426044998901,61.15944238247565]]}},{"type":"Feature","properties":{"id":2920,"klass":"9"},"geometry":{"type":"LineString","coordinates":[[13.196655759657798,61.160088362001474],[13.195354975238091,61.1601834093073],[13.193620617878075,61.16092865274783]]}},{"type":"Feature","properties":{"id":2921,"klass":"9"},"geometry":{"type":"LineString","coordinates":[[13.156588602241733,61.15926573513994],[13.157132282732016,61.159326598398735]]}},{"type":"Feature","properties":{"id":2922,"klass":"9"},"geometry":{"type":"LineString","coordinates":[[13.160796082839568,61.15922731320014],[13.162750972026856,61.15985013911642]]}},{"type":"Feature","properties":{"id":2923,"klass":"9"},"geometry":{"type":"LineString","coordinates":[[13.110258200734172,61.15864067507823],[13.110640523103896,61.15818816129832]]}},{"type":"Feature","properties":{"id":2924,"klass":"9"},"geometry":{"type":"LineString","coordinates":[[13.190809660109657,61.159513606928144],[13.19055415760956,61.15929912324758],[13.19027227217418,61.1593171489155],[13.190312307104103,61.159479415619266],[13.190809660109657,61.159513606928144]]}},{"type":"Feature","properties":{"id":2925,"klass":"9"},"geometry":{"type":"LineString","coordinates":[[13.11202758123739,61.15777788318884],[13.11242947249392,61.15850753490458]]}},{"type":"Feature","properties":{"id":2926,"klass":"9"},"geometry":{"type":"LineString","coordinates":[[13.194242040710623,61.159352518477796],[13.194730071327514,61.159884237772594],[13.19452467350644,61.16009995619289]]}},{"type":"Feature","properties":{"id":2927,"klass":"9"},"geometry":{"type":"LineString","coordinates":[[13.111006858758529,61.15774855257509],[13.111464167009592,61.157934172910444],[13.112239946358569,61.15886480378338]]}},{"type":"Feature","properties":{"id":2928,"klass":"9"},"geometry":{"type":"LineString","coordinates":[[13.115683550796573,61.15755861133739],[13.11546291073829,61.157648009076325]]}},{"type":"Feature","properties":{"id":2929,"klass":"9"},"geometry":{"type":"LineString","coordinates":[[13.107528144423075,61.15802343069575],[13.105797004617074,61.157394602521045]]}},{"type":"Feature","properties":{"id":2930,"klass":"9"},"geometry":{"type":"LineString","coordinates":[[13.148255575768355,61.15822716775908],[13.147627167215578,61.15871576586228],[13.147693166827928,61.15947757068379],[13.148446670246239,61.160993725996285],[13.148921692106278,61.161389694790216]]}},{"type":"Feature","properties":{"id":2931,"klass":"9"},"geometry":{"type":"LineString","coordinates":[[13.151285568133956,61.159845918227596],[13.151259026705045,61.158092352714455]]}},{"type":"Feature","properties":{"id":2932,"klass":"9"},"geometry":{"type":"LineString","coordinates":[[13.196733328955784,61.15874772812364],[13.197753393002063,61.15930324489279]]}},{"type":"Feature","properties":{"id":2933,"klass":"9"},"geometry":{"type":"LineString","coordinates":[[13.195869196815915,61.158941891152566],[13.196733328955784,61.15874772812364]]}},{"type":"Feature","properties":{"id":2934,"klass":"9"},"geometry":{"type":"LineString","coordinates":[[13.111307579830262,61.15753766255727],[13.112019227438191,61.15728879821819],[13.113488293827622,61.157210492877645]]}},{"type":"Feature","properties":{"id":2935,"klass":"9"},"geometry":{"type":"LineString","coordinates":[[13.264573093122234,61.15947567656129],[13.26352177819977,61.15933368083349],[13.26295714640642,61.15991815677709]]}},{"type":"Feature","properties":{"id":2936,"klass":"9"},"geometry":{"type":"LineString","coordinates":[[13.120567903336486,61.15665318634745],[13.12215615022973,61.15643187804532]]}},{"type":"Feature","properties":{"id":2937,"klass":"9"},"geometry":{"type":"LineString","coordinates":[[13.153774664265494,61.15604283276193],[13.155356899364108,61.15603589718675]]}},{"type":"Feature","properties":{"id":2938,"klass":"9"},"geometry":{"type":"LineString","coordinates":[[13.156431144042951,61.15747581627969],[13.154626365367045,61.156974801826834],[13.153774664265494,61.15604283276193]]}},{"type":"Feature","properties":{"id":2939,"klass":"9"},"geometry":{"type":"LineString","coordinates":[[13.152557221706106,61.15724139979523],[13.150919951602567,61.15574872058443],[13.15010648184072,61.1555542722913],[13.148830294865363,61.15549930168652]]}},{"type":"Feature","properties":{"id":2941,"klass":"9"},"geometry":{"type":"LineString","coordinates":[[13.106692473338583,61.16631248565987],[13.10788378778039,61.165862419703245]]}},{"type":"Feature","properties":{"id":2942,"klass":"9"},"geometry":{"type":"LineString","coordinates":[[13.188463958568997,61.166152576545635],[13.188191196341181,61.166709812972066]]}},{"type":"Feature","properties":{"id":2943,"klass":"9"},"geometry":{"type":"LineString","coordinates":[[13.188475671137626,61.16565829882904],[13.184730384737982,61.1669692899923]]}},{"type":"Feature","properties":{"id":2944,"klass":"9"},"geometry":{"type":"LineString","coordinates":[[13.174552053609881,61.16608825538137],[13.174648542311921,61.16612621344134]]}},{"type":"Feature","properties":{"id":2945,"klass":"9"},"geometry":{"type":"LineString","coordinates":[[13.170571910036932,61.16564254703224],[13.16901208575516,61.16506176021897]]}},{"type":"Feature","properties":{"id":2946,"klass":"9"},"geometry":{"type":"LineString","coordinates":[[13.16901208575516,61.16506176021897],[13.167865923399432,61.16546406996929],[13.16538600412903,61.165881310423735]]}},{"type":"Feature","properties":{"id":2947,"klass":"9"},"geometry":{"type":"LineString","coordinates":[[13.18447286454225,61.165069410874416],[13.184149873966142,61.16601255024964]]}},{"type":"Feature","properties":{"id":2948,"klass":"9"},"geometry":{"type":"LineString","coordinates":[[13.185921490265855,61.16479645953965],[13.185644350385516,61.1651471353427],[13.18447286454225,61.165069410874416]]}},{"type":"Feature","properties":{"id":2949,"klass":"9"},"geometry":{"type":"LineString","coordinates":[[13.257752264814211,61.16893418879346],[13.260105621900674,61.16626069925768]]}},{"type":"Feature","properties":{"id":2950,"klass":"9"},"geometry":{"type":"LineString","coordinates":[[13.142889528885823,61.16604685866899],[13.140747381939356,61.1658409991832],[13.139166069196278,61.16530756737408],[13.137980265983018,61.16453141654338],[13.137638541938568,61.16406373071089],[13.137750708540251,61.16380783795979]]}},{"type":"Feature","properties":{"id":2951,"klass":"9"},"geometry":{"type":"LineString","coordinates":[[13.192585615957558,61.16468202243885],[13.192880978076202,61.16481818870934],[13.19407495713168,61.16479984710005]]}},{"type":"Feature","properties":{"id":2952,"klass":"9"},"geometry":{"type":"LineString","coordinates":[[13.191530781926469,61.164003425258244],[13.19164232133534,61.164571962516476],[13.19219133958842,61.1648001253596],[13.192585615957558,61.16468202243885]]}},{"type":"Feature","properties":{"id":2953,"klass":"9"},"geometry":{"type":"LineString","coordinates":[[13.138286389633931,61.16356899643083],[13.138263618226501,61.1629322189207]]}},{"type":"Feature","properties":{"id":2954,"klass":"9"},"geometry":{"type":"LineString","coordinates":[[13.139789518561072,61.16375086722651],[13.139516972073187,61.16292174923909]]}},{"type":"Feature","properties":{"id":2955,"klass":"9"},"geometry":{"type":"LineString","coordinates":[[13.178316059236169,61.16399428878713],[13.180891662603415,61.16372364090541]]}},{"type":"Feature","properties":{"id":2956,"klass":"9"},"geometry":{"type":"LineString","coordinates":[[13.181281461687647,61.16359083696365],[13.18232328434563,61.16337481547779],[13.182784109924821,61.16311201325954],[13.183463560774861,61.163233465920584]]}},{"type":"Feature","properties":{"id":2957,"klass":"9"},"geometry":{"type":"LineString","coordinates":[[13.108181920503513,61.16156234490612],[13.107552819115512,61.161977995159894],[13.107223249644575,61.161969318459306],[13.107451474864687,61.161568081778924],[13.108181920503513,61.16156234490612]]}},{"type":"Feature","properties":{"id":2958,"klass":"9"},"geometry":{"type":"LineString","coordinates":[[13.176311572075083,61.16394207090507],[13.176009064724221,61.16279561560966]]}},{"type":"Feature","properties":{"id":2959,"klass":"9"},"geometry":{"type":"LineString","coordinates":[[13.195302244082482,61.16375966605166],[13.19572247287361,61.16318648505314]]}},{"type":"Feature","properties":{"id":2960,"klass":"9"},"geometry":{"type":"LineString","coordinates":[[13.177540784605684,61.16242648458571],[13.178227784415624,61.162901208557855],[13.17834091544867,61.16385695817489]]}},{"type":"Feature","properties":{"id":2961,"klass":"9"},"geometry":{"type":"LineString","coordinates":[[13.176616855522731,61.16266499023349],[13.176142047269241,61.162389755036344],[13.175303369954765,61.16277319030065]]}},{"type":"Feature","properties":{"id":2962,"klass":"9"},"geometry":{"type":"LineString","coordinates":[[13.108917616876482,61.16116026881988],[13.107886391100356,61.160744355251815]]}},{"type":"Feature","properties":{"id":2963,"klass":"9"},"geometry":{"type":"LineString","coordinates":[[13.189484286369286,61.16309243512124],[13.189528193849542,61.1626257616632]]}},{"type":"Feature","properties":{"id":2964,"klass":"9"},"geometry":{"type":"LineString","coordinates":[[13.111063135124501,61.16031315150569],[13.11060700634663,61.16017595946048]]}},{"type":"Feature","properties":{"id":2965,"klass":"9"},"geometry":{"type":"LineString","coordinates":[[13.26273919349121,61.16271330672379],[13.262025969639204,61.16385196998218]]}},{"type":"Feature","properties":{"id":2966,"klass":"9"},"geometry":{"type":"LineString","coordinates":[[13.18985194787209,61.16136807558316],[13.189409943003074,61.16131958879051]]}},{"type":"Feature","properties":{"id":2967,"klass":"9"},"geometry":{"type":"LineString","coordinates":[[13.150764857974202,61.15986040177263],[13.151517290026112,61.160784459909614]]}},{"type":"Feature","properties":{"id":2968,"klass":"9"},"geometry":{"type":"LineString","coordinates":[[13.150764857974202,61.15986040177263],[13.151285568133956,61.159845918227596]]}},{"type":"Feature","properties":{"id":2969,"klass":"9"},"geometry":{"type":"LineString","coordinates":[[13.11060700634663,61.16017595946048],[13.109975135130323,61.15985074266247],[13.109608264263146,61.159009291811415]]}},{"type":"Feature","properties":{"id":2970,"klass":"9"},"geometry":{"type":"LineString","coordinates":[[13.109231343303463,61.158796626154576],[13.108644154502842,61.158577051655755]]}},{"type":"Feature","properties":{"id":2971,"klass":"9"},"geometry":{"type":"LineString","coordinates":[[13.108211137493965,61.159284556811265],[13.10702598909229,61.158420656498166]]}},{"type":"Feature","properties":{"id":2972,"klass":"9"},"geometry":{"type":"LineString","coordinates":[[13.108644154502842,61.158577051655755],[13.107528144423075,61.15802343069575]]}},{"type":"Feature","properties":{"id":2973,"klass":"9"},"geometry":{"type":"LineString","coordinates":[[13.19233990901044,61.160297899898026],[13.192660746889548,61.15963978700307]]}},{"type":"Feature","properties":{"id":2974,"klass":"9"},"geometry":{"type":"LineString","coordinates":[[13.111307579830262,61.15753766255727],[13.111006858758529,61.15774855257509]]}},{"type":"Feature","properties":{"id":2975,"klass":"9"},"geometry":{"type":"LineString","coordinates":[[13.1928770918507,61.15920232866617],[13.19359171554275,61.15919055906811],[13.19376157761211,61.15898227922597]]}},{"type":"Feature","properties":{"id":2976,"klass":"9"},"geometry":{"type":"LineString","coordinates":[[13.192962937569309,61.15895714230006],[13.1928770918507,61.15920232866617]]}},{"type":"Feature","properties":{"id":2977,"klass":"9"},"geometry":{"type":"LineString","coordinates":[[13.107528144423075,61.15802343069575],[13.107962910309489,61.157740720862755],[13.107958180683845,61.157261689764816],[13.108471241261128,61.1573746948643]]}},{"type":"Feature","properties":{"id":2978,"klass":"9"},"geometry":{"type":"LineString","coordinates":[[13.157360084740265,61.15776746374287],[13.15725150690504,61.15760455767733],[13.156431144042951,61.15747581627969]]}},{"type":"Feature","properties":{"id":2979,"klass":"9"},"geometry":{"type":"LineString","coordinates":[[13.127944722807262,61.15669980121967],[13.127845055097122,61.15653090469109],[13.126951644389441,61.156405875777736],[13.123483581129646,61.15634163901838]]}},{"type":"Feature","properties":{"id":2980,"klass":"9"},"geometry":{"type":"LineString","coordinates":[[13.196733328955784,61.15874772812364],[13.195998927762245,61.157632870951545],[13.195317639461575,61.15739261363008]]}},{"type":"Feature","properties":{"id":2981,"klass":"9"},"geometry":{"type":"LineString","coordinates":[[13.191567743070154,61.15778724164589],[13.192104765097831,61.15772864645438],[13.192301989541805,61.15754339964175],[13.19213924610096,61.157328433647265],[13.191573568718438,61.15741077549769]]}},{"type":"Feature","properties":{"id":2982,"klass":"9"},"geometry":{"type":"LineString","coordinates":[[13.195317639461575,61.15739261363008],[13.194759686182204,61.15740171347638],[13.194280318266014,61.15720035177609],[13.195317639461575,61.15739261363008]]}},{"type":"Feature","properties":{"id":2983,"klass":"9"},"geometry":{"type":"LineString","coordinates":[[13.198928247851493,61.15510671227429],[13.197896399238955,61.15553304392796],[13.196805272230852,61.15573566572067],[13.196434423328329,61.15601146793832],[13.196978994071094,61.1567435061389],[13.19873418763182,61.157897505453306]]}},{"type":"Feature","properties":{"id":2985,"klass":"9"},"geometry":{"type":"LineString","coordinates":[[13.211561439733218,61.15669148596294],[13.211132324725552,61.156506555007596],[13.211391127299835,61.15518218754859]]}},{"type":"Feature","properties":{"id":2986,"klass":"9"},"geometry":{"type":"LineString","coordinates":[[13.211391127299835,61.15518218754859],[13.21009472742896,61.155099636460236]]}},{"type":"Feature","properties":{"id":2987,"klass":"9"},"geometry":{"type":"LineString","coordinates":[[13.112514763287765,61.164899138328224],[13.113015101233797,61.16448312496668]]}},{"type":"Feature","properties":{"id":2988,"klass":"9"},"geometry":{"type":"LineString","coordinates":[[13.181454758559564,61.165664246948765],[13.180133098712677,61.16636768526956],[13.176714940254836,61.16726308967289]]}},{"type":"Feature","properties":{"id":2989,"klass":"9"},"geometry":{"type":"LineString","coordinates":[[13.176311572075083,61.16394207090507],[13.175861530816105,61.16405175126219]]}},{"type":"Feature","properties":{"id":2990,"klass":"9"},"geometry":{"type":"LineString","coordinates":[[13.176878799198638,61.16523885295906],[13.178048663089744,61.16481762349795],[13.178316059236169,61.16399428878713]]}},{"type":"Feature","properties":{"id":2991,"klass":"9"},"geometry":{"type":"LineString","coordinates":[[13.178316059236169,61.16399428878713],[13.17834091544867,61.16385695817489]]}},{"type":"Feature","properties":{"id":2992,"klass":"9"},"geometry":{"type":"LineString","coordinates":[[13.17834091544867,61.16385695817489],[13.176311572075083,61.16394207090507]]}},{"type":"Feature","properties":{"id":2993,"klass":"9"},"geometry":{"type":"LineString","coordinates":[[13.194267544669836,61.16361219784067],[13.193946975989132,61.16328787098211],[13.194405705906167,61.16304958059563],[13.194922762545765,61.16305328925178],[13.195097091757646,61.16341247304113]]}},{"type":"Feature","properties":{"id":2994,"klass":"9"},"geometry":{"type":"LineString","coordinates":[[13.176009064724221,61.16279561560966],[13.176616855522731,61.16266499023349]]}},{"type":"Feature","properties":{"id":2995,"klass":"9"},"geometry":{"type":"LineString","coordinates":[[13.140758592371073,61.16194021064591],[13.139429409893593,61.16201485445097]]}},{"type":"Feature","properties":{"id":2996,"klass":"9"},"geometry":{"type":"LineString","coordinates":[[13.193066295857486,61.16292198757548],[13.191951519688393,61.16329628833439]]}},{"type":"Feature","properties":{"id":2997,"klass":"7"},"geometry":{"type":"LineString","coordinates":[[13.268305646499325,61.15506982892306],[13.267474174393909,61.156311513596826]]}},{"type":"Feature","properties":{"id":2998,"klass":"9"},"geometry":{"type":"LineString","coordinates":[[13.11721750881105,61.156306340812286],[13.118204692612112,61.15621342185417],[13.119967013855328,61.15668321262789]]}},{"type":"Feature","properties":{"id":2999,"klass":"9"},"geometry":{"type":"LineString","coordinates":[[13.263635852084885,61.158666016277536],[13.263054602288845,61.15846817502557],[13.26328640670293,61.158151788631116]]}},{"type":"Feature","properties":{"id":3000,"klass":"9"},"geometry":{"type":"LineString","coordinates":[[13.123483581129646,61.15634163901838],[13.123286193162993,61.15577448271578]]}},{"type":"Feature","properties":{"id":3001,"klass":"9"},"geometry":{"type":"LineString","coordinates":[[13.148830294865363,61.15549930168652],[13.149464187237905,61.15685442676397],[13.14987269023396,61.156940097513846]]}},{"type":"Feature","properties":{"id":3002,"klass":"9"},"geometry":{"type":"LineString","coordinates":[[13.266481209998657,61.15695955672891],[13.265376335964902,61.156786707210124],[13.264987273029991,61.15721208150999],[13.264287474804032,61.15712843149994]]}},{"type":"Feature","properties":{"id":3004,"klass":"9"},"geometry":{"type":"LineString","coordinates":[[13.209868306938034,61.1563921111307],[13.21009472742896,61.155099636460236]]}},{"type":"Feature","properties":{"id":3005,"klass":"9"},"geometry":{"type":"LineString","coordinates":[[13.209763010967677,61.15509699974347],[13.208679740569506,61.15506339379201]]}},{"type":"Feature","properties":{"id":3006,"klass":"9"},"geometry":{"type":"LineString","coordinates":[[13.205867348200687,61.152648255093744],[13.20550878449281,61.15237436837455]]}},{"type":"Feature","properties":{"id":3007,"klass":"9"},"geometry":{"type":"LineString","coordinates":[[13.205103416505253,61.153478810335045],[13.204380843085014,61.15323062420981]]}},{"type":"Feature","properties":{"id":3008,"klass":"9"},"geometry":{"type":"LineString","coordinates":[[13.205103416505253,61.153478810335045],[13.205342874123087,61.15336286581048]]}},{"type":"Feature","properties":{"id":3009,"klass":"9"},"geometry":{"type":"LineString","coordinates":[[13.259798388396144,61.15251240065581],[13.25993485208743,61.15194999228195],[13.260728377434178,61.15170021624248]]}},{"type":"Feature","properties":{"id":3010,"klass":"9"},"geometry":{"type":"LineString","coordinates":[[13.263176155050937,61.15043878200198],[13.262507417678819,61.15091337000924]]}},{"type":"Feature","properties":{"id":3011,"klass":"9"},"geometry":{"type":"LineString","coordinates":[[13.26559911056424,61.150028290737424],[13.264397314458673,61.14968673121772]]}},{"type":"Feature","properties":{"id":3012,"klass":"9"},"geometry":{"type":"LineString","coordinates":[[13.207887862144185,61.152342237100896],[13.207396732108188,61.152193829144444],[13.206205166308408,61.152324602429225],[13.205226337199163,61.152238319337954],[13.204322377393382,61.15241245655275]]}},{"type":"Feature","properties":{"id":3013,"klass":"9"},"geometry":{"type":"LineString","coordinates":[[13.20334543342093,61.154655109556394],[13.203284843530827,61.154827754959236]]}},{"type":"Feature","properties":{"id":3014,"klass":"9"},"geometry":{"type":"LineString","coordinates":[[13.20432237739338,61.15241245655275],[13.205123159677523,61.1526902191901],[13.205867348200687,61.152648255093744]]}},{"type":"Feature","properties":{"id":3015,"klass":"9"},"geometry":{"type":"LineString","coordinates":[[13.210580906140377,61.15111371011355],[13.211272457759602,61.15159313820561]]}},{"type":"Feature","properties":{"id":3016,"klass":"9"},"geometry":{"type":"LineString","coordinates":[[13.274172209062774,61.149328610182984],[13.274692604226251,61.14887353683432],[13.274466300882247,61.1486531853375]]}},{"type":"Feature","properties":{"id":3023,"klass":"9"},"geometry":{"type":"LineString","coordinates":[[13.198928247851493,61.15510671227429],[13.199571892880142,61.15428218705633],[13.201002993117381,61.15464637727704],[13.202553319992688,61.15460952364622],[13.203284843530827,61.154827754959236]]}},{"type":"Feature","properties":{"id":3024,"klass":"9"},"geometry":{"type":"LineString","coordinates":[[13.239759584939293,61.182843920583274],[13.239531311928422,61.183363854387814],[13.239145792825145,61.183436060286546]]}},{"type":"Feature","properties":{"id":3025,"klass":"9"},"geometry":{"type":"LineString","coordinates":[[13.150091570795938,61.1613293763012],[13.149993625498768,61.16146683538978],[13.148740816838808,61.1612489976833]]}},{"type":"Feature","properties":{"id":3026,"klass":"9"},"geometry":{"type":"LineString","coordinates":[[13.25876232802508,61.16166803980704],[13.258488841943352,61.16147951716151],[13.25647292773066,61.1613197721255]]}},{"type":"Feature","properties":{"id":3027,"klass":"9"},"geometry":{"type":"LineString","coordinates":[[13.203967292751205,61.15386051114376],[13.205103416505253,61.153478810335045]]}},{"type":"Feature","properties":{"id":3028,"klass":"9"},"geometry":{"type":"LineString","coordinates":[[13.196434423328329,61.15601146793832],[13.195692980236124,61.15550480669362],[13.195810823796684,61.154303891468],[13.195361301663555,61.15384097311992],[13.195162918438456,61.153109234558976]]}},{"type":"Feature","properties":{"id":3029,"klass":"9"},"geometry":{"type":"LineString","coordinates":[[13.269402480044183,61.14622453939858],[13.268892098501391,61.14612369456046],[13.268940177897646,61.145867619247454]]}},{"type":"Feature","properties":{"id":3030,"klass":"9"},"geometry":{"type":"LineString","coordinates":[[13.274721181087195,61.146391143031394],[13.27525538050983,61.146156340812965]]}},{"type":"Feature","properties":{"id":3031,"klass":"9"},"geometry":{"type":"LineString","coordinates":[[13.274948713818372,61.14516264144958],[13.275149066412144,61.14452079913298],[13.275669399724565,61.14400790926713]]}},{"type":"Feature","properties":{"id":3035,"klass":"9"},"geometry":{"type":"LineString","coordinates":[[13.26735908666284,61.15654755834369],[13.269375158449376,61.15593023273097],[13.269549137803713,61.155334908836664],[13.268305646499325,61.15506982892306]]}},{"type":"Feature","properties":{"id":3036,"klass":"9"},"geometry":{"type":"LineString","coordinates":[[13.295156918230939,61.145504680084606],[13.29483136755578,61.14510515063506],[13.294085084592187,61.145059563653376],[13.293310711801883,61.14523525862276]]}},{"type":"Feature","properties":{"id":3037,"klass":"9"},"geometry":{"type":"LineString","coordinates":[[13.295156918230939,61.145504680084606],[13.293310711801883,61.14523525862276]]}},{"type":"Feature","properties":{"id":3038,"klass":"9"},"geometry":{"type":"LineString","coordinates":[[13.298151353577932,61.14573893667295],[13.295156918230939,61.145504680084606]]}},{"type":"Feature","properties":{"id":3042,"klass":"9"},"geometry":{"type":"LineString","coordinates":[[13.209766863029595,61.15461474164677],[13.208859025272455,61.154633287924725]]}},{"type":"Feature","properties":{"id":3049,"klass":"9"},"geometry":{"type":"LineString","coordinates":[[13.256163254576373,61.15699823880238],[13.257121366490576,61.15694919419166]]}},{"type":"Feature","properties":{"id":3050,"klass":"9"},"geometry":{"type":"LineString","coordinates":[[13.230632642397826,61.160863089183415],[13.231529666979133,61.16059000392169]]}},{"type":"Feature","properties":{"id":3051,"klass":"9"},"geometry":{"type":"LineString","coordinates":[[13.231529666979133,61.16059000392169],[13.231438761696383,61.160489605292554]]}},{"type":"Feature","properties":{"id":3052,"klass":"9"},"geometry":{"type":"LineString","coordinates":[[13.234181397820342,61.16009614599063],[13.233780781572118,61.16036145824809],[13.232035048986972,61.16064049160854],[13.231529666979133,61.16059000392169]]}},{"type":"Feature","properties":{"id":3053,"klass":"9"},"geometry":{"type":"LineString","coordinates":[[13.209927695767437,61.15158160558311],[13.20965983610591,61.15149290411359]]}},{"type":"Feature","properties":{"id":3061,"klass":"9"},"geometry":{"type":"LineString","coordinates":[[13.17470276671336,61.1532140406722],[13.175100120885528,61.153478593508446],[13.176391771751698,61.15349151603332],[13.181055192570096,61.15270403362893],[13.18127702916087,61.15104594451302],[13.181924566139482,61.149227865251454]]}},{"type":"Feature","properties":{"id":3062,"klass":"9"},"geometry":{"type":"LineString","coordinates":[[13.203219809864622,61.153221580093216],[13.203852561811317,61.15293485949668],[13.20432237739338,61.15241245655275]]}},{"type":"Feature","properties":{"id":3063,"klass":"9"},"geometry":{"type":"LineString","coordinates":[[13.203967292751205,61.15386051114376],[13.203341873105753,61.15419740256187],[13.203471037317371,61.153836798916636]]}},{"type":"Feature","properties":{"id":3068,"klass":"9"},"geometry":{"type":"LineString","coordinates":[[13.243107923213936,61.15686809100874],[13.243906382466811,61.156581056075346],[13.244724641494122,61.15651643729597],[13.245034065586752,61.15663525879151]]}},{"type":"Feature","properties":{"id":3071,"klass":"9"},"geometry":{"type":"LineString","coordinates":[[13.203045915423512,61.153719738821145],[13.203471037317371,61.153836798916636]]}},{"type":"Feature","properties":{"id":3072,"klass":"9"},"geometry":{"type":"LineString","coordinates":[[13.270432485756503,61.15186655773698],[13.269811911741115,61.152105077735676],[13.268640098707646,61.152048378592106]]}},{"type":"Feature","properties":{"id":3073,"klass":"9"},"geometry":{"type":"LineString","coordinates":[[13.202647981125342,61.1535625563463],[13.203045915423512,61.153719738821145]]}},{"type":"Feature","properties":{"id":3075,"klass":"9"},"geometry":{"type":"LineString","coordinates":[[13.204250666276767,61.1553848827068],[13.206174711490547,61.15562982773192]]}},{"type":"Feature","properties":{"id":3076,"klass":"9"},"geometry":{"type":"LineString","coordinates":[[13.262374236576896,61.16056792217047],[13.262774150002791,61.16064630481265]]}},{"type":"Feature","properties":{"id":3077,"klass":"9"},"geometry":{"type":"LineString","coordinates":[[13.105797004617074,61.157394602521045],[13.105005825379687,61.157584317105005],[13.10492682346231,61.15743975919097]]}},{"type":"Feature","properties":{"id":3078,"klass":"9"},"geometry":{"type":"LineString","coordinates":[[13.19572247287361,61.16318648505314],[13.195097091757646,61.16341247304113]]}},{"type":"Feature","properties":{"id":3079,"klass":"9"},"geometry":{"type":"LineString","coordinates":[[13.198802109317345,61.1596183165301],[13.200106223982516,61.15925313349239],[13.200320759799885,61.1589587823348]]}},{"type":"Feature","properties":{"id":3083,"klass":"9"},"geometry":{"type":"LineString","coordinates":[[13.260105621900674,61.16626069925768],[13.259775957317892,61.16601255849925]]}},{"type":"Feature","properties":{"id":3084,"klass":"9"},"geometry":{"type":"LineString","coordinates":[[13.25716783156527,61.17082973133183],[13.256559878588693,61.17074042862254]]}},{"type":"Feature","properties":{"id":3085,"klass":"9"},"geometry":{"type":"LineString","coordinates":[[13.171602223421914,61.16653692506067],[13.169801037262971,61.16691541415347]]}},{"type":"Feature","properties":{"id":3087,"klass":"9"},"geometry":{"type":"LineString","coordinates":[[13.188566528725728,61.16434678793832],[13.18825290799882,61.16400981534889]]}},{"type":"Feature","properties":{"id":3088,"klass":"9"},"geometry":{"type":"LineString","coordinates":[[13.186300257751535,61.16115725169697],[13.18727954052908,61.1606582004249],[13.187245386764387,61.16035514973096],[13.188230742474182,61.16049945313902]]}},{"type":"Feature","properties":{"id":3089,"klass":"9"},"geometry":{"type":"LineString","coordinates":[[13.203284843530827,61.154827754959236],[13.20435873887772,61.15496201809895]]}},{"type":"Feature","properties":{"id":3090,"klass":"9"},"geometry":{"type":"LineString","coordinates":[[13.198802109317345,61.1596183165301],[13.19845104008601,61.15952396890678],[13.198516432074557,61.15928143465654],[13.200027248879481,61.15849105881282]]}},{"type":"Feature","properties":{"id":3093,"klass":"9"},"geometry":{"type":"LineString","coordinates":[[13.252360693572752,61.166050565261095],[13.251325069743693,61.166258096651404]]}},{"type":"Feature","properties":{"id":3094,"klass":"9"},"geometry":{"type":"LineString","coordinates":[[13.255212680652148,61.173625843837485],[13.25455598665733,61.17333423376796]]}},{"type":"Feature","properties":{"id":3095,"klass":"9"},"geometry":{"type":"LineString","coordinates":[[13.023650079746218,61.1985008283532],[13.02262686500413,61.19821652437378]]}},{"type":"Feature","properties":{"id":3096,"klass":"9"},"geometry":{"type":"LineString","coordinates":[[13.039805101293599,61.177862119038004],[13.03881607672484,61.177413760187335]]}},{"type":"Feature","properties":{"id":3097,"klass":"9"},"geometry":{"type":"LineString","coordinates":[[13.10223949991368,61.16619846232635],[13.102083760534034,61.16543520563509]]}},{"type":"Feature","properties":{"id":3099,"klass":"9"},"geometry":{"type":"LineString","coordinates":[[13.201327366377596,61.15826225437912],[13.202996588905805,61.158519041470335],[13.203092207436596,61.158684565227425],[13.202759565425495,61.15876157044779],[13.20186382720505,61.15861987470774],[13.201327366377596,61.15826225437912]]}},{"type":"Feature","properties":{"id":3100,"klass":"9"},"geometry":{"type":"LineString","coordinates":[[13.13465838216191,61.16153077663149],[13.135028819873371,61.161229170695876]]}},{"type":"Feature","properties":{"id":3101,"klass":"9"},"geometry":{"type":"LineString","coordinates":[[13.200463870896783,61.160137836499274],[13.199694922120635,61.16017331877782],[13.198169516161776,61.160637179734216]]}},{"type":"Feature","properties":{"id":3103,"klass":"9"},"geometry":{"type":"LineString","coordinates":[[13.206910295837476,61.15651515766064],[13.206174711490547,61.15562982773192]]}},{"type":"Feature","properties":{"id":3104,"klass":"9"},"geometry":{"type":"LineString","coordinates":[[13.21710282119127,61.20266986550033],[13.217889911173422,61.20254933888991]]}},{"type":"Feature","properties":{"id":3107,"klass":"9"},"geometry":{"type":"LineString","coordinates":[[13.201180288050594,61.1581947361645],[13.201327366377596,61.15826225437912]]}},{"type":"Feature","properties":{"id":3108,"klass":"9"},"geometry":{"type":"LineString","coordinates":[[13.20136461101233,61.16010516999764],[13.202220698949656,61.15997489286658],[13.201876646042715,61.15992292557002],[13.20136461101233,61.16010516999764]]}},{"type":"Feature","properties":{"id":3109,"klass":"9"},"geometry":{"type":"LineString","coordinates":[[13.191449642054494,61.158790867308035],[13.19117919379627,61.15842679233507],[13.190506176162446,61.15833873488759]]}},{"type":"Feature","properties":{"id":3111,"klass":"9"},"geometry":{"type":"LineString","coordinates":[[13.194060302039944,61.16148463070744],[13.193332369247479,61.16194171822057]]}},{"type":"Feature","properties":{"id":3112,"klass":"9"},"geometry":{"type":"LineString","coordinates":[[13.19325777732247,61.161228288119],[13.194060302039944,61.16148463070744]]}},{"type":"Feature","properties":{"id":3113,"klass":"9"},"geometry":{"type":"LineString","coordinates":[[13.130884504740333,61.160033367781004],[13.131416982563188,61.16025070565096]]}},{"type":"Feature","properties":{"id":3114,"klass":"9"},"geometry":{"type":"LineString","coordinates":[[13.13472905672653,61.15989229198837],[13.133639654970542,61.16103186246296]]}},{"type":"Feature","properties":{"id":3115,"klass":"9"},"geometry":{"type":"LineString","coordinates":[[13.193078154264079,61.159595440143846],[13.194242040710623,61.159352518477796]]}},{"type":"Feature","properties":{"id":3116,"klass":"9"},"geometry":{"type":"LineString","coordinates":[[13.197753393002063,61.15930324489279],[13.196943560810421,61.15965215509204],[13.196655759657798,61.160088362001474]]}},{"type":"Feature","properties":{"id":3117,"klass":"9"},"geometry":{"type":"LineString","coordinates":[[13.11546291073829,61.157648009076325],[13.11577366618115,61.15798417581071]]}},{"type":"Feature","properties":{"id":3118,"klass":"9"},"geometry":{"type":"LineString","coordinates":[[13.148255575768355,61.15822716775908],[13.15003678780017,61.159638959125914],[13.150764857974202,61.15986040177263]]}},{"type":"Feature","properties":{"id":3119,"klass":"9"},"geometry":{"type":"LineString","coordinates":[[13.26429539966494,61.16037495422322],[13.263707791919096,61.160815648864414]]}},{"type":"Feature","properties":{"id":3120,"klass":"9"},"geometry":{"type":"LineString","coordinates":[[13.266395746398235,61.157492496227945],[13.266844278433208,61.15750939395222]]}},{"type":"Feature","properties":{"id":3121,"klass":"9"},"geometry":{"type":"LineString","coordinates":[[13.266844278433208,61.15750939395222],[13.268769055645963,61.157213626817594],[13.26909839237286,61.157016177979926]]}},{"type":"Feature","properties":{"id":3122,"klass":"9"},"geometry":{"type":"LineString","coordinates":[[13.153271628963834,61.15545046068438],[13.152715408219283,61.15503729663109],[13.151887346360573,61.15478615637153],[13.148720238235276,61.15464376078924]]}},{"type":"Feature","properties":{"id":3123,"klass":"9"},"geometry":{"type":"LineString","coordinates":[[13.175861530816105,61.16405175126219],[13.174208415902497,61.16423039263053]]}},{"type":"Feature","properties":{"id":3124,"klass":"9"},"geometry":{"type":"LineString","coordinates":[[13.253954248967528,61.16526261431494],[13.252749409494289,61.16523264573346],[13.252307558661427,61.1654136340632]]}},{"type":"Feature","properties":{"id":3125,"klass":"9"},"geometry":{"type":"LineString","coordinates":[[13.140954086545719,61.16304197568476],[13.14190302508985,61.16317200945752],[13.142850904606128,61.16350829738879],[13.145260026499853,61.165062102002366]]}},{"type":"Feature","properties":{"id":3126,"klass":"9"},"geometry":{"type":"LineString","coordinates":[[13.192585615957558,61.16468202243885],[13.193361320887352,61.164279294866205],[13.193296529504444,61.16381757266209]]}},{"type":"Feature","properties":{"id":3127,"klass":"9"},"geometry":{"type":"LineString","coordinates":[[13.261533684149416,61.164763842596074],[13.262210259505736,61.1662783507299],[13.262799645114194,61.166840127815384]]}},{"type":"Feature","properties":{"id":3128,"klass":"9"},"geometry":{"type":"LineString","coordinates":[[13.132438349448854,61.16060618730961],[13.131416982563188,61.16025070565096]]}},{"type":"Feature","properties":{"id":3129,"klass":"9"},"geometry":{"type":"LineString","coordinates":[[13.19325777732247,61.161228288119],[13.191791221182708,61.161994172676444]]}},{"type":"Feature","properties":{"id":3130,"klass":"9"},"geometry":{"type":"LineString","coordinates":[[13.26273919349121,61.16271330672379],[13.262026368731174,61.16236732877527]]}},{"type":"Feature","properties":{"id":3132,"klass":"9"},"geometry":{"type":"LineString","coordinates":[[13.132870694692796,61.15896617306988],[13.132438349448854,61.16060618730961]]}},{"type":"Feature","properties":{"id":3133,"klass":"9"},"geometry":{"type":"LineString","coordinates":[[13.157132282732016,61.159326598398735],[13.156894814175438,61.16047054620691]]}},{"type":"Feature","properties":{"id":3134,"klass":"9"},"geometry":{"type":"LineString","coordinates":[[13.198207830068577,61.16118393815424],[13.19701029715913,61.160677876541804],[13.196655759657798,61.160088362001474]]}},{"type":"Feature","properties":{"id":3135,"klass":"9"},"geometry":{"type":"LineString","coordinates":[[13.190322032997301,61.160422553548486],[13.189646129737675,61.15984670912173]]}},{"type":"Feature","properties":{"id":3136,"klass":"9"},"geometry":{"type":"LineString","coordinates":[[13.1928770918507,61.15920232866617],[13.192627171399534,61.159470315547175]]}},{"type":"Feature","properties":{"id":3137,"klass":"9"},"geometry":{"type":"LineString","coordinates":[[13.11546291073829,61.157648009076325],[13.11304527632467,61.15797181763831],[13.11202758123739,61.15777788318884]]}},{"type":"Feature","properties":{"id":3138,"klass":"9"},"geometry":{"type":"LineString","coordinates":[[13.194242040710623,61.159352518477796],[13.194847329050873,61.15916588710657]]}},{"type":"Feature","properties":{"id":3139,"klass":"9"},"geometry":{"type":"LineString","coordinates":[[13.115683550796573,61.15755861133739],[13.114635396020837,61.15749289715403],[13.114536195954031,61.156929267829234],[13.11721750881105,61.156306340812286]]}},{"type":"Feature","properties":{"id":3140,"klass":"9"},"geometry":{"type":"LineString","coordinates":[[13.191576128639543,61.15796577004429],[13.191567743070154,61.15778724164589]]}},{"type":"Feature","properties":{"id":3141,"klass":"9"},"geometry":{"type":"LineString","coordinates":[[13.156431144042951,61.15747581627969],[13.15655841602615,61.15626966181346]]}},{"type":"Feature","properties":{"id":3142,"klass":"9"},"geometry":{"type":"LineString","coordinates":[[13.120162998681069,61.15667705368519],[13.119482264660851,61.1558958125188],[13.11971624208677,61.15565935304206],[13.121616372103041,61.15549290764841],[13.122714861760805,61.155569504061724],[13.123286193162993,61.15577448271578]]}},{"type":"Feature","properties":{"id":3143,"klass":"9"},"geometry":{"type":"LineString","coordinates":[[13.167711510525661,61.1650179477875],[13.16190627483451,61.16565273001144]]}},{"type":"Feature","properties":{"id":3144,"klass":"9"},"geometry":{"type":"LineString","coordinates":[[13.186492588052545,61.16536663419867],[13.184149873966142,61.16601255024964]]}},{"type":"Feature","properties":{"id":3145,"klass":"9"},"geometry":{"type":"LineString","coordinates":[[13.16901208575516,61.16506176021897],[13.167711510525661,61.1650179477875]]}},{"type":"Feature","properties":{"id":3146,"klass":"9"},"geometry":{"type":"LineString","coordinates":[[13.175192821089809,61.16507247005129],[13.174322451839453,61.16561484285513],[13.174357975649622,61.16607802277538]]}},{"type":"Feature","properties":{"id":3147,"klass":"9"},"geometry":{"type":"LineString","coordinates":[[13.32365672665098,61.1663895304219],[13.324435619264484,61.16680724886543]]}},{"type":"Feature","properties":{"id":3148,"klass":"9"},"geometry":{"type":"LineString","coordinates":[[13.175861530816105,61.16405175126219],[13.17486579917463,61.1635802880922],[13.1739996108879,61.16358921470269]]}},{"type":"Feature","properties":{"id":3149,"klass":"9"},"geometry":{"type":"LineString","coordinates":[[13.180891662603415,61.16372364090541],[13.181281461687647,61.16359083696365]]}},{"type":"Feature","properties":{"id":3150,"klass":"9"},"geometry":{"type":"LineString","coordinates":[[13.181281461687647,61.16359083696365],[13.180838723405957,61.16332365586252],[13.180946921784978,61.16312180040016]]}},{"type":"Feature","properties":{"id":3151,"klass":"9"},"geometry":{"type":"LineString","coordinates":[[13.262025969639204,61.16385196998218],[13.262756994924354,61.164359747401846],[13.26302720414469,61.16406554063228]]}},{"type":"Feature","properties":{"id":3152,"klass":"9"},"geometry":{"type":"LineString","coordinates":[[13.32365672665098,61.1663895304219],[13.323993120461147,61.165636066274374],[13.325124795687039,61.16503845439836]]}},{"type":"Feature","properties":{"id":3153,"klass":"9"},"geometry":{"type":"LineString","coordinates":[[13.177540784605684,61.16242648458571],[13.176641912704081,61.162134638617864],[13.175786769682619,61.162107193950426],[13.174229407618771,61.16270308464339]]}},{"type":"Feature","properties":{"id":3154,"klass":"9"},"geometry":{"type":"LineString","coordinates":[[13.174069410304167,61.16277156396635],[13.172988182883065,61.16270176350863]]}},{"type":"Feature","properties":{"id":3155,"klass":"9"},"geometry":{"type":"LineString","coordinates":[[13.255161861573002,61.16197084805117],[13.254021775920952,61.16187905355414],[13.253526448370492,61.162198158235675],[13.252744257554609,61.16216324267416],[13.252531129080072,61.16204549434021],[13.252736618955145,61.16148204392259]]}},{"type":"Feature","properties":{"id":3156,"klass":"9"},"geometry":{"type":"LineString","coordinates":[[13.152559581655279,61.159462771712484],[13.152908213078666,61.16058486305151],[13.15278201624017,61.161067415199376]]}},{"type":"Feature","properties":{"id":3157,"klass":"9"},"geometry":{"type":"LineString","coordinates":[[13.151285568133956,61.159845918227596],[13.152559581655279,61.159462771712484]]}},{"type":"Feature","properties":{"id":3158,"klass":"9"},"geometry":{"type":"LineString","coordinates":[[13.19581886212963,61.15854420212504],[13.195612584507693,61.158683516866006],[13.195869196815915,61.158941891152566]]}},{"type":"Feature","properties":{"id":3159,"klass":"9"},"geometry":{"type":"LineString","coordinates":[[13.134542653477174,61.158382120516826],[13.134614121587342,61.15816521809497],[13.134144051262805,61.1577480716273],[13.134532162866117,61.15738695643749],[13.135161730324983,61.157307770571585]]}},{"type":"Feature","properties":{"id":3160,"klass":"9"},"geometry":{"type":"LineString","coordinates":[[13.266224789026023,61.1602771885563],[13.26633701943522,61.15991512922523],[13.265973422589951,61.159791433926436],[13.26429539966494,61.16037495422322]]}},{"type":"Feature","properties":{"id":3161,"klass":"9"},"geometry":{"type":"LineString","coordinates":[[13.260105621900674,61.16626069925768],[13.261533684149416,61.164763842596074]]}},{"type":"Feature","properties":{"id":3162,"klass":"9"},"geometry":{"type":"LineString","coordinates":[[13.186330075403117,61.164455824200346],[13.186615285523672,61.16359360549819]]}},{"type":"Feature","properties":{"id":3163,"klass":"9"},"geometry":{"type":"LineString","coordinates":[[13.195097091757646,61.16341247304113],[13.194929891962682,61.16351372070342],[13.195355957052588,61.16364892159393]]}},{"type":"Feature","properties":{"id":3164,"klass":"9"},"geometry":{"type":"LineString","coordinates":[[13.194929891962683,61.16351372070342],[13.194267544669836,61.16361219784067]]}},{"type":"Feature","properties":{"id":3165,"klass":"9"},"geometry":{"type":"LineString","coordinates":[[13.266844278433208,61.15750939395222],[13.266115780165885,61.15881545535255]]}},{"type":"Feature","properties":{"id":3166,"klass":"9"},"geometry":{"type":"LineString","coordinates":[[13.258029758972377,61.157021503987934],[13.257701889378422,61.15700807004814]]}},{"type":"Feature","properties":{"id":3167,"klass":"9"},"geometry":{"type":"LineString","coordinates":[[13.257701889378422,61.15700807004814],[13.257121366490576,61.15694919419166]]}},{"type":"Feature","properties":{"id":3168,"klass":"9"},"geometry":{"type":"LineString","coordinates":[[13.148720238235276,61.15464376078924],[13.14726656908915,61.154669925710735]]}},{"type":"Feature","properties":{"id":3169,"klass":"9"},"geometry":{"type":"LineString","coordinates":[[13.205731447484927,61.15804753217562],[13.206910295837476,61.15651515766064]]}},{"type":"Feature","properties":{"id":3170,"klass":"9"},"geometry":{"type":"LineString","coordinates":[[13.19049977170508,61.17066115193745],[13.189270081870049,61.17136573774213]]}},{"type":"Feature","properties":{"id":3171,"klass":"9"},"geometry":{"type":"LineString","coordinates":[[13.257292369407523,61.157587066573974],[13.257524011935956,61.15749965734646],[13.257829445145036,61.15765412874374]]}},{"type":"Feature","properties":{"id":3172,"klass":"9"},"geometry":{"type":"LineString","coordinates":[[13.252961296404266,61.16319876204595],[13.252113482588305,61.16307511852231]]}},{"type":"Feature","properties":{"id":3173,"klass":"9"},"geometry":{"type":"LineString","coordinates":[[13.251636863593616,61.176870544374324],[13.25150949676477,61.17696848679296],[13.250802342690191,61.17688141618916]]}},{"type":"Feature","properties":{"id":3174,"klass":"9"},"geometry":{"type":"LineString","coordinates":[[13.206174711490547,61.15562982773192],[13.205818171818441,61.1549648878615]]}},{"type":"Feature","properties":{"id":3175,"klass":"9"},"geometry":{"type":"LineString","coordinates":[[13.268798296058643,61.15639270036993],[13.267359086662838,61.15654755834369]]}},{"type":"Feature","properties":{"id":3177,"klass":"9"},"geometry":{"type":"LineString","coordinates":[[13.176314623151365,61.16685798305555],[13.176714940254836,61.16726308967289]]}},{"type":"Feature","properties":{"id":3178,"klass":"9"},"geometry":{"type":"LineString","coordinates":[[13.187894866591446,61.162328763019055],[13.187063814550685,61.162378842303966],[13.186721487553045,61.16274427231077]]}},{"type":"Feature","properties":{"id":3179,"klass":"9"},"geometry":{"type":"LineString","coordinates":[[13.200027248879481,61.15849105881282],[13.200320759799885,61.1589587823348]]}},{"type":"Feature","properties":{"id":3180,"klass":"9"},"geometry":{"type":"LineString","coordinates":[[13.258072636433678,61.15882392932265],[13.257160907543902,61.15872288650664]]}},{"type":"Feature","properties":{"id":3181,"klass":"9"},"geometry":{"type":"LineString","coordinates":[[13.222367465970814,61.19709051444273],[13.222032116049263,61.197277880102995],[13.221177672569706,61.196954689299936]]}},{"type":"Feature","properties":{"id":3182,"klass":"9"},"geometry":{"type":"LineString","coordinates":[[13.022094717392026,61.19799395884742],[13.02262686500413,61.19821652437378]]}},{"type":"Feature","properties":{"id":3184,"klass":"9"},"geometry":{"type":"LineString","coordinates":[[13.25351977449745,61.17400518420252],[13.253193928635133,61.17388042518851]]}},{"type":"Feature","properties":{"id":3185,"klass":"9"},"geometry":{"type":"LineString","coordinates":[[13.253092037541991,61.16138097389765],[13.253409305489448,61.16107056462944]]}},{"type":"Feature","properties":{"id":3186,"klass":"9"},"geometry":{"type":"LineString","coordinates":[[13.055050432572482,61.18191480070591],[13.056161777851548,61.18194784969742]]}},{"type":"Feature","properties":{"id":3188,"klass":"9"},"geometry":{"type":"LineString","coordinates":[[13.195241124134627,61.1707017523592],[13.194512931291843,61.17153747035311],[13.193169260135283,61.17207399062038]]}},{"type":"Feature","properties":{"id":3189,"klass":"9"},"geometry":{"type":"LineString","coordinates":[[13.201180288050594,61.1581947361645],[13.200305319160773,61.15841643271844]]}},{"type":"Feature","properties":{"id":3197,"klass":"9"},"geometry":{"type":"LineString","coordinates":[[12.954563485178737,61.175002352279336],[12.951622463059522,61.17515562097608]]}},{"type":"Feature","properties":{"id":3200,"klass":"9"},"geometry":{"type":"LineString","coordinates":[[12.9513514235986,61.1763714187577],[12.949758936614526,61.17601512179502],[12.949332833444522,61.17558874608469],[12.949918785895237,61.17526920383855],[12.951622463059522,61.17515562097608]]}},{"type":"Feature","properties":{"id":3201,"klass":"9"},"geometry":{"type":"LineString","coordinates":[[12.95248765536918,61.176593881048746],[12.952797833103885,61.17641312865995],[12.954724973243081,61.176258969483506]]}},{"type":"Feature","properties":{"id":3204,"klass":"9"},"geometry":{"type":"LineString","coordinates":[[13.149225613723878,61.157707938181844],[13.14863613499886,61.15743372015088],[13.147876379480937,61.15778216437897]]}},{"type":"Feature","properties":{"id":3205,"klass":"9"},"geometry":{"type":"LineString","coordinates":[[13.255988721653956,61.162230930826844],[13.255092483188012,61.1620937866997]]}},{"type":"Feature","properties":{"id":3209,"klass":"9"},"geometry":{"type":"LineString","coordinates":[[13.262374236576896,61.16056792217047],[13.26295714640642,61.15991815677709]]}},{"type":"Feature","properties":{"id":3210,"klass":"9"},"geometry":{"type":"LineString","coordinates":[[13.201180288050594,61.1581947361645],[13.201917567615817,61.15794182203475]]}},{"type":"Feature","properties":{"id":3211,"klass":"9"},"geometry":{"type":"LineString","coordinates":[[13.243063934021926,61.15774335264828],[13.243442501570152,61.15788461820402],[13.243763420118318,61.157727610894376],[13.243063934021926,61.15774335264828]]}},{"type":"Feature","properties":{"id":3213,"klass":"9"},"geometry":{"type":"LineString","coordinates":[[13.19049977170508,61.17066115193745],[13.189564133095196,61.170456729111216],[13.188148283922366,61.170388791294315],[13.18597174648333,61.170517090516825]]}},{"type":"Feature","properties":{"id":3214,"klass":"9"},"geometry":{"type":"LineString","coordinates":[[13.253007485725147,61.162973998142874],[13.252297676728524,61.1628743082868],[13.251877264496029,61.1626147384124]]}},{"type":"Feature","properties":{"id":3215,"klass":"9"},"geometry":{"type":"LineString","coordinates":[[13.25447242269752,61.171636627916016],[13.255328499801964,61.17177319314446],[13.255780928529688,61.171406392888564]]}},{"type":"Feature","properties":{"id":3216,"klass":"9"},"geometry":{"type":"LineString","coordinates":[[13.20435873887772,61.15496201809895],[13.20402284647372,61.15507079928343],[13.204250666276767,61.1553848827068]]}},{"type":"Feature","properties":{"id":3218,"klass":"9"},"geometry":{"type":"LineString","coordinates":[[13.205818171818441,61.1549648878615],[13.205834267441386,61.15456164547966]]}},{"type":"Feature","properties":{"id":3219,"klass":"9"},"geometry":{"type":"LineString","coordinates":[[13.211561439733218,61.15669148596294],[13.21414998669043,61.156397422112356]]}},{"type":"Feature","properties":{"id":3221,"klass":"9"},"geometry":{"type":"LineString","coordinates":[[13.200463870896783,61.160137836499274],[13.20136461101233,61.16010516999764]]}},{"type":"Feature","properties":{"id":3222,"klass":"9"},"geometry":{"type":"LineString","coordinates":[[13.191843042369236,61.16045825636449],[13.191415184494629,61.161093645670014]]}},{"type":"Feature","properties":{"id":3230,"klass":"9"},"geometry":{"type":"LineString","coordinates":[[12.95200318134828,61.176200210397646],[12.9513514235986,61.1763714187577]]}},{"type":"Feature","properties":{"id":3232,"klass":"9"},"geometry":{"type":"LineString","coordinates":[[12.983902070125339,61.17700830630168],[12.970846395163605,61.1769432921973]]}},{"type":"Feature","properties":{"id":3233,"klass":"9"},"geometry":{"type":"LineString","coordinates":[[12.96400157305939,61.19050842603518],[12.963504371764625,61.19080165035051],[12.962546691956288,61.19068137190518],[12.961292795611316,61.19081303537424]]}},{"type":"Feature","properties":{"id":3234,"klass":"9"},"geometry":{"type":"LineString","coordinates":[[13.152739777544156,61.173689898167794],[13.153142326321452,61.173906639810035],[13.154074617962136,61.17369133935804],[13.15377494944407,61.174131376211015],[13.153970086534764,61.17431983682549],[13.15539098195104,61.174183739549406]]}},{"type":"Feature","properties":{"id":3235,"klass":"9"},"geometry":{"type":"LineString","coordinates":[[13.175253017937065,61.17111029091743],[13.17576563896192,61.170619548814855]]}},{"type":"Feature","properties":{"id":3237,"klass":"9"},"geometry":{"type":"LineString","coordinates":[[13.195477879606123,61.15979452263143],[13.195952793650305,61.15927140677337],[13.195869196815915,61.158941891152566]]}},{"type":"Feature","properties":{"id":3238,"klass":"9"},"geometry":{"type":"LineString","coordinates":[[13.194959764086422,61.161783201381745],[13.194060302039944,61.16148463070744]]}},{"type":"Feature","properties":{"id":3244,"klass":"9"},"geometry":{"type":"LineString","coordinates":[[12.937465525241686,61.18378151945772],[12.939263899977247,61.18434252134574],[12.939509227731097,61.18469829200563]]}},{"type":"Feature","properties":{"id":3245,"klass":"9"},"geometry":{"type":"LineString","coordinates":[[12.954503430662983,61.17776282257648],[12.953332051274668,61.17764039479177]]}},{"type":"Feature","properties":{"id":3248,"klass":"9"},"geometry":{"type":"LineString","coordinates":[[12.9578447493332,61.18183306182528],[12.957352752432383,61.18191463010775]]}},{"type":"Feature","properties":{"id":3251,"klass":"9"},"geometry":{"type":"LineString","coordinates":[[13.006222189319631,61.16943894819168],[13.00724354411851,61.16894911772768]]}},{"type":"Feature","properties":{"id":3253,"klass":"9"},"geometry":{"type":"LineString","coordinates":[[12.955976565667694,61.17806465112973],[12.954503430662983,61.17776282257648]]}},{"type":"Feature","properties":{"id":3270,"klass":"9"},"geometry":{"type":"LineString","coordinates":[[12.990481174735747,61.18585590356716],[12.989855297662082,61.185466347626225],[12.98979591796072,61.18511440480286]]}},{"type":"Feature","properties":{"id":3271,"klass":"9"},"geometry":{"type":"LineString","coordinates":[[12.94986217600407,61.175897438921545],[12.951951381791092,61.17593567139229]]}},{"type":"Feature","properties":{"id":3272,"klass":"9"},"geometry":{"type":"LineString","coordinates":[[12.960868227797299,61.17791898223556],[12.962134532659043,61.17814233340758]]}},{"type":"Feature","properties":{"id":3275,"klass":"9"},"geometry":{"type":"LineString","coordinates":[[12.957352752432383,61.18191463010775],[12.957847067824968,61.181615844285346]]}},{"type":"Feature","properties":{"id":3280,"klass":"9"},"geometry":{"type":"LineString","coordinates":[[12.913084930363967,61.17826624253431],[12.91367308457269,61.17792206372912],[12.914205328793456,61.17796496700282],[12.914694833136693,61.17842534928159],[12.915677764689406,61.178771645639955],[12.91515806295817,61.17914629049601]]}},{"type":"Feature","properties":{"id":3281,"klass":"9"},"geometry":{"type":"LineString","coordinates":[[12.91199303546749,61.17834242129394],[12.913084930363967,61.17826624253431]]}},{"type":"Feature","properties":{"id":3283,"klass":"9"},"geometry":{"type":"LineString","coordinates":[[12.954503430662983,61.17776282257648],[12.955048735333069,61.1775764211313]]}},{"type":"Feature","properties":{"id":3284,"klass":"9"},"geometry":{"type":"LineString","coordinates":[[13.000546009838871,61.17596545630623],[13.000840643904128,61.17637977168677]]}},{"type":"Feature","properties":{"id":3285,"klass":"9"},"geometry":{"type":"LineString","coordinates":[[13.005912360382935,61.17313972933862],[13.005147332724592,61.17377849075143]]}},{"type":"Feature","properties":{"id":3294,"klass":"9"},"geometry":{"type":"LineString","coordinates":[[12.953809625737396,61.176948122392204],[12.95248765536918,61.176593881048746]]}},{"type":"Feature","properties":{"id":3295,"klass":"9"},"geometry":{"type":"LineString","coordinates":[[12.958466573343928,61.17766779801578],[12.957798517135839,61.177704071762314]]}},{"type":"Feature","properties":{"id":3296,"klass":"9"},"geometry":{"type":"LineString","coordinates":[[12.949275798357629,61.18965281819706],[12.94610556058649,61.19088493191893]]}},{"type":"Feature","properties":{"id":3298,"klass":"9"},"geometry":{"type":"LineString","coordinates":[[12.953595524708655,61.19045589573522],[12.952883056453011,61.19002045606723],[12.953139971416878,61.18975012223587],[12.956682176479992,61.18997468997934]]}},{"type":"Feature","properties":{"id":3308,"klass":"9"},"geometry":{"type":"LineString","coordinates":[[12.95526456917668,61.17591507590393],[12.95200318134828,61.176200210397646]]}},{"type":"Feature","properties":{"id":3309,"klass":"9"},"geometry":{"type":"LineString","coordinates":[[12.956076101868565,61.17710660816817],[12.95585712981275,61.177423177594335],[12.955048735333069,61.1775764211313]]}},{"type":"Feature","properties":{"id":3310,"klass":"9"},"geometry":{"type":"LineString","coordinates":[[12.956554270673914,61.17823759361269],[12.958261617820652,61.17800693547147],[12.958863452401525,61.17778534972043]]}},{"type":"Feature","properties":{"id":3311,"klass":"9"},"geometry":{"type":"LineString","coordinates":[[12.957798517135839,61.177704071762314],[12.957904935283354,61.177561599294755],[12.958629018445752,61.17746824423618]]}},{"type":"Feature","properties":{"id":3312,"klass":"9"},"geometry":{"type":"LineString","coordinates":[[12.955048735333069,61.1775764211313],[12.956299942867222,61.177793133305975],[12.957798517135835,61.177704071762314]]}},{"type":"Feature","properties":{"id":3313,"klass":"9"},"geometry":{"type":"LineString","coordinates":[[12.956013297903354,61.19062870143565],[12.955435179292738,61.19116123294288],[12.953565624560436,61.1914632421562]]}},{"type":"Feature","properties":{"id":3320,"klass":"9"},"geometry":{"type":"LineString","coordinates":[[13.199241308831462,61.164140224524104],[13.200005045578267,61.1631566769896]]}},{"type":"Feature","properties":{"id":3324,"klass":"9"},"geometry":{"type":"LineString","coordinates":[[13.183463560774863,61.163233465920584],[13.182595683396837,61.16365677569919]]}},{"type":"Feature","properties":{"id":3325,"klass":"9"},"geometry":{"type":"LineString","coordinates":[[12.965053230473748,61.17850054195237],[12.964753599607487,61.17829901244951]]}},{"type":"Feature","properties":{"id":3326,"klass":"9"},"geometry":{"type":"LineString","coordinates":[[12.964753599607487,61.17829901244951],[12.963831319637668,61.178162259603994]]}},{"type":"Feature","properties":{"id":3327,"klass":"9"},"geometry":{"type":"LineString","coordinates":[[12.962134532659043,61.17814233340758],[12.963831319637668,61.178162259603994]]}},{"type":"Feature","properties":{"id":3328,"klass":"9"},"geometry":{"type":"LineString","coordinates":[[12.966727242616816,61.177849075503154],[12.96710454894734,61.177970640719394],[12.968402673693221,61.17767921535862],[12.968659046581424,61.17789828452051]]}},{"type":"Feature","properties":{"id":3329,"klass":"9"},"geometry":{"type":"LineString","coordinates":[[12.967588050377442,61.17720073784565],[12.967545948199378,61.17754553310637],[12.966727242616816,61.177849075503154]]}},{"type":"Feature","properties":{"id":3330,"klass":"9"},"geometry":{"type":"LineString","coordinates":[[12.962173107277629,61.17659509187798],[12.96262449859017,61.17761808042524],[12.963147340708355,61.17755880566745],[12.963563839930327,61.17786133023199],[12.963327715312689,61.17816802983288]]}},{"type":"Feature","properties":{"id":3331,"klass":"9"},"geometry":{"type":"LineString","coordinates":[[12.966727242616816,61.177849075503154],[12.965786041450027,61.17789398676768],[12.964753599607487,61.17829901244951]]}},{"type":"Feature","properties":{"id":3334,"klass":"9"},"geometry":{"type":"LineString","coordinates":[[13.254028125773566,61.173525245641166],[13.255100603679706,61.17372986834265],[13.257199206694025,61.17365329842864],[13.257990741761109,61.17378662668473]]}},{"type":"Feature","properties":{"id":3352,"klass":"9"},"geometry":{"type":"LineString","coordinates":[[13.202817339183397,61.16125238977717],[13.201423809891613,61.16202972716779],[13.199549890053156,61.1621142795582]]}},{"type":"Feature","properties":{"id":3355,"klass":"9"},"geometry":{"type":"LineString","coordinates":[[12.95248765536918,61.176593881048746],[12.9513514235986,61.1763714187577]]}},{"type":"Feature","properties":{"id":3356,"klass":"9"},"geometry":{"type":"LineString","coordinates":[[12.955048735333069,61.1775764211313],[12.953809625737396,61.176948122392204]]}},{"type":"Feature","properties":{"id":3357,"klass":"9"},"geometry":{"type":"LineString","coordinates":[[12.951828216473311,61.17707703277683],[12.95078242402067,61.177178925353424]]}},{"type":"Feature","properties":{"id":3358,"klass":"9"},"geometry":{"type":"LineString","coordinates":[[12.951828216473311,61.17707703277683],[12.953168559359401,61.17697313786393]]}},{"type":"Feature","properties":{"id":3359,"klass":"9"},"geometry":{"type":"LineString","coordinates":[[12.952311882653955,61.17655953053631],[12.951828216473311,61.17707703277683]]}},{"type":"Feature","properties":{"id":3360,"klass":"9"},"geometry":{"type":"LineString","coordinates":[[12.950654608118152,61.17792918839558],[12.950128439449646,61.17797330407796],[12.950513209378045,61.177587493131654],[12.954289553095812,61.17719070972007]]}}]}